timestamp,open,high,low,close,volume
2023-07-17 08:00:00,0.5443,0.5443,0.474,0.4782,11378012.25
2023-07-17 12:00:00,0.4782,0.4901,0.4671,0.487,5529085.98
2023-07-17 16:00:00,0.487,0.4985,0.4863,0.4945,6841903.42
2023-07-17 20:00:00,0.4945,0.51,0.4941,0.5099,5350727.87
2023-07-18 00:00:00,0.5099,0.518,0.5088,0.5167,3795504.51
2023-07-18 04:00:00,0.5167,0.5205,0.5082,0.5127,6451220.04
2023-07-18 08:00:00,0.5127,0.52,0.5126,0.5176,5383156.34
2023-07-18 12:00:00,0.5176,0.5177,0.5058,0.5058,6545666.69
2023-07-18 16:00:00,0.5058,0.5273,0.5058,0.5262,4821554.31
2023-07-18 20:00:00,0.5262,0.5398,0.5262,0.5393,2744960.24
2023-07-19 00:00:00,0.5393,0.548,0.5382,0.5424,4491527.46
2023-07-19 04:00:00,0.5424,0.5564,0.5423,0.5525,4098450.5
2023-07-19 08:00:00,0.5525,0.5809,0.5514,0.5808,5235377.86
2023-07-19 12:00:00,0.5808,0.6,0.5765,0.5833,7997004.99
2023-07-19 16:00:00,0.5833,0.59,0.5826,0.5868,4278113.62
2023-07-19 20:00:00,0.5868,0.5868,0.5766,0.5766,3531402.81
2023-07-20 00:00:00,0.5766,0.5798,0.57,0.5748,2995728.15
2023-07-20 04:00:00,0.5748,0.5763,0.5645,0.5738,4017151.3
2023-07-20 08:00:00,0.5738,0.5748,0.57,0.5747,4783959.88
2023-07-20 12:00:00,0.5747,0.5843,0.5745,0.5838,6003272.85
2023-07-20 16:00:00,0.5838,0.6,0.5825,0.5999,5062033.06
2023-07-20 20:00:00,0.5999,0.6,0.5963,0.597,2799034.76
2023-07-21 00:00:00,0.597,0.597,0.5924,0.5958,3627585.24
2023-07-21 04:00:00,0.5958,0.5984,0.5945,0.5952,3959711.99
2023-07-21 08:00:00,0.5952,0.5953,0.5826,0.5842,4774448.05
2023-07-21 12:00:00,0.5842,0.5903,0.5842,0.5871,4059107.41
2023-07-21 16:00:00,0.5871,0.5923,0.587,0.5904,3306046.23
2023-07-21 20:00:00,0.5904,0.5911,0.5886,0.5894,1758815.14
2023-07-22 00:00:00,0.5894,0.5895,0.5872,0.5874,1620930.0
2023-07-22 04:00:00,0.5874,0.5874,0.5832,0.5832,1356838.1
2023-07-22 08:00:00,0.5832,0.5849,0.5801,0.5819,2252384.28
2023-07-22 12:00:00,0.5819,0.5843,0.5802,0.5815,1646977.63
2023-07-22 16:00:00,0.5815,0.5818,0.575,0.576,1892198.88
2023-07-22 20:00:00,0.576,0.5761,0.5735,0.5736,1297156.5
2023-07-23 00:00:00,0.5736,0.5737,0.57,0.5731,1895097.7
2023-07-23 04:00:00,0.5731,0.5744,0.5718,0.5732,1739594.63
2023-07-23 08:00:00,0.5732,0.5733,0.5725,0.5726,1422784.95
2023-07-23 12:00:00,0.5726,0.5726,0.5695,0.5718,1564158.96
2023-07-23 16:00:00,0.5718,0.5828,0.5717,0.5816,3606660.9
2023-07-23 20:00:00,0.5816,0.5818,0.5797,0.5803,1742529.57
2023-07-24 00:00:00,0.5803,0.5813,0.5772,0.5802,1651530.65
2023-07-24 04:00:00,0.5802,0.5802,0.5712,0.573,2265484.88
2023-07-24 08:00:00,0.573,0.5735,0.561,0.5665,5273282.86
2023-07-24 12:00:00,0.5665,0.5674,0.5555,0.5564,6933566.34
2023-07-24 16:00:00,0.5564,0.5614,0.5563,0.5581,4391671.43
2023-07-24 20:00:00,0.5581,0.5582,0.5568,0.5571,3048775.66
2023-07-25 00:00:00,0.5571,0.5588,0.557,0.5577,2327265.97
2023-07-25 04:00:00,0.5577,0.558,0.5465,0.5474,3388197.0
2023-07-25 08:00:00,0.5474,0.5481,0.5443,0.5457,3602950.49
2023-07-25 12:00:00,0.5457,0.55,0.5447,0.5448,6100206.87
2023-07-25 16:00:00,0.5448,0.5451,0.5406,0.5413,3963006.53
2023-07-25 20:00:00,0.5413,0.5434,0.5387,0.5398,3575153.11
2023-07-26 00:00:00,0.5398,0.5401,0.5339,0.5341,3928148.03
2023-07-26 04:00:00,0.5341,0.5341,0.5279,0.5288,3003448.14
2023-07-26 08:00:00,0.5288,0.5293,0.5213,0.5291,2767729.3
2023-07-26 12:00:00,0.5291,0.5338,0.529,0.5338,3736258.72
2023-07-26 16:00:00,0.5338,0.5373,0.5297,0.5335,4011118.9
2023-07-26 20:00:00,0.5335,0.5383,0.5334,0.5353,3736771.98
2023-07-27 00:00:00,0.5353,0.5361,0.5327,0.5329,2447870.93
2023-07-27 04:00:00,0.5329,0.5347,0.5327,0.5327,2381491.12
2023-07-27 08:00:00,0.5327,0.5332,0.5261,0.5292,3161705.34
2023-07-27 12:00:00,0.5292,0.5298,0.5281,0.5286,2249918.26
2023-07-27 16:00:00,0.5286,0.5289,0.5273,0.5273,1937867.9
2023-07-27 20:00:00,0.5273,0.5274,0.5219,0.5226,2470021.6
2023-07-28 00:00:00,0.5226,0.5233,0.5171,0.5183,3565828.69
2023-07-28 04:00:00,0.5183,0.5218,0.5147,0.5178,4527127.59
2023-07-28 08:00:00,0.5178,0.5208,0.5136,0.5169,5689799.22
2023-07-28 12:00:00,0.5169,0.5213,0.5165,0.5206,5143211.65
2023-07-28 16:00:00,0.5206,0.5206,0.5183,0.5196,1739340.98
2023-07-28 20:00:00,0.5196,0.5208,0.5195,0.5207,1745587.76
2023-07-29 00:00:00,0.5207,0.5217,0.5206,0.5208,1191096.68
2023-07-29 04:00:00,0.5208,0.5213,0.5183,0.5195,1657603.72
2023-07-29 08:00:00,0.5195,0.5196,0.5189,0.5194,1497186.17
2023-07-29 12:00:00,0.5194,0.5203,0.5194,0.5198,1422595.8
2023-07-29 16:00:00,0.5198,0.521,0.5183,0.5202,1785124.3
2023-07-29 20:00:00,0.5202,0.5218,0.5201,0.5218,1544906.79
2023-07-30 00:00:00,0.5218,0.5218,0.5213,0.5216,1301740.06
2023-07-30 04:00:00,0.5216,0.5223,0.5207,0.5215,2276879.04
2023-07-30 08:00:00,0.5215,0.5228,0.5214,0.5219,1612123.33
2023-07-30 12:00:00,0.5219,0.5223,0.517,0.5196,3164646.99
2023-07-30 16:00:00,0.5196,0.5203,0.5188,0.5189,2003168.47
2023-07-30 20:00:00,0.5189,0.5198,0.5171,0.5192,3419586.42
2023-07-31 00:00:00,0.5192,0.521,0.5177,0.5192,3450189.17
2023-07-31 04:00:00,0.5192,0.5195,0.5159,0.5177,3548102.62
2023-07-31 08:00:00,0.5177,0.52,0.5171,0.5178,3875010.59
2023-07-31 12:00:00,0.5178,0.5183,0.5165,0.5179,4841009.97
2023-07-31 16:00:00,0.5179,0.5191,0.5177,0.5177,3262170.04
2023-07-31 20:00:00,0.5177,0.5188,0.5177,0.5185,2406990.2
2023-08-01 00:00:00,0.5185,0.5193,0.5129,0.516,4697473.51
2023-08-01 04:00:00,0.516,0.5178,0.5153,0.5176,3470598.97
2023-08-01 08:00:00,0.5176,0.5176,0.516,0.5163,1951581.72
2023-08-01 12:00:00,0.5163,0.5175,0.5147,0.5172,3679149.36
2023-08-01 16:00:00,0.5172,0.5197,0.5161,0.5187,5508272.48
2023-08-01 20:00:00,0.5187,0.5225,0.5176,0.5225,3370555.43
2023-08-02 00:00:00,0.5225,0.5232,0.5189,0.5209,6840854.92
2023-08-02 04:00:00,0.5209,0.5228,0.5208,0.5223,4129049.46
2023-08-02 08:00:00,0.5223,0.5253,0.5214,0.5232,3672394.44
2023-08-02 12:00:00,0.5232,0.5236,0.5189,0.5207,5141599.22
2023-08-02 16:00:00,0.5207,0.5212,0.5171,0.5196,5097571.09
2023-08-02 20:00:00,0.5196,0.5207,0.5195,0.5195,2340968.83
2023-08-03 00:00:00,0.5195,0.52,0.5165,0.518,3988243.47
2023-08-03 04:00:00,0.518,0.5188,0.5169,0.5181,2585672.19
2023-08-03 08:00:00,0.5181,0.5183,0.5161,0.5165,3759951.34
2023-08-03 12:00:00,0.5165,0.5188,0.5154,0.5167,4111904.39
2023-08-03 16:00:00,0.5167,0.5178,0.5153,0.5171,3744329.87
2023-08-03 20:00:00,0.5171,0.5176,0.516,0.5168,1415603.65
2023-08-04 00:00:00,0.5168,0.5176,0.5141,0.5148,2517272.94
2023-08-04 04:00:00,0.5148,0.5156,0.514,0.5145,3166658.36
2023-08-04 08:00:00,0.5145,0.5155,0.513,0.5137,2672047.58
2023-08-04 12:00:00,0.5137,0.5151,0.5135,0.5144,3352081.51
2023-08-04 16:00:00,0.5144,0.5146,0.5123,0.5143,3949175.19
2023-08-04 20:00:00,0.5143,0.5148,0.5128,0.5138,2627843.45
2023-08-05 00:00:00,0.5138,0.5144,0.51,0.5121,2244434.52
2023-08-05 04:00:00,0.5121,0.5129,0.511,0.5112,1933692.07
2023-08-05 08:00:00,0.5112,0.5122,0.5104,0.5112,2821722.88
2023-08-05 12:00:00,0.5112,0.5123,0.5111,0.5113,1885801.69
2023-08-05 16:00:00,0.5113,0.512,0.5108,0.5112,1981802.46
2023-08-05 20:00:00,0.5112,0.5129,0.5111,0.5123,1216768.57
2023-08-06 00:00:00,0.5123,0.5125,0.5105,0.5108,1489339.64
2023-08-06 04:00:00,0.5108,0.5119,0.51,0.5115,2063923.06
2023-08-06 08:00:00,0.5115,0.5119,0.5087,0.5087,2943547.87
2023-08-06 12:00:00,0.5087,0.5092,0.5078,0.508,2207803.32
2023-08-06 16:00:00,0.508,0.5093,0.508,0.5089,1589536.68
2023-08-06 20:00:00,0.5089,0.5108,0.5078,0.5089,3006250.77
2023-08-07 00:00:00,0.5089,0.5103,0.5084,0.5095,2935716.85
2023-08-07 04:00:00,0.5095,0.5105,0.5092,0.5092,1345721.17
2023-08-07 08:00:00,0.5092,0.51,0.5086,0.5096,1355763.74
2023-08-07 12:00:00,0.5096,0.5099,0.5078,0.5084,2813254.62
2023-08-07 16:00:00,0.5084,0.5094,0.5069,0.5091,6909940.79
2023-08-07 20:00:00,0.5091,0.5096,0.5081,0.5092,2804231.02
2023-08-08 00:00:00,0.5092,0.5095,0.505,0.5053,4964435.25
2023-08-08 04:00:00,0.5053,0.5058,0.5039,0.505,3167095.21
2023-08-08 08:00:00,0.505,0.5071,0.5041,0.5068,3630503.96
2023-08-08 12:00:00,0.5068,0.5088,0.5058,0.5087,10524777.31
2023-08-08 16:00:00,0.5087,0.5101,0.5075,0.5094,7479583.09
2023-08-08 20:00:00,0.5094,0.5109,0.4493,0.4662,23670724.77
2023-08-09 00:00:00,0.4662,0.4731,0.4649,0.4729,4532048.66
2023-08-09 04:00:00,0.4729,0.4742,0.4685,0.4696,5676183.18
2023-08-09 08:00:00,0.4696,0.47,0.4673,0.4683,3876349.46
2023-08-09 12:00:00,0.4683,0.4697,0.4663,0.4664,5402377.49
2023-08-09 16:00:00,0.4664,0.4664,0.4653,0.4655,2804317.36
2023-08-09 20:00:00,0.4655,0.4664,0.4645,0.4654,2762923.56
2023-08-10 00:00:00,0.4654,0.4658,0.464,0.4641,3141894.36
2023-08-10 04:00:00,0.4641,0.4649,0.4633,0.4639,3452157.47
2023-08-10 08:00:00,0.4639,0.4649,0.4606,0.4641,3768169.51
2023-08-10 12:00:00,0.4641,0.4653,0.4635,0.464,5740066.85
2023-08-10 16:00:00,0.464,0.465,0.4633,0.4633,2969750.15
2023-08-10 20:00:00,0.4633,0.4641,0.463,0.4631,1041769.47
2023-08-11 00:00:00,0.4631,0.4637,0.4628,0.4634,1188189.3
2023-08-11 04:00:00,0.4634,0.4635,0.4623,0.4627,1751509.04
2023-08-11 08:00:00,0.4627,0.4642,0.4626,0.4642,1509637.26
2023-08-11 12:00:00,0.4642,0.4645,0.4638,0.4638,1410072.68
2023-08-11 16:00:00,0.4638,0.4642,0.463,0.4634,1529983.15
2023-08-11 20:00:00,0.4634,0.4636,0.4633,0.4636,629509.83
2023-08-12 00:00:00,0.4636,0.4637,0.4628,0.4628,914421.89
2023-08-12 04:00:00,0.4628,0.4629,0.4628,0.4629,657165.96
2023-08-12 08:00:00,0.4629,0.463,0.4628,0.463,819277.61
2023-08-12 12:00:00,0.463,0.4634,0.4629,0.4633,834096.6
2023-08-12 16:00:00,0.4633,0.4638,0.4633,0.4637,1302438.08
2023-08-12 20:00:00,0.4637,0.4641,0.463,0.4631,1093813.17
2023-08-13 00:00:00,0.4631,0.4635,0.4628,0.4629,864359.01
2023-08-13 04:00:00,0.4629,0.4637,0.4628,0.4628,855618.13
2023-08-13 08:00:00,0.4628,0.4629,0.4628,0.4629,832177.41
2023-08-13 12:00:00,0.4629,0.4629,0.4618,0.4622,1251523.22
2023-08-13 16:00:00,0.4622,0.4626,0.4613,0.4626,1698852.34
2023-08-13 20:00:00,0.4626,0.4626,0.4615,0.4617,1346230.48
2023-08-14 00:00:00,0.4617,0.4618,0.4596,0.4601,2501126.33
2023-08-14 04:00:00,0.4601,0.4603,0.4601,0.4602,863913.3
2023-08-14 08:00:00,0.4602,0.4607,0.4598,0.4598,1418031.12
2023-08-14 12:00:00,0.4598,0.4606,0.4593,0.4602,2155929.91
2023-08-14 16:00:00,0.4602,0.4603,0.4591,0.4594,3568638.37
2023-08-14 20:00:00,0.4594,0.4598,0.4593,0.4597,550574.88
2023-08-15 00:00:00,0.4597,0.4598,0.4597,0.4597,460837.43
2023-08-15 04:00:00,0.4597,0.4598,0.4587,0.4588,1676096.89
2023-08-15 08:00:00,0.4588,0.4589,0.4575,0.4576,1920228.58
2023-08-15 12:00:00,0.4576,0.4586,0.4572,0.4574,3327115.48
2023-08-15 16:00:00,0.4574,0.4574,0.455,0.4558,3377416.21
2023-08-15 20:00:00,0.4558,0.4565,0.4556,0.456,3929110.5
2023-08-16 00:00:00,0.456,0.457,0.4552,0.4568,3514070.21
2023-08-16 04:00:00,0.4568,0.4571,0.4548,0.4551,3022818.82
2023-08-16 08:00:00,0.4551,0.4552,0.4539,0.454,2779215.35
2023-08-16 12:00:00,0.454,0.4542,0.453,0.453,4869685.58
2023-08-16 16:00:00,0.453,0.4538,0.4509,0.4524,5191280.14
2023-08-16 20:00:00,0.4524,0.4526,0.4493,0.4502,5928604.71
2023-08-17 00:00:00,0.4502,0.4502,0.4478,0.4482,4214381.25
2023-08-17 04:00:00,0.4482,0.4483,0.4463,0.4466,2793757.62
2023-08-17 08:00:00,0.4466,0.4473,0.4463,0.4464,2507286.67
2023-08-17 12:00:00,0.4464,0.4465,0.4425,0.4434,5894683.24
2023-08-17 16:00:00,0.4434,0.4434,0.4408,0.441,4098463.64
2023-08-17 20:00:00,0.441,0.441,0.428,0.4304,19306026.76
2023-08-18 00:00:00,0.4304,0.432,0.4303,0.4307,3373138.2
2023-08-18 04:00:00,0.4307,0.431,0.4288,0.4305,5344776.3
2023-08-18 08:00:00,0.4305,0.431,0.4296,0.43,4614259.1
2023-08-18 12:00:00,0.43,0.43,0.4285,0.4292,6160075.2
2023-08-18 16:00:00,0.4292,0.4297,0.4266,0.4271,7678853.89
2023-08-18 20:00:00,0.4271,0.4278,0.4268,0.4269,2569023.08
2023-08-19 00:00:00,0.4269,0.4278,0.4268,0.4268,1437698.08
2023-08-19 04:00:00,0.4268,0.4279,0.4265,0.427,3093439.75
2023-08-19 08:00:00,0.427,0.4275,0.4261,0.4267,1837290.82
2023-08-19 12:00:00,0.4267,0.4279,0.4263,0.4273,4268584.24
2023-08-19 16:00:00,0.4273,0.429,0.4265,0.4271,3714336.15
2023-08-19 20:00:00,0.4271,0.4275,0.4265,0.4269,1114557.7
2023-08-20 00:00:00,0.4269,0.4272,0.4258,0.4265,2527040.06
2023-08-20 04:00:00,0.4265,0.4267,0.4258,0.426,1649973.28
2023-08-20 08:00:00,0.426,0.4268,0.4259,0.4262,1894970.22
2023-08-20 12:00:00,0.4262,0.4263,0.4249,0.426,2729529.0
2023-08-20 16:00:00,0.426,0.4265,0.4259,0.4259,1327486.01
2023-08-20 20:00:00,0.4259,0.4274,0.4258,0.4263,3226585.4
2023-08-21 00:00:00,0.4263,0.4268,0.4258,0.4265,1278075.49
2023-08-21 04:00:00,0.4265,0.4267,0.4255,0.4255,3937622.57
2023-08-21 08:00:00,0.4255,0.4256,0.4248,0.4252,3060407.74
2023-08-21 12:00:00,0.4252,0.4266,0.4237,0.4243,6317045.61
2023-08-21 16:00:00,0.4243,0.4246,0.4238,0.4245,2213330.15
2023-08-21 20:00:00,0.4245,0.425,0.4241,0.4243,1048314.71
2023-08-22 00:00:00,0.4243,0.4243,0.4233,0.4234,721008.07
2023-08-22 04:00:00,0.4234,0.4234,0.4223,0.4226,871351.3
2023-08-22 08:00:00,0.4226,0.4227,0.4222,0.4222,752295.39
2023-08-22 12:00:00,0.4222,0.4246,0.4218,0.422,3555275.84
2023-08-22 16:00:00,0.422,0.4226,0.4205,0.4216,6273605.94
2023-08-22 20:00:00,0.4216,0.4223,0.4195,0.4223,6089797.58
2023-08-23 00:00:00,0.4223,0.4234,0.421,0.4211,4748799.42
2023-08-23 04:00:00,0.4211,0.4222,0.4205,0.4215,2098441.64
2023-08-23 08:00:00,0.4215,0.4217,0.4211,0.4212,1394487.15
2023-08-23 12:00:00,0.4212,0.4217,0.42,0.4212,4248157.63
2023-08-23 16:00:00,0.4212,0.4263,0.4211,0.424,5952755.59
2023-08-23 20:00:00,0.424,0.4241,0.4222,0.423,3385913.6
2023-08-24 00:00:00,0.423,0.4234,0.423,0.4233,1171349.39
2023-08-24 04:00:00,0.4233,0.4233,0.4228,0.4229,918133.64
2023-08-24 08:00:00,0.4229,0.4234,0.4223,0.4223,1786295.03
2023-08-24 12:00:00,0.4223,0.4224,0.4203,0.421,3309292.28
2023-08-24 16:00:00,0.421,0.4215,0.4203,0.4209,2759092.29
2023-08-24 20:00:00,0.4209,0.4212,0.4207,0.421,1745624.8
2023-08-25 00:00:00,0.421,0.4211,0.4188,0.4195,1966541.96
2023-08-25 04:00:00,0.4195,0.4195,0.4164,0.4165,2051913.22
2023-08-25 08:00:00,0.4165,0.4295,0.4165,0.4295,6048828.32
2023-08-25 12:00:00,0.4295,0.4346,0.4274,0.4285,9291460.52
2023-08-25 16:00:00,0.4285,0.429,0.4273,0.4286,3362038.98
2023-08-25 20:00:00,0.4286,0.4286,0.4277,0.4277,1263906.65
2023-08-26 00:00:00,0.4277,0.4287,0.4277,0.4285,1076056.24
2023-08-26 04:00:00,0.4285,0.4293,0.4284,0.4292,1009237.48
2023-08-26 08:00:00,0.4292,0.4325,0.4292,0.4324,2525367.46
2023-08-26 12:00:00,0.4324,0.4334,0.4319,0.4333,1473371.52
2023-08-26 16:00:00,0.4333,0.4334,0.433,0.4333,1267178.83
2023-08-26 20:00:00,0.4333,0.4336,0.4333,0.4336,642227.34
2023-08-27 00:00:00,0.4336,0.4341,0.4335,0.434,987938.97
2023-08-27 04:00:00,0.434,0.4343,0.4338,0.4343,1018533.34
2023-08-27 08:00:00,0.4343,0.4348,0.4342,0.4346,1817606.23
2023-08-27 12:00:00,0.4346,0.437,0.4346,0.4368,1920355.44
2023-08-27 16:00:00,0.4368,0.4374,0.4367,0.4372,1291930.59
2023-08-27 20:00:00,0.4372,0.4382,0.4371,0.4382,1062347.36
2023-08-28 00:00:00,0.4382,0.4382,0.4378,0.4382,1352762.64
2023-08-28 04:00:00,0.4382,0.4382,0.4302,0.4305,3904653.17
2023-08-28 08:00:00,0.4305,0.4318,0.43,0.4317,3074204.93
2023-08-28 12:00:00,0.4317,0.4342,0.4317,0.4334,3606729.5
2023-08-28 16:00:00,0.4334,0.4338,0.4323,0.4327,1863525.99
2023-08-28 20:00:00,0.4327,0.4331,0.4326,0.4331,1028386.81
2023-08-29 00:00:00,0.4331,0.4335,0.433,0.4334,1496571.31
2023-08-29 04:00:00,0.4334,0.4335,0.4323,0.4323,1069153.74
2023-08-29 08:00:00,0.4323,0.4324,0.4296,0.4298,3151239.82
2023-08-29 12:00:00,0.4298,0.4425,0.4298,0.4425,15194897.57
2023-08-29 16:00:00,0.4425,0.4446,0.4403,0.4424,11646103.87
2023-08-29 20:00:00,0.4424,0.4429,0.4413,0.4422,5185712.07
2023-08-30 00:00:00,0.4422,0.4424,0.441,0.4424,4647363.56
2023-08-30 04:00:00,0.4424,0.4426,0.4418,0.4419,2018618.49
2023-08-30 08:00:00,0.4419,0.4458,0.4418,0.4456,5236086.28
2023-08-30 12:00:00,0.4456,0.4491,0.4455,0.4483,6651301.36
2023-08-30 16:00:00,0.4483,0.4489,0.4474,0.4489,3474838.35
2023-08-30 20:00:00,0.4489,0.4509,0.4488,0.4509,2229008.27
2023-08-31 00:00:00,0.4509,0.4509,0.4499,0.4507,2241047.73
2023-08-31 04:00:00,0.4507,0.4516,0.4505,0.4514,2758027.11
2023-08-31 08:00:00,0.4514,0.4586,0.4514,0.4569,5011943.26
2023-08-31 12:00:00,0.4569,0.457,0.4509,0.451,6692860.89
2023-08-31 16:00:00,0.451,0.4511,0.4442,0.4463,10813860.72
2023-08-31 20:00:00,0.4463,0.4482,0.4456,0.4479,4117655.26
2023-09-01 00:00:00,0.4479,0.4517,0.4479,0.4517,3456213.65
2023-09-01 04:00:00,0.4517,0.4523,0.4516,0.4522,3230673.16
2023-09-01 08:00:00,0.4522,0.4531,0.4517,0.4525,4031138.58
2023-09-01 12:00:00,0.4525,0.4526,0.4487,0.4502,6663756.99
2023-09-01 16:00:00,0.4502,0.4502,0.4466,0.4482,7318062.24
2023-09-01 20:00:00,0.4482,0.4506,0.4481,0.4498,3294796.27
2023-09-02 00:00:00,0.4498,0.4506,0.4498,0.4504,2591503.11
2023-09-02 04:00:00,0.4504,0.4507,0.4503,0.4506,2916035.21
2023-09-02 08:00:00,0.4506,0.4525,0.4506,0.452,3430667.88
2023-09-02 12:00:00,0.452,0.4524,0.4502,0.4503,4111176.7
2023-09-02 16:00:00,0.4503,0.4503,0.4502,0.4502,2836371.68
2023-09-02 20:00:00,0.4502,0.4509,0.4502,0.4507,2092758.4
2023-09-03 00:00:00,0.4507,0.4508,0.4507,0.4508,1842644.91
2023-09-03 04:00:00,0.4508,0.4508,0.4507,0.4507,2350154.04
2023-09-03 08:00:00,0.4507,0.4516,0.4507,0.4516,2883117.78
2023-09-03 12:00:00,0.4516,0.4525,0.4515,0.4523,3744408.27
2023-09-03 16:00:00,0.4523,0.4524,0.4517,0.4517,2826138.1
2023-09-03 20:00:00,0.4517,0.4521,0.4517,0.4521,2627273.55
2023-09-04 00:00:00,0.4521,0.4531,0.452,0.453,4944423.6
2023-09-04 04:00:00,0.453,0.4531,0.453,0.453,3270731.31
2023-09-04 08:00:00,0.453,0.4531,0.4469,0.4469,5612260.72
2023-09-04 12:00:00,0.4469,0.447,0.443,0.4437,5714309.22
2023-09-04 16:00:00,0.4437,0.4441,0.443,0.4431,3338203.61
2023-09-04 20:00:00,0.4431,0.4431,0.4417,0.4424,2948155.73
2023-09-05 00:00:00,0.4424,0.4428,0.4393,0.4407,5850695.05
2023-09-05 04:00:00,0.4407,0.4423,0.4406,0.4422,4258476.91
2023-09-05 08:00:00,0.4422,0.4436,0.4355,0.4356,10153365.61
2023-09-05 12:00:00,0.4356,0.4357,0.4244,0.4265,14872943.97
2023-09-05 16:00:00,0.4265,0.4271,0.4245,0.4246,2507860.71
2023-09-05 20:00:00,0.4246,0.4253,0.4237,0.4237,4749349.02
2023-09-06 00:00:00,0.4237,0.4242,0.422,0.4221,4110846.9
2023-09-06 04:00:00,0.4221,0.4223,0.42,0.42,4237745.2
2023-09-06 08:00:00,0.42,0.4201,0.4168,0.4171,4701112.07
2023-09-06 12:00:00,0.4171,0.4173,0.4158,0.4167,3946301.1
2023-09-06 16:00:00,0.4167,0.4193,0.415,0.416,6681956.27
2023-09-06 20:00:00,0.416,0.416,0.4159,0.416,844089.47
2023-09-07 00:00:00,0.416,0.4178,0.4159,0.4176,2703219.08
2023-09-07 04:00:00,0.4176,0.4182,0.4157,0.4163,2555064.98
2023-09-07 08:00:00,0.4163,0.418,0.4162,0.4177,2516709.52
2023-09-07 12:00:00,0.4177,0.4186,0.417,0.4173,4206475.08
2023-09-07 16:00:00,0.4173,0.4179,0.4169,0.4169,2691120.85
2023-09-07 20:00:00,0.4169,0.4193,0.4169,0.4187,4084962.78
2023-09-08 00:00:00,0.4187,0.4188,0.4175,0.4178,2697019.0
2023-09-08 04:00:00,0.4178,0.4189,0.4173,0.4177,3286737.18
2023-09-08 08:00:00,0.4177,0.4177,0.4133,0.4146,6000467.16
2023-09-08 12:00:00,0.4146,0.4153,0.4134,0.4141,5007753.15
2023-09-08 16:00:00,0.4141,0.4145,0.4141,0.4144,2827077.69
2023-09-08 20:00:00,0.4144,0.4147,0.4133,0.4141,2376945.57
2023-09-09 00:00:00,0.4141,0.4143,0.4133,0.4134,2958344.25
2023-09-09 04:00:00,0.4134,0.4135,0.4132,0.4132,1434481.92
2023-09-09 08:00:00,0.4132,0.4135,0.4129,0.4131,1574840.12
2023-09-09 12:00:00,0.4131,0.4133,0.4124,0.4126,2648795.69
2023-09-09 16:00:00,0.4126,0.4126,0.4117,0.412,2258213.43
2023-09-09 20:00:00,0.412,0.412,0.4119,0.412,761337.91
2023-09-10 00:00:00,0.412,0.4129,0.4117,0.4122,3305369.63
2023-09-10 04:00:00,0.4122,0.4123,0.4113,0.4114,3973755.05
2023-09-10 08:00:00,0.4114,0.4123,0.411,0.4113,5514257.59
2023-09-10 12:00:00,0.4113,0.4114,0.4102,0.411,5863112.35
2023-09-10 16:00:00,0.411,0.4111,0.4087,0.4102,10591070.78
2023-09-10 20:00:00,0.4102,0.4125,0.4101,0.4108,6692417.12
2023-09-11 00:00:00,0.4108,0.4108,0.4088,0.4089,6464779.94
2023-09-11 04:00:00,0.4089,0.4095,0.4081,0.4085,6650043.61
2023-09-11 08:00:00,0.4085,0.4093,0.4057,0.4076,20257976.94
2023-09-11 12:00:00,0.4076,0.4077,0.4028,0.4049,24561694.88
2023-09-11 16:00:00,0.4049,0.4054,0.4021,0.4025,13859479.02
2023-09-11 20:00:00,0.4025,0.4026,0.4008,0.4024,11083655.76
2023-09-12 00:00:00,0.4024,0.4074,0.4016,0.4058,19439506.68
2023-09-12 04:00:00,0.4058,0.4073,0.4045,0.4061,15070283.27
2023-09-12 08:00:00,0.4061,0.4099,0.4049,0.4073,18139057.49
2023-09-12 12:00:00,0.4073,0.4102,0.4072,0.4086,11952395.99
2023-09-12 16:00:00,0.4086,0.41,0.4064,0.4079,15405186.34
2023-09-12 20:00:00,0.4079,0.408,0.4068,0.4072,4586397.22
2023-09-13 00:00:00,0.4072,0.4079,0.4053,0.4067,8066649.67
2023-09-13 04:00:00,0.4067,0.4078,0.4046,0.405,9975515.58
2023-09-13 08:00:00,0.405,0.4075,0.4043,0.4069,15443721.05
2023-09-13 12:00:00,0.4069,0.4077,0.4046,0.4062,13681478.35
2023-09-13 16:00:00,0.4062,0.4074,0.4049,0.4059,11720480.96
2023-09-13 20:00:00,0.4059,0.4071,0.4055,0.4064,3103312.28
2023-09-14 00:00:00,0.4064,0.4094,0.4061,0.4077,14172058.97
2023-09-14 04:00:00,0.4077,0.4093,0.4066,0.4091,7812953.48
2023-09-14 08:00:00,0.4091,0.41,0.4081,0.4094,11178530.56
2023-09-14 12:00:00,0.4094,0.4102,0.407,0.4092,16968168.93
2023-09-14 16:00:00,0.4092,0.4099,0.4081,0.4087,12640480.34
2023-09-14 20:00:00,0.4087,0.4089,0.4082,0.4083,3809317.88
2023-09-15 00:00:00,0.4083,0.4099,0.408,0.4094,9261920.55
2023-09-15 04:00:00,0.4094,0.4111,0.4074,0.408,5817271.96
2023-09-15 08:00:00,0.408,0.4089,0.4067,0.4077,10151251.45
2023-09-15 12:00:00,0.4077,0.4078,0.4049,0.4058,13265832.34
2023-09-15 16:00:00,0.4058,0.406,0.4037,0.4051,8808666.76
2023-09-15 20:00:00,0.4051,0.4087,0.4047,0.4067,9812448.54
2023-09-16 00:00:00,0.4067,0.4075,0.406,0.407,11203524.19
2023-09-16 04:00:00,0.407,0.4071,0.4039,0.4051,12112441.43
2023-09-16 08:00:00,0.4051,0.4056,0.4041,0.4045,7692222.57
2023-09-16 12:00:00,0.4045,0.4053,0.404,0.4048,9299556.46
2023-09-16 16:00:00,0.4048,0.4059,0.404,0.4048,5354511.83
2023-09-16 20:00:00,0.4048,0.4051,0.4041,0.4049,4391420.44
2023-09-17 00:00:00,0.4049,0.405,0.4028,0.4038,6869912.56
2023-09-17 04:00:00,0.4038,0.4039,0.403,0.4035,5079495.05
2023-09-17 08:00:00,0.4035,0.4035,0.4034,0.4034,5460177.6
2023-09-17 12:00:00,0.4034,0.4039,0.403,0.4038,4686155.85
2023-09-17 16:00:00,0.4038,0.404,0.4022,0.4028,8903841.51
2023-09-17 20:00:00,0.4028,0.4037,0.4013,0.4029,11542654.88
2023-09-18 00:00:00,0.4029,0.4033,0.4011,0.4028,11842281.12
2023-09-18 04:00:00,0.4028,0.4041,0.4013,0.4033,10743640.9
2023-09-18 08:00:00,0.4033,0.4066,0.4025,0.4061,12845026.29
2023-09-18 12:00:00,0.4061,0.4077,0.406,0.4067,14662968.92
2023-09-18 16:00:00,0.4067,0.4068,0.4029,0.4048,17393907.19
2023-09-18 20:00:00,0.4048,0.4057,0.4037,0.4048,8832157.8
2023-09-19 00:00:00,0.4048,0.4048,0.4028,0.4032,8622115.37
2023-09-19 04:00:00,0.4032,0.4033,0.4025,0.4025,6212511.55
2023-09-19 08:00:00,0.4025,0.4057,0.4025,0.405,15292330.72
2023-09-19 12:00:00,0.405,0.4063,0.4033,0.4061,13331785.49
2023-09-19 16:00:00,0.4061,0.4063,0.4046,0.4051,9056385.34
2023-09-19 20:00:00,0.4051,0.4052,0.403,0.4045,8799148.87
2023-09-20 00:00:00,0.4045,0.4047,0.4021,0.4035,14240659.76
2023-09-20 04:00:00,0.4035,0.4042,0.4021,0.4027,12541075.03
2023-09-20 08:00:00,0.4027,0.4036,0.4009,0.4016,12951364.21
2023-09-20 12:00:00,0.4016,0.4024,0.4004,0.4016,10165393.95
2023-09-20 16:00:00,0.4016,0.4024,0.3998,0.4009,11497610.19
2023-09-20 20:00:00,0.4009,0.402,0.4004,0.4007,7143190.56
2023-09-21 00:00:00,0.4007,0.4019,0.4005,0.4017,11728366.35
2023-09-21 04:00:00,0.4017,0.4022,0.4009,0.4014,9006574.42
2023-09-21 08:00:00,0.4014,0.4021,0.398,0.398,18879687.98
2023-09-21 12:00:00,0.398,0.3983,0.3917,0.3945,18891513.89
2023-09-21 16:00:00,0.3945,0.3953,0.3931,0.3941,8705899.41
2023-09-21 20:00:00,0.3941,0.3946,0.3938,0.394,4483332.31
2023-09-22 00:00:00,0.394,0.3958,0.3933,0.3957,8084780.56
2023-09-22 04:00:00,0.3957,0.3957,0.3939,0.3948,7235262.25
2023-09-22 08:00:00,0.3948,0.396,0.3948,0.3951,7832973.06
2023-09-22 12:00:00,0.3951,0.3958,0.3935,0.3942,8836330.76
2023-09-22 16:00:00,0.3942,0.3944,0.3932,0.3939,7561756.6
2023-09-22 20:00:00,0.3939,0.394,0.3935,0.3936,4267048.61
2023-09-23 00:00:00,0.3936,0.3937,0.3923,0.3929,10669824.63
2023-09-23 04:00:00,0.3929,0.3932,0.3911,0.3911,3897954.13
2023-09-23 08:00:00,0.3911,0.3912,0.3911,0.3911,4069283.68
2023-09-23 12:00:00,0.3911,0.3916,0.3903,0.3908,7808053.34
2023-09-23 16:00:00,0.3908,0.3914,0.3907,0.391,5239838.79
2023-09-23 20:00:00,0.391,0.3913,0.3909,0.3911,2669785.65
2023-09-24 00:00:00,0.3911,0.3921,0.3905,0.3916,4628509.25
2023-09-24 04:00:00,0.3916,0.3953,0.3915,0.3943,4670830.7
2023-09-24 08:00:00,0.3943,0.3966,0.3936,0.3963,4191306.07
2023-09-24 12:00:00,0.3963,0.3986,0.3963,0.3965,7748266.11
2023-09-24 16:00:00,0.3965,0.3979,0.3957,0.3964,5811857.64
2023-09-24 20:00:00,0.3964,0.3964,0.395,0.3959,6108897.91
2023-09-25 00:00:00,0.3959,0.3972,0.3947,0.3962,10822583.14
2023-09-25 04:00:00,0.3962,0.3963,0.3903,0.3914,6119652.37
2023-09-25 08:00:00,0.3914,0.3917,0.3902,0.3908,6811112.72
2023-09-25 12:00:00,0.3908,0.3931,0.3899,0.3924,8388617.6
2023-09-25 16:00:00,0.3924,0.3934,0.3919,0.3926,10445419.44
2023-09-25 20:00:00,0.3926,0.3932,0.3909,0.3918,6841029.77
2023-09-26 00:00:00,0.3918,0.3923,0.3918,0.3919,7203749.12
2023-09-26 04:00:00,0.3919,0.392,0.3907,0.3909,4631776.82
2023-09-26 08:00:00,0.3909,0.3918,0.3894,0.3898,9002124.99
2023-09-26 12:00:00,0.3898,0.3916,0.3887,0.3895,17456075.63
2023-09-26 16:00:00,0.3895,0.3903,0.3893,0.3896,5861917.74
2023-09-26 20:00:00,0.3896,0.3905,0.3889,0.3899,6283902.35
2023-09-27 00:00:00,0.3899,0.3906,0.3885,0.3892,6223197.28
2023-09-27 04:00:00,0.3892,0.3892,0.3883,0.3884,4174105.92
2023-09-27 08:00:00,0.3884,0.3955,0.3879,0.3954,12713219.93
2023-09-27 12:00:00,0.3954,0.3956,0.3879,0.388,15367868.6
2023-09-27 16:00:00,0.388,0.3881,0.3864,0.3875,7550789.63
2023-09-27 20:00:00,0.3875,0.3875,0.3866,0.3868,4292160.03
2023-09-28 00:00:00,0.3868,0.3882,0.3867,0.3881,12214388.27
2023-09-28 04:00:00,0.3881,0.3884,0.388,0.3883,5679710.5
2023-09-28 08:00:00,0.3883,0.39,0.3883,0.39,5366688.89
2023-09-28 12:00:00,0.39,0.3935,0.3899,0.3935,15013994.9
2023-09-28 16:00:00,0.3935,0.3971,0.3925,0.3971,28147175.55
2023-09-28 20:00:00,0.3971,0.3971,0.3963,0.3963,7827298.89
2023-09-29 00:00:00,0.3963,0.3981,0.3956,0.3962,10980293.02
2023-09-29 04:00:00,0.3962,0.3985,0.3947,0.3983,16912670.07
2023-09-29 08:00:00,0.3983,0.3984,0.3964,0.3972,15558617.6
2023-09-29 12:00:00,0.3972,0.4015,0.3959,0.3982,28186466.87
2023-09-29 16:00:00,0.3982,0.3988,0.3975,0.3978,10190119.16
2023-09-29 20:00:00,0.3978,0.3991,0.3978,0.399,5263783.71
2023-09-30 00:00:00,0.399,0.3995,0.3979,0.3984,7615669.27
2023-09-30 04:00:00,0.3984,0.3986,0.3984,0.3985,5493737.47
2023-09-30 08:00:00,0.3985,0.399,0.3981,0.3989,5682868.74
2023-09-30 12:00:00,0.3989,0.4005,0.3983,0.3999,13596622.65
2023-09-30 16:00:00,0.3999,0.4011,0.3993,0.3999,7669037.03
2023-09-30 20:00:00,0.3999,0.4006,0.3991,0.3994,4366317.39
2023-10-01 00:00:00,0.3994,0.4009,0.3991,0.3995,6590082.47
2023-10-01 04:00:00,0.3995,0.4018,0.3994,0.4009,10704450.68
2023-10-01 08:00:00,0.4009,0.4026,0.3956,0.3958,18831967.13
2023-10-01 12:00:00,0.3958,0.3976,0.3953,0.397,12290485.43
2023-10-01 16:00:00,0.397,0.3988,0.3945,0.3951,12605109.32
2023-10-01 20:00:00,0.3951,0.4015,0.3938,0.3999,19751352.29
2023-10-02 00:00:00,0.3999,0.4022,0.3984,0.4021,13692684.85
2023-10-02 04:00:00,0.4021,0.4102,0.402,0.4097,21988612.27
2023-10-02 08:00:00,0.4097,0.4238,0.4096,0.4213,22815229.13
2023-10-02 12:00:00,0.4213,0.4232,0.4127,0.4127,26100196.34
2023-10-02 16:00:00,0.4127,0.414,0.4095,0.4123,24889177.94
2023-10-02 20:00:00,0.4123,0.4128,0.409,0.4128,9048228.21
2023-10-03 00:00:00,0.4128,0.4128,0.4089,0.4101,12178194.16
2023-10-03 04:00:00,0.4101,0.4135,0.4101,0.4116,9942313.47
2023-10-03 08:00:00,0.4116,0.4127,0.4104,0.4112,12266802.68
2023-10-03 12:00:00,0.4112,0.4141,0.4103,0.4108,16977291.96
2023-10-03 16:00:00,0.4108,0.413,0.4099,0.4114,14693477.88
2023-10-03 20:00:00,0.4114,0.4127,0.4107,0.4113,11020225.37
2023-10-04 00:00:00,0.4113,0.4117,0.4074,0.4092,30676837.63
2023-10-04 04:00:00,0.4092,0.41,0.4056,0.4057,11521526.07
2023-10-04 08:00:00,0.4057,0.4085,0.4057,0.4075,10051973.38
2023-10-04 12:00:00,0.4075,0.4083,0.4053,0.4056,15762741.6
2023-10-04 16:00:00,0.4056,0.4083,0.4054,0.4063,14357100.74
2023-10-04 20:00:00,0.4063,0.4075,0.4062,0.4072,5834851.6
2023-10-05 00:00:00,0.4072,0.4076,0.4059,0.4063,8720782.2
2023-10-05 04:00:00,0.4063,0.4073,0.4047,0.4061,7259467.28
2023-10-05 08:00:00,0.4061,0.4063,0.4051,0.4057,6135579.58
2023-10-05 12:00:00,0.4057,0.4096,0.4035,0.4051,14261570.2
2023-10-05 16:00:00,0.4051,0.4051,0.3979,0.399,26711125.81
2023-10-05 20:00:00,0.399,0.4,0.3973,0.3982,9272317.63
2023-10-06 00:00:00,0.3982,0.3983,0.3971,0.3973,7027040.43
2023-10-06 04:00:00,0.3973,0.3998,0.3972,0.3997,7762326.58
2023-10-06 08:00:00,0.3997,0.3998,0.3971,0.3977,9336778.2
2023-10-06 12:00:00,0.3977,0.3986,0.3938,0.3966,15865741.09
2023-10-06 16:00:00,0.3966,0.3986,0.3966,0.3971,12057584.19
2023-10-06 20:00:00,0.3971,0.4002,0.3963,0.3964,7891322.76
2023-10-07 00:00:00,0.3964,0.3964,0.3936,0.3939,8227141.8
2023-10-07 04:00:00,0.3939,0.3985,0.3931,0.3977,8464026.08
2023-10-07 08:00:00,0.3977,0.3977,0.3931,0.394,8757039.26
2023-10-07 12:00:00,0.394,0.3941,0.3924,0.3936,7211946.75
2023-10-07 16:00:00,0.3936,0.3944,0.3911,0.3911,7968031.0
2023-10-07 20:00:00,0.3911,0.3918,0.3906,0.3908,6069353.32
2023-10-08 00:00:00,0.3908,0.3923,0.3897,0.3923,6704508.9
2023-10-08 04:00:00,0.3923,0.3923,0.3862,0.3874,9540793.17
2023-10-08 08:00:00,0.3874,0.3875,0.3826,0.3828,14085796.38
2023-10-08 12:00:00,0.3828,0.3845,0.3804,0.3818,20293809.56
2023-10-08 16:00:00,0.3818,0.3823,0.3802,0.3802,8758181.07
2023-10-08 20:00:00,0.3802,0.3818,0.3789,0.379,9824526.65
2023-10-09 00:00:00,0.379,0.3845,0.3778,0.3831,8131133.3
2023-10-09 04:00:00,0.3831,0.3832,0.381,0.3811,5934864.93
2023-10-09 08:00:00,0.3811,0.3811,0.3752,0.3759,27783376.81
2023-10-09 12:00:00,0.3759,0.3774,0.3752,0.3756,10752504.18
2023-10-09 16:00:00,0.3756,0.3764,0.3712,0.3735,28037288.81
2023-10-09 20:00:00,0.3735,0.3756,0.3725,0.3725,9522148.71
2023-10-10 00:00:00,0.3725,0.3741,0.3721,0.3736,6259569.55
2023-10-10 04:00:00,0.3736,0.3739,0.3708,0.371,12553383.38
2023-10-10 08:00:00,0.371,0.3719,0.3694,0.3694,11627028.26
2023-10-10 12:00:00,0.3694,0.3695,0.3648,0.3649,10930116.36
2023-10-10 16:00:00,0.3649,0.3651,0.3616,0.3635,10852205.41
2023-10-10 20:00:00,0.3635,0.3639,0.3625,0.3632,6134988.19
2023-10-11 00:00:00,0.3632,0.3635,0.3603,0.3604,9967564.37
2023-10-11 04:00:00,0.3604,0.3606,0.3578,0.3582,8253342.06
2023-10-11 08:00:00,0.3582,0.3589,0.3566,0.3566,8677136.55
2023-10-11 12:00:00,0.3566,0.3567,0.3526,0.3539,16017337.06
2023-10-11 16:00:00,0.3539,0.355,0.3509,0.3535,14478124.97
2023-10-11 20:00:00,0.3535,0.3535,0.3506,0.3517,9973493.45
2023-10-12 00:00:00,0.3517,0.3529,0.3502,0.3509,7401930.45
2023-10-12 04:00:00,0.3509,0.3512,0.3477,0.3481,16157873.91
2023-10-12 08:00:00,0.3481,0.3482,0.3448,0.3449,22472664.49
2023-10-12 12:00:00,0.3449,0.346,0.3418,0.3419,15882553.55
2023-10-12 16:00:00,0.3419,0.3433,0.3402,0.3415,9506830.22
2023-10-12 20:00:00,0.3415,0.3415,0.3396,0.3396,4670805.77
2023-10-13 00:00:00,0.3396,0.3397,0.3348,0.3355,7396001.39
2023-10-13 04:00:00,0.3355,0.3375,0.335,0.3359,6992502.74
2023-10-13 08:00:00,0.3359,0.3381,0.3236,0.3236,35609779.28
2023-10-13 12:00:00,0.3236,0.3261,0.3226,0.3238,14303144.27
2023-10-13 16:00:00,0.3238,0.3252,0.3222,0.3222,15394047.99
2023-10-13 20:00:00,0.3222,0.3284,0.3221,0.3226,13217773.13
2023-10-14 00:00:00,0.3226,0.3383,0.3224,0.3294,23229393.28
2023-10-14 04:00:00,0.3294,0.3324,0.3277,0.3278,11179009.03
2023-10-14 08:00:00,0.3278,0.329,0.3241,0.3247,9935948.86
2023-10-14 12:00:00,0.3247,0.3275,0.3238,0.3273,12108874.05
2023-10-14 16:00:00,0.3273,0.3301,0.3251,0.3257,11727724.81
2023-10-14 20:00:00,0.3257,0.328,0.3239,0.3239,12050876.8
2023-10-15 00:00:00,0.3239,0.328,0.3239,0.3242,11986050.91
2023-10-15 04:00:00,0.3242,0.3256,0.3221,0.3229,13576326.93
2023-10-15 08:00:00,0.3229,0.3254,0.3218,0.3228,12849685.36
2023-10-15 12:00:00,0.3228,0.3244,0.3205,0.3216,13603221.22
2023-10-15 16:00:00,0.3216,0.3238,0.3209,0.323,14591482.73
2023-10-15 20:00:00,0.323,0.3231,0.3212,0.3213,11555854.6
2023-10-16 00:00:00,0.3213,0.323,0.3212,0.3212,9255614.71
2023-10-16 04:00:00,0.3212,0.3304,0.3206,0.3278,15551227.99
2023-10-16 08:00:00,0.3278,0.3286,0.3244,0.3256,11087838.37
2023-10-16 12:00:00,0.3256,0.3432,0.3255,0.3286,42214474.3
2023-10-16 16:00:00,0.3286,0.3356,0.3274,0.3315,15321625.69
2023-10-16 20:00:00,0.3315,0.334,0.3311,0.3321,9918283.8
2023-10-17 00:00:00,0.3321,0.3336,0.3287,0.3291,8978330.89
2023-10-17 04:00:00,0.3291,0.3303,0.3264,0.3274,12334525.07
2023-10-17 08:00:00,0.3274,0.3293,0.3254,0.3269,13384019.23
2023-10-17 12:00:00,0.3269,0.3275,0.3215,0.326,21887540.63
2023-10-17 16:00:00,0.326,0.3272,0.3223,0.3237,12207599.68
2023-10-17 20:00:00,0.3237,0.3247,0.32,0.3202,13231383.74
2023-10-18 00:00:00,0.3202,0.3203,0.3074,0.3089,17528227.91
2023-10-18 04:00:00,0.3089,0.3141,0.3089,0.3111,11968017.05
2023-10-18 08:00:00,0.3111,0.3226,0.311,0.3211,17518327.14
2023-10-18 12:00:00,0.3211,0.3246,0.3203,0.3227,12792243.49
2023-10-18 16:00:00,0.3227,0.3231,0.3208,0.322,9195828.37
2023-10-18 20:00:00,0.322,0.3223,0.3206,0.3206,6889957.22
2023-10-19 00:00:00,0.3206,0.3255,0.3197,0.3244,15489150.14
2023-10-19 04:00:00,0.3244,0.3272,0.3239,0.3254,10772871.94
2023-10-19 08:00:00,0.3254,0.3254,0.3221,0.323,13858743.33
2023-10-19 12:00:00,0.323,0.33,0.3223,0.3298,16754826.59
2023-10-19 16:00:00,0.3298,0.3314,0.3259,0.3296,11818319.22
2023-10-19 20:00:00,0.3296,0.333,0.3287,0.3322,9640965.26
2023-10-20 00:00:00,0.3322,0.337,0.3307,0.3346,16350317.58
2023-10-20 04:00:00,0.3346,0.339,0.3346,0.339,12347070.17
2023-10-20 08:00:00,0.339,0.3684,0.3389,0.3628,32415098.7
2023-10-20 12:00:00,0.3628,0.3634,0.3579,0.3624,18327744.56
2023-10-20 16:00:00,0.3624,0.3661,0.3613,0.3661,10609657.05
2023-10-20 20:00:00,0.3661,0.3765,0.3646,0.3737,11327012.65
2023-10-21 00:00:00,0.3737,0.378,0.3686,0.3753,14004885.28
2023-10-21 04:00:00,0.3753,0.3803,0.3726,0.3792,16642250.22
2023-10-21 08:00:00,0.3792,0.382,0.374,0.3788,15365117.15
2023-10-21 12:00:00,0.3788,0.3888,0.3753,0.3828,18154592.91
2023-10-21 16:00:00,0.3828,0.3852,0.3809,0.3847,15429251.97
2023-10-21 20:00:00,0.3847,0.3891,0.3837,0.389,13229662.39
2023-10-22 00:00:00,0.389,0.3898,0.3846,0.3851,7801810.57
2023-10-22 04:00:00,0.3851,0.3865,0.3793,0.3812,22765500.18
2023-10-22 08:00:00,0.3812,0.384,0.3805,0.382,14881134.96
2023-10-22 12:00:00,0.382,0.385,0.3751,0.3761,13644145.49
2023-10-22 16:00:00,0.3761,0.3801,0.3753,0.3759,10244676.76
2023-10-22 20:00:00,0.3759,0.3784,0.3737,0.3773,12530105.66
2023-10-23 00:00:00,0.3773,0.3885,0.3755,0.385,25195812.03
2023-10-23 04:00:00,0.385,0.3862,0.3794,0.3804,20085492.0
2023-10-23 08:00:00,0.3804,0.3825,0.3793,0.3807,22120895.97
2023-10-23 12:00:00,0.3807,0.3833,0.3775,0.382,17052065.86
2023-10-23 16:00:00,0.382,0.3825,0.3781,0.3809,18992635.67
2023-10-23 20:00:00,0.3809,0.3905,0.3765,0.3802,42073569.12
2023-10-24 00:00:00,0.3802,0.3898,0.3802,0.3859,58953325.37
2023-10-24 04:00:00,0.3859,0.3893,0.3838,0.3852,32695398.68
2023-10-24 08:00:00,0.3852,0.3883,0.3831,0.3867,24789896.93
2023-10-24 12:00:00,0.3867,0.3888,0.3793,0.3818,36671605.86
2023-10-24 16:00:00,0.3818,0.3867,0.3789,0.3816,32927383.75
2023-10-24 20:00:00,0.3816,0.383,0.3769,0.3799,13284598.4
2023-10-25 00:00:00,0.3799,0.3825,0.3785,0.3801,17245940.51
2023-10-25 04:00:00,0.3801,0.3817,0.3774,0.3784,18932802.75
2023-10-25 08:00:00,0.3784,0.3795,0.3685,0.3687,20676101.83
2023-10-25 12:00:00,0.3687,0.3781,0.3681,0.3777,31658727.76
2023-10-25 16:00:00,0.3777,0.378,0.3708,0.3734,28471679.53
2023-10-25 20:00:00,0.3734,0.3739,0.3689,0.3699,17248447.46
2023-10-26 00:00:00,0.3699,0.3733,0.3681,0.3729,35898710.07
2023-10-26 04:00:00,0.3729,0.382,0.37,0.3803,49725559.52
2023-10-26 08:00:00,0.3803,0.3824,0.3714,0.3725,48683700.77
2023-10-26 12:00:00,0.3725,0.3757,0.3689,0.3729,39024289.24
2023-10-26 16:00:00,0.3729,0.3777,0.3714,0.3764,29721206.12
2023-10-26 20:00:00,0.3764,0.379,0.3761,0.3786,15894039.71
2023-10-27 00:00:00,0.3786,0.3797,0.3758,0.3776,21422464.66
2023-10-27 04:00:00,0.3776,0.3795,0.3761,0.3767,16045256.13
2023-10-27 08:00:00,0.3767,0.3797,0.3767,0.3782,11759546.58
2023-10-27 12:00:00,0.3782,0.3814,0.3768,0.3783,26844634.26
2023-10-27 16:00:00,0.3783,0.3797,0.3744,0.3764,27373825.93
2023-10-27 20:00:00,0.3764,0.3777,0.3759,0.3772,10836565.62
2023-10-28 00:00:00,0.3772,0.3793,0.3763,0.3784,7210067.09
2023-10-28 04:00:00,0.3784,0.3802,0.3783,0.3797,10486905.61
2023-10-28 08:00:00,0.3797,0.3819,0.3779,0.3795,18641100.36
2023-10-28 12:00:00,0.3795,0.3799,0.3767,0.3798,14254889.13
2023-10-28 16:00:00,0.3798,0.3798,0.3782,0.3783,7701426.6
2023-10-28 20:00:00,0.3783,0.3791,0.3779,0.3784,4729484.33
2023-10-29 00:00:00,0.3784,0.3791,0.3748,0.3757,14356498.57
2023-10-29 04:00:00,0.3757,0.3775,0.3755,0.3767,7715423.06
2023-10-29 08:00:00,0.3767,0.3796,0.3767,0.3792,7552273.19
2023-10-29 12:00:00,0.3792,0.3812,0.3784,0.3794,21463936.93
2023-10-29 16:00:00,0.3794,0.3819,0.3785,0.3791,16441880.84
2023-10-29 20:00:00,0.3791,0.3816,0.3785,0.3797,17207927.48
2023-10-30 00:00:00,0.3797,0.3803,0.3775,0.3781,12674169.53
2023-10-30 04:00:00,0.3781,0.3796,0.3768,0.3783,15625972.82
2023-10-30 08:00:00,0.3783,0.3822,0.3776,0.3813,25694521.86
2023-10-30 12:00:00,0.3813,0.3828,0.3797,0.3809,22242436.71
2023-10-30 16:00:00,0.3809,0.3809,0.3765,0.3783,16694850.48
2023-10-30 20:00:00,0.3783,0.3801,0.3776,0.3795,10875066.77
2023-10-31 00:00:00,0.3795,0.3819,0.3782,0.3784,24755426.58
2023-10-31 04:00:00,0.3784,0.3794,0.377,0.3772,13632936.57
2023-10-31 08:00:00,0.3772,0.3803,0.3766,0.3792,20539251.19
2023-10-31 12:00:00,0.3792,0.38,0.374,0.3757,43203179.43
2023-10-31 16:00:00,0.3757,0.3789,0.3749,0.3786,21249446.96
2023-10-31 20:00:00,0.3786,0.3803,0.3775,0.3797,9140916.33
2023-11-01 00:00:00,0.3797,0.3808,0.3777,0.3787,23063368.64
2023-11-01 04:00:00,0.3787,0.3791,0.3769,0.3779,15412279.86
2023-11-01 08:00:00,0.3779,0.3792,0.3774,0.3788,21523652.11
2023-11-01 12:00:00,0.3788,0.3823,0.3758,0.3769,29786450.21
2023-11-01 16:00:00,0.3769,0.3806,0.3755,0.3788,33786450.85
2023-11-01 20:00:00,0.3788,0.3854,0.3786,0.3843,54431713.6
2023-11-02 00:00:00,0.3843,0.3894,0.3841,0.3885,27107411.85
2023-11-02 04:00:00,0.3885,0.3966,0.3862,0.3958,27729620.2
2023-11-02 08:00:00,0.3958,0.4055,0.3942,0.4038,16918945.39
2023-11-02 12:00:00,0.4038,0.408,0.3982,0.4006,39100935.92
2023-11-02 16:00:00,0.4006,0.4072,0.3984,0.4067,32374464.4
2023-11-02 20:00:00,0.4067,0.4069,0.404,0.4058,15510842.88
2023-11-03 00:00:00,0.4058,0.4063,0.3993,0.4025,32118005.29
2023-11-03 04:00:00,0.4025,0.4111,0.4011,0.411,15505455.2
2023-11-03 08:00:00,0.411,0.4114,0.4052,0.4056,16350337.46
2023-11-03 12:00:00,0.4056,0.4098,0.405,0.408,21769541.88
2023-11-03 16:00:00,0.408,0.4116,0.4073,0.4103,57002743.06
2023-11-03 20:00:00,0.4103,0.413,0.4099,0.4115,24145163.62
2023-11-04 00:00:00,0.4115,0.4131,0.4098,0.4112,30572619.96
2023-11-04 04:00:00,0.4112,0.4134,0.4091,0.4093,22299394.37
2023-11-04 08:00:00,0.4093,0.4111,0.4086,0.4096,21568710.47
2023-11-04 12:00:00,0.4096,0.4105,0.4089,0.4096,18652723.59
2023-11-04 16:00:00,0.4096,0.411,0.4089,0.4105,26938684.69
2023-11-04 20:00:00,0.4105,0.4125,0.4088,0.4104,24068094.37
2023-11-05 00:00:00,0.4104,0.4137,0.4095,0.4131,21371499.98
2023-11-05 04:00:00,0.4131,0.4148,0.4113,0.4136,20110210.27
2023-11-05 08:00:00,0.4136,0.4153,0.4132,0.4136,21344888.56
2023-11-05 12:00:00,0.4136,0.4156,0.4122,0.4141,30730680.58
2023-11-05 16:00:00,0.4141,0.4162,0.4124,0.4144,28340561.1
2023-11-05 20:00:00,0.4144,0.4159,0.4109,0.4147,18913222.27
2023-11-06 00:00:00,0.4147,0.4173,0.4136,0.4162,15146541.08
2023-11-06 04:00:00,0.4162,0.4162,0.4137,0.4144,16974220.14
2023-11-06 08:00:00,0.4144,0.4188,0.4141,0.4183,31370691.7
2023-11-06 12:00:00,0.4183,0.42,0.4168,0.419,34270771.4
2023-11-06 16:00:00,0.419,0.4191,0.4146,0.4168,21991252.63
2023-11-06 20:00:00,0.4168,0.4174,0.4152,0.4165,15247587.03
2023-11-07 00:00:00,0.4165,0.418,0.4152,0.4155,23670824.99
2023-11-07 04:00:00,0.4155,0.417,0.4155,0.4169,14515542.21
2023-11-07 08:00:00,0.4169,0.4174,0.4134,0.4145,23968818.07
2023-11-07 12:00:00,0.4145,0.4155,0.4122,0.4127,25686173.35
2023-11-07 16:00:00,0.4127,0.416,0.411,0.4156,26986657.02
2023-11-07 20:00:00,0.4156,0.4197,0.4133,0.4153,16989727.95
2023-11-08 00:00:00,0.4153,0.42,0.4144,0.4181,13257497.63
2023-11-08 04:00:00,0.4181,0.4329,0.4181,0.432,16523023.08
2023-11-08 08:00:00,0.432,0.4356,0.4276,0.4276,30433552.18
2023-11-08 12:00:00,0.4276,0.435,0.427,0.4333,24868846.82
2023-11-08 16:00:00,0.4333,0.4354,0.4316,0.4326,20361853.77
2023-11-08 20:00:00,0.4326,0.4392,0.432,0.4365,39005357.77
2023-11-09 00:00:00,0.4365,0.4466,0.436,0.4448,31571657.25
2023-11-09 04:00:00,0.4448,0.449,0.4445,0.4461,19161090.74
2023-11-09 08:00:00,0.4461,0.4484,0.4438,0.446,22216289.81
2023-11-09 12:00:00,0.446,0.4567,0.4453,0.4513,73325392.35
2023-11-09 16:00:00,0.4513,0.4526,0.4389,0.442,84441114.82
2023-11-09 20:00:00,0.442,0.4588,0.4412,0.4576,64289070.94
2023-11-10 00:00:00,0.4576,0.463,0.4547,0.4629,49977261.69
2023-11-10 04:00:00,0.4629,0.4668,0.4616,0.4618,28215855.61
2023-11-10 08:00:00,0.4618,0.4627,0.4583,0.4587,39983344.03
2023-11-10 12:00:00,0.4587,0.4593,0.4554,0.4574,43265655.66
2023-11-10 16:00:00,0.4574,0.4619,0.4574,0.4592,17879123.54
2023-11-10 20:00:00,0.4592,0.4665,0.4587,0.464,20902294.79
2023-11-11 00:00:00,0.464,0.4644,0.46,0.4613,32685214.14
2023-11-11 04:00:00,0.4613,0.4614,0.4571,0.4573,25429817.69
2023-11-11 08:00:00,0.4573,0.4579,0.4522,0.4526,27846728.14
2023-11-11 12:00:00,0.4526,0.4533,0.4377,0.4384,28154322.87
2023-11-11 16:00:00,0.4384,0.4396,0.4311,0.4319,24125156.57
2023-11-11 20:00:00,0.4319,0.4321,0.4281,0.432,30291869.93
2023-11-12 00:00:00,0.432,0.4329,0.4282,0.4305,29469229.46
2023-11-12 04:00:00,0.4305,0.4328,0.4297,0.4321,21217993.44
2023-11-12 08:00:00,0.4321,0.4386,0.4318,0.4377,24316063.04
2023-11-12 12:00:00,0.4377,0.4413,0.4336,0.4409,32945842.75
2023-11-12 16:00:00,0.4409,0.4419,0.4405,0.4411,16539133.14
2023-11-12 20:00:00,0.4411,0.4462,0.4411,0.4452,27332054.04
2023-11-13 00:00:00,0.4452,0.4526,0.4442,0.4497,33462682.98
2023-11-13 04:00:00,0.4497,0.4506,0.448,0.4499,25605301.62
2023-11-13 08:00:00,0.4499,0.4562,0.4499,0.4559,33515153.31
2023-11-13 12:00:00,0.4559,0.4616,0.4551,0.4611,49235032.71
2023-11-13 16:00:00,0.4611,0.466,0.4598,0.4657,44433888.89
2023-11-13 20:00:00,0.4657,0.4657,0.4553,0.4553,36707876.95
2023-11-14 00:00:00,0.4553,0.4553,0.45,0.451,33611634.08
2023-11-14 04:00:00,0.451,0.4572,0.451,0.4569,16663236.88
2023-11-14 08:00:00,0.4569,0.4596,0.4525,0.453,22276320.44
2023-11-14 12:00:00,0.453,0.4569,0.4509,0.455,33563632.49
2023-11-14 16:00:00,0.455,0.4562,0.4454,0.4478,47098784.97
2023-11-14 20:00:00,0.4478,0.449,0.4466,0.448,23653668.47
2023-11-15 00:00:00,0.448,0.4498,0.4443,0.4444,15835123.09
2023-11-15 04:00:00,0.4444,0.4468,0.4443,0.4463,16177584.0
2023-11-15 08:00:00,0.4463,0.4598,0.4463,0.4587,25152752.93
2023-11-15 12:00:00,0.4587,0.4634,0.4571,0.4634,32454042.87
2023-11-15 16:00:00,0.4634,0.4641,0.4557,0.4584,31581884.98
2023-11-15 20:00:00,0.4584,0.4602,0.4563,0.4599,22463203.39
2023-11-16 00:00:00,0.4599,0.4627,0.4593,0.4624,19193917.69
2023-11-16 04:00:00,0.4624,0.4732,0.461,0.4704,26007072.2
2023-11-16 08:00:00,0.4704,0.4845,0.469,0.4808,45624734.41
2023-11-16 12:00:00,0.4808,0.4833,0.4733,0.4736,60946555.7
2023-11-16 16:00:00,0.4736,0.4824,0.4714,0.4742,41189243.51
2023-11-16 20:00:00,0.4742,0.4854,0.4741,0.485,42652624.95
2023-11-17 00:00:00,0.485,0.5125,0.4846,0.512,42580732.89
2023-11-17 04:00:00,0.512,0.5221,0.5038,0.5082,38665089.35
2023-11-17 08:00:00,0.5082,0.5182,0.5014,0.5065,47312882.38
2023-11-17 12:00:00,0.5065,0.5109,0.5,0.5031,45214586.73
2023-11-17 16:00:00,0.5031,0.5201,0.4996,0.516,48400734.12
2023-11-17 20:00:00,0.516,0.534,0.5157,0.5329,33389191.77
2023-11-18 00:00:00,0.5329,0.5384,0.5261,0.5263,24752973.86
2023-11-18 04:00:00,0.5263,0.5287,0.516,0.5196,34503165.38
2023-11-18 08:00:00,0.5196,0.5216,0.4965,0.4965,32756435.9
2023-11-18 12:00:00,0.4965,0.5098,0.496,0.5027,40224965.29
2023-11-18 16:00:00,0.5027,0.5088,0.5017,0.507,25858500.04
2023-11-18 20:00:00,0.507,0.5073,0.5012,0.5032,20723271.48
2023-11-19 00:00:00,0.5032,0.5033,0.4893,0.4931,31430109.92
2023-11-19 04:00:00,0.4931,0.515,0.4876,0.5027,40389124.26
2023-11-19 08:00:00,0.5027,0.5092,0.4928,0.4973,45004067.31
2023-11-19 12:00:00,0.4973,0.5024,0.4935,0.5011,40345002.7
2023-11-19 16:00:00,0.5011,0.5051,0.4863,0.4915,43020253.4
2023-11-19 20:00:00,0.4915,0.4936,0.4861,0.4913,40489977.29
2023-11-20 00:00:00,0.4913,0.4974,0.489,0.4922,33203077.51
2023-11-20 04:00:00,0.4922,0.4964,0.4867,0.4928,37627296.9
2023-11-20 08:00:00,0.4928,0.4993,0.4903,0.4964,38039514.52
2023-11-20 12:00:00,0.4964,0.4975,0.4885,0.4927,38669342.8
2023-11-20 16:00:00,0.4927,0.4981,0.4872,0.494,41641448.75
2023-11-20 20:00:00,0.494,0.4956,0.4902,0.4927,31387370.9
2023-11-21 00:00:00,0.4927,0.4954,0.4816,0.4825,34292053.61
2023-11-21 04:00:00,0.4825,0.4845,0.4752,0.4758,32265931.64
2023-11-21 08:00:00,0.4758,0.4792,0.4743,0.4753,27597567.43
2023-11-21 12:00:00,0.4753,0.477,0.4655,0.4718,41123764.37
2023-11-21 16:00:00,0.4718,0.4788,0.4656,0.4703,51547824.25
2023-11-21 20:00:00,0.4703,0.4768,0.4655,0.4657,39002108.46
2023-11-22 00:00:00,0.4657,0.4762,0.45,0.4746,33534018.45
2023-11-22 04:00:00,0.4746,0.4854,0.474,0.483,34885497.66
2023-11-22 08:00:00,0.483,0.4853,0.4602,0.4669,55393138.17
2023-11-22 12:00:00,0.4669,0.468,0.4615,0.4627,40805736.61
2023-11-22 16:00:00,0.4627,0.4647,0.4586,0.4611,36178741.51
2023-11-22 20:00:00,0.4611,0.4629,0.4581,0.46,29842268.25
2023-11-23 00:00:00,0.46,0.4657,0.4588,0.4641,24920877.43
2023-11-23 04:00:00,0.4641,0.4705,0.4628,0.4704,23274976.41
2023-11-23 08:00:00,0.4704,0.5011,0.4696,0.4933,55673912.99
2023-11-23 12:00:00,0.4933,0.5031,0.4894,0.4958,40775240.47
2023-11-23 16:00:00,0.4958,0.5151,0.495,0.5098,39596073.04
2023-11-23 20:00:00,0.5098,0.5117,0.5038,0.5079,28865357.44
2023-11-24 00:00:00,0.5079,0.5182,0.5065,0.5065,24004452.09
2023-11-24 04:00:00,0.5065,0.5095,0.5027,0.5049,20964640.84
2023-11-24 08:00:00,0.5049,0.5236,0.5006,0.512,37831515.67
2023-11-24 12:00:00,0.512,0.519,0.5091,0.516,31457710.71
2023-11-24 16:00:00,0.516,0.518,0.5046,0.5068,31304390.81
2023-11-24 20:00:00,0.5068,0.5101,0.5041,0.5079,20642047.24
2023-11-25 00:00:00,0.5079,0.5125,0.5078,0.512,18493172.4
2023-11-25 04:00:00,0.512,0.515,0.5101,0.5108,20291331.35
2023-11-25 08:00:00,0.5108,0.5134,0.5089,0.5105,21064738.23
2023-11-25 12:00:00,0.5105,0.514,0.5095,0.5138,19591330.73
2023-11-25 16:00:00,0.5138,0.5166,0.5124,0.5161,16941426.51
2023-11-25 20:00:00,0.5161,0.5167,0.5127,0.5144,14725616.07
2023-11-26 00:00:00,0.5144,0.5159,0.5126,0.5144,13301932.41
2023-11-26 04:00:00,0.5144,0.5194,0.5137,0.5189,15589526.33
2023-11-26 08:00:00,0.5189,0.5208,0.5149,0.5151,16416629.63
2023-11-26 12:00:00,0.5151,0.5153,0.5094,0.5095,21833231.21
2023-11-26 16:00:00,0.5095,0.5113,0.5041,0.5107,30269308.35
2023-11-26 20:00:00,0.5107,0.5149,0.5102,0.5119,18446868.15
2023-11-27 00:00:00,0.5119,0.5137,0.5078,0.5092,17993283.83
2023-11-27 04:00:00,0.5092,0.5102,0.5046,0.5073,18276564.97
2023-11-27 08:00:00,0.5073,0.5101,0.5023,0.5043,21162613.55
2023-11-27 12:00:00,0.5043,0.5053,0.4972,0.4992,25686792.74
2023-11-27 16:00:00,0.4992,0.5043,0.4983,0.4993,22110995.84
2023-11-27 20:00:00,0.4993,0.5051,0.4982,0.5047,19041604.87
2023-11-28 00:00:00,0.5047,0.5065,0.5038,0.5048,17102456.9
2023-11-28 04:00:00,0.5048,0.5056,0.5007,0.5035,19009531.4
2023-11-28 08:00:00,0.5035,0.521,0.4987,0.5179,30939593.13
2023-11-28 12:00:00,0.5179,0.5334,0.5165,0.532,31246033.49
2023-11-28 16:00:00,0.532,0.5374,0.5306,0.5337,33252384.5
2023-11-28 20:00:00,0.5337,0.5359,0.5332,0.5342,4553397.5
2023-11-29 00:00:00,0.5342,0.5342,0.5249,0.5268,8247325.88
2023-11-29 04:00:00,0.5268,0.5285,0.5241,0.5266,24381639.0
2023-11-29 08:00:00,0.5266,0.5298,0.5119,0.5213,34159297.63
2023-11-29 12:00:00,0.5213,0.5247,0.5157,0.5198,32811860.71
2023-11-29 16:00:00,0.5198,0.524,0.5157,0.5231,27525051.7
2023-11-29 20:00:00,0.5231,0.5276,0.521,0.5271,22895028.11
2023-11-30 00:00:00,0.5271,0.528,0.5221,0.5259,21585508.65
2023-11-30 04:00:00,0.5259,0.5394,0.5259,0.5372,26658563.13
2023-11-30 08:00:00,0.5372,0.5439,0.5308,0.5405,32776705.2
2023-11-30 12:00:00,0.5405,0.5408,0.5331,0.5379,28247910.48
2023-11-30 16:00:00,0.5379,0.5431,0.5368,0.542,22766522.77
2023-11-30 20:00:00,0.542,0.5431,0.533,0.5399,21922139.01
2023-12-01 00:00:00,0.5399,0.5447,0.5356,0.5434,24742348.11
2023-12-01 04:00:00,0.5434,0.5449,0.5417,0.5447,24327824.87
2023-12-01 08:00:00,0.5447,0.5489,0.543,0.5464,32669039.92
2023-12-01 12:00:00,0.5464,0.5486,0.5419,0.5445,30320320.57
2023-12-01 16:00:00,0.5445,0.5499,0.5435,0.5463,30884758.86
2023-12-01 20:00:00,0.5463,0.5486,0.5453,0.5459,21591293.97
2023-12-02 00:00:00,0.5459,0.5499,0.5454,0.5486,20569690.91
2023-12-02 04:00:00,0.5486,0.55,0.5472,0.5477,20593492.72
2023-12-02 08:00:00,0.5477,0.5496,0.5463,0.5467,22818844.9
2023-12-02 12:00:00,0.5467,0.5482,0.5421,0.544,39558340.6
2023-12-02 16:00:00,0.544,0.5544,0.5419,0.5499,35720278.1
2023-12-02 20:00:00,0.5499,0.5525,0.5459,0.5493,26384664.71
2023-12-03 00:00:00,0.5493,0.5494,0.5442,0.5451,26105158.93
2023-12-03 04:00:00,0.5451,0.5459,0.5414,0.5426,27060610.36
2023-12-03 08:00:00,0.5426,0.5452,0.5413,0.5421,25773829.09
2023-12-03 12:00:00,0.5421,0.5457,0.54,0.5447,26196073.76
2023-12-03 16:00:00,0.5447,0.5472,0.5432,0.5445,25434357.19
2023-12-03 20:00:00,0.5445,0.5505,0.543,0.5464,30307858.72
2023-12-04 00:00:00,0.5464,0.5548,0.5452,0.5523,37550168.68
2023-12-04 04:00:00,0.5523,0.5632,0.5521,0.5567,35450577.58
2023-12-04 08:00:00,0.5567,0.5713,0.5552,0.568,62370783.87
2023-12-04 12:00:00,0.568,0.5754,0.5665,0.5723,58281157.77
2023-12-04 16:00:00,0.5723,0.5979,0.5718,0.5938,43215421.5
2023-12-04 20:00:00,0.5938,0.6004,0.5919,0.5979,33700909.24
2023-12-05 00:00:00,0.5979,0.5997,0.5837,0.5858,33933987.47
2023-12-05 04:00:00,0.5858,0.5861,0.5658,0.5682,34506276.14
2023-12-05 08:00:00,0.5682,0.5686,0.5556,0.5556,39490953.4
2023-12-05 12:00:00,0.5556,0.577,0.5457,0.5731,48394501.37
2023-12-05 16:00:00,0.5731,0.5849,0.5707,0.5799,51447190.62
2023-12-05 20:00:00,0.5799,0.5885,0.5728,0.5859,38573972.23
2023-12-06 00:00:00,0.5859,0.5887,0.5815,0.5845,31238763.87
2023-12-06 04:00:00,0.5845,0.5935,0.5821,0.5923,33093156.16
2023-12-06 08:00:00,0.5923,0.6169,0.5914,0.6163,45859111.03
2023-12-06 12:00:00,0.6163,0.6183,0.5971,0.6082,46465525.0
2023-12-06 16:00:00,0.6082,0.6417,0.6081,0.6369,46861192.41
2023-12-06 20:00:00,0.6369,0.6403,0.6269,0.6339,36012794.34
2023-12-07 00:00:00,0.6339,0.6348,0.6177,0.6238,31401797.76
2023-12-07 04:00:00,0.6238,0.6345,0.623,0.631,27784600.51
2023-12-07 08:00:00,0.631,0.6386,0.6172,0.624,39934246.76
2023-12-07 12:00:00,0.624,0.6365,0.6213,0.6338,34628366.74
2023-12-07 16:00:00,0.6338,0.6513,0.6318,0.6382,85879887.16
2023-12-07 20:00:00,0.6382,0.6457,0.6375,0.6431,45444025.59
2023-12-08 00:00:00,0.6431,0.6569,0.6425,0.6528,50554776.08
2023-12-08 04:00:00,0.6528,0.6535,0.6418,0.6421,22965722.76
2023-12-08 08:00:00,0.6421,0.6449,0.6397,0.6424,8481788.64
2023-12-08 12:00:00,0.6424,0.6442,0.6348,0.6354,21360075.78
2023-12-08 16:00:00,0.6354,0.638,0.6319,0.6351,16448504.33
2023-12-08 20:00:00,0.6351,0.6407,0.6337,0.634,10718758.7
2023-12-09 00:00:00,0.634,0.6368,0.6325,0.6365,8968228.16
2023-12-09 04:00:00,0.6365,0.6408,0.6346,0.6383,18619512.04
2023-12-09 08:00:00,0.6383,0.6413,0.6208,0.6222,54178931.99
2023-12-09 12:00:00,0.6222,0.6312,0.6212,0.6271,28411943.2
2023-12-09 16:00:00,0.6271,0.6273,0.6191,0.622,24126970.44
2023-12-09 20:00:00,0.622,0.6225,0.6141,0.6152,10475001.0
2023-12-10 00:00:00,0.6152,0.6185,0.6152,0.6167,9601762.44
2023-12-10 04:00:00,0.6167,0.6182,0.6144,0.6158,4840214.85
2023-12-10 08:00:00,0.6158,0.6164,0.6027,0.6053,19138469.94
2023-12-10 12:00:00,0.6053,0.6076,0.6038,0.6041,8149708.82
2023-12-10 16:00:00,0.6041,0.6058,0.6023,0.6044,4803343.42
2023-12-10 20:00:00,0.6044,0.6183,0.6044,0.6088,11410301.21
2023-12-11 00:00:00,0.6088,0.6096,0.5801,0.591,50438432.04
2023-12-11 04:00:00,0.591,0.591,0.5819,0.5853,50274268.75
2023-12-11 08:00:00,0.5853,0.5945,0.5838,0.5936,25782661.54
2023-12-11 12:00:00,0.5936,0.5964,0.5833,0.585,34879460.81
2023-12-11 16:00:00,0.585,0.5867,0.5694,0.5753,44952852.37
2023-12-11 20:00:00,0.5753,0.5812,0.5736,0.581,17295254.05
2023-12-12 00:00:00,0.581,0.594,0.5806,0.5909,24194422.43
2023-12-12 04:00:00,0.5909,0.593,0.5862,0.5925,18290075.04
2023-12-12 08:00:00,0.5925,0.5934,0.5878,0.5896,4442924.69
2023-12-12 12:00:00,0.5896,0.593,0.5802,0.5813,6555387.14
2023-12-12 16:00:00,0.5813,0.5821,0.5735,0.5759,4984370.5
2023-12-12 20:00:00,0.5759,0.5808,0.5748,0.5806,3138728.52
2023-12-13 00:00:00,0.5806,0.5815,0.5706,0.5712,3340619.3
2023-12-13 04:00:00,0.5712,0.5716,0.5675,0.5693,2752523.89
2023-12-13 08:00:00,0.5693,0.571,0.5686,0.5695,1933538.13
2023-12-13 12:00:00,0.5695,0.5779,0.5688,0.5767,3917716.12
2023-12-13 16:00:00,0.5767,0.5824,0.5741,0.5821,4220051.07
2023-12-13 20:00:00,0.5821,0.5891,0.5821,0.586,3468060.36
2023-12-14 00:00:00,0.586,0.5876,0.5837,0.5858,1783461.27
2023-12-14 04:00:00,0.5858,0.5972,0.5855,0.5957,3557021.67
2023-12-14 08:00:00,0.5957,0.5967,0.5909,0.5966,2323862.18
2023-12-14 12:00:00,0.5966,0.5986,0.5821,0.5915,6715060.85
2023-12-14 16:00:00,0.5915,0.6039,0.5915,0.597,4293954.56
2023-12-14 20:00:00,0.597,0.6036,0.5958,0.6006,2147925.85
2023-12-15 00:00:00,0.6006,0.6009,0.5959,0.5965,2085438.33
2023-12-15 04:00:00,0.5965,0.597,0.5897,0.5931,3500220.3
2023-12-15 08:00:00,0.5931,0.597,0.5927,0.5941,6339632.0
2023-12-15 12:00:00,0.5941,0.5942,0.5788,0.58,12959135.49
2023-12-15 16:00:00,0.58,0.5858,0.5798,0.5845,6453028.07
2023-12-15 20:00:00,0.5845,0.5864,0.5786,0.5789,5076074.63
2023-12-16 00:00:00,0.5789,0.5855,0.5777,0.5847,7324710.88
2023-12-16 04:00:00,0.5847,0.585,0.5802,0.5811,3967162.52
2023-12-16 08:00:00,0.5811,0.5903,0.581,0.5868,7021245.03
2023-12-16 12:00:00,0.5868,0.59,0.5843,0.5896,8556713.1
2023-12-16 16:00:00,0.5896,0.5897,0.5834,0.5841,6456897.6
2023-12-16 20:00:00,0.5841,0.5853,0.5816,0.5835,4981329.47
2023-12-17 00:00:00,0.5835,0.5843,0.5797,0.5802,5430606.64
2023-12-17 04:00:00,0.5802,0.5828,0.5746,0.5756,6542553.05
2023-12-17 08:00:00,0.5756,0.5812,0.5722,0.5734,8793930.82
2023-12-17 12:00:00,0.5734,0.5741,0.5705,0.5731,5558992.75
2023-12-17 16:00:00,0.5731,0.5773,0.5709,0.5741,7293472.42
2023-12-17 20:00:00,0.5741,0.5765,0.5648,0.5649,5870249.36
2023-12-18 00:00:00,0.5649,0.5658,0.5529,0.5563,13313395.6
2023-12-18 04:00:00,0.5563,0.5571,0.5506,0.5519,6085824.76
2023-12-18 08:00:00,0.5519,0.5536,0.5422,0.5506,15981086.1
2023-12-18 12:00:00,0.5506,0.5661,0.5505,0.5596,20956274.9
2023-12-18 16:00:00,0.5596,0.5625,0.5575,0.5616,6382822.21
2023-12-18 20:00:00,0.5616,0.5701,0.5604,0.5701,6067942.68
2023-12-19 00:00:00,0.5701,0.5787,0.5688,0.5753,8926241.15
2023-12-19 04:00:00,0.5753,0.5758,0.5726,0.5736,4522072.28
2023-12-19 08:00:00,0.5736,0.5739,0.5668,0.567,5869765.68
2023-12-19 12:00:00,0.567,0.5674,0.5533,0.5588,12112436.6
2023-12-19 16:00:00,0.5588,0.5605,0.551,0.5581,13238794.04
2023-12-19 20:00:00,0.5581,0.5634,0.5574,0.561,5452229.76
2023-12-20 00:00:00,0.561,0.5644,0.5607,0.5619,5001121.96
2023-12-20 04:00:00,0.5619,0.5761,0.5614,0.5746,8631388.04
2023-12-20 08:00:00,0.5746,0.5785,0.5612,0.5709,22825036.21
2023-12-20 12:00:00,0.5709,0.575,0.5658,0.5708,14900886.39
2023-12-20 16:00:00,0.5708,0.5724,0.5619,0.563,14519651.02
2023-12-20 20:00:00,0.563,0.565,0.5548,0.5649,12772854.43
2023-12-21 00:00:00,0.5649,0.5677,0.5624,0.5666,5543794.39
2023-12-21 04:00:00,0.5666,0.5732,0.5621,0.5727,7531874.72
2023-12-21 08:00:00,0.5727,0.5773,0.5697,0.5769,13596672.73
2023-12-21 12:00:00,0.5769,0.5803,0.5691,0.5729,19473156.17
2023-12-21 16:00:00,0.5729,0.5755,0.5711,0.5735,14455332.04
2023-12-21 20:00:00,0.5735,0.5787,0.572,0.5768,8143242.93
2023-12-22 00:00:00,0.5768,0.5799,0.5744,0.5797,11568246.95
2023-12-22 04:00:00,0.5797,0.5916,0.5786,0.5869,39823965.18
2023-12-22 08:00:00,0.5869,0.6013,0.5865,0.5953,80295905.59
2023-12-22 12:00:00,0.5953,0.6007,0.5873,0.5947,60680600.4
2023-12-22 16:00:00,0.5947,0.6019,0.5909,0.5962,44133544.02
2023-12-22 20:00:00,0.5962,0.6032,0.5961,0.6015,21648166.96
2023-12-23 00:00:00,0.6015,0.6023,0.5758,0.5856,73090677.02
2023-12-23 04:00:00,0.5856,0.5899,0.5817,0.5863,22628300.69
2023-12-23 08:00:00,0.5863,0.5941,0.5863,0.5934,14953452.0
2023-12-23 12:00:00,0.5934,0.6067,0.5934,0.6028,17749473.72
2023-12-23 16:00:00,0.6028,0.6176,0.6017,0.6161,30229604.44
2023-12-23 20:00:00,0.6161,0.624,0.615,0.624,13263334.36
2023-12-24 00:00:00,0.624,0.6345,0.6195,0.6251,25459637.11
2023-12-24 04:00:00,0.6251,0.6253,0.612,0.6192,41784110.22
2023-12-24 08:00:00,0.6192,0.6245,0.6158,0.6228,28572910.21
2023-12-24 12:00:00,0.6228,0.6288,0.6207,0.6267,14331394.0
2023-12-24 16:00:00,0.6267,0.631,0.6261,0.63,10145903.51
2023-12-24 20:00:00,0.63,0.6313,0.6177,0.6222,20476759.92
2023-12-25 00:00:00,0.6222,0.6256,0.6171,0.6192,17085927.61
2023-12-25 04:00:00,0.6192,0.6203,0.6107,0.6135,12452656.53
2023-12-25 08:00:00,0.6135,0.6158,0.6079,0.6121,11710865.23
2023-12-25 12:00:00,0.6121,0.6217,0.608,0.6105,25177426.94
2023-12-25 16:00:00,0.6105,0.6113,0.6045,0.6097,16675045.74
2023-12-25 20:00:00,0.6097,0.6102,0.606,0.6083,9201435.13
2023-12-26 00:00:00,0.6083,0.6103,0.6048,0.6061,7833051.06
2023-12-26 04:00:00,0.6061,0.6077,0.5964,0.6009,22358880.16
2023-12-26 08:00:00,0.6009,0.6019,0.5957,0.599,12784377.35
2023-12-26 12:00:00,0.599,0.6018,0.5896,0.5899,12978863.94
2023-12-26 16:00:00,0.5899,0.5906,0.5803,0.5805,39985895.81
2023-12-26 20:00:00,0.5805,0.5875,0.58,0.5869,8398625.17
2023-12-27 00:00:00,0.5869,0.5872,0.5769,0.578,13926723.4
2023-12-27 04:00:00,0.578,0.5847,0.5776,0.5825,10103778.81
2023-12-27 08:00:00,0.5825,0.5932,0.582,0.5897,21764611.39
2023-12-27 12:00:00,0.5897,0.6044,0.5886,0.6035,60391734.71
2023-12-27 16:00:00,0.6035,0.613,0.6014,0.6117,65199542.07
2023-12-27 20:00:00,0.6117,0.6247,0.6108,0.6236,23292754.03
2023-12-28 00:00:00,0.6236,0.6484,0.6236,0.6335,76132502.3
2023-12-28 04:00:00,0.6335,0.6403,0.6262,0.6295,48849592.84
2023-12-28 08:00:00,0.6295,0.6452,0.6243,0.6445,35386398.53
2023-12-28 12:00:00,0.6445,0.6448,0.6206,0.6276,74318645.96
2023-12-28 16:00:00,0.6276,0.6411,0.6259,0.6389,32033280.0
2023-12-28 20:00:00,0.6389,0.65,0.6328,0.6453,28471142.82
2023-12-29 00:00:00,0.6453,0.6609,0.6349,0.6572,39099573.89
2023-12-29 04:00:00,0.6572,0.6674,0.6556,0.6563,25234551.57
2023-12-29 08:00:00,0.6563,0.6631,0.644,0.6586,60576976.65
2023-12-29 12:00:00,0.6586,0.6686,0.6488,0.6501,39662106.87
2023-12-29 16:00:00,0.6501,0.6518,0.6315,0.6501,66707310.81
2023-12-29 20:00:00,0.6501,0.6617,0.6491,0.6593,26633177.37
2023-12-30 00:00:00,0.6593,0.6654,0.654,0.6555,23074154.24
2023-12-30 04:00:00,0.6555,0.6649,0.6554,0.6568,22174764.25
2023-12-30 08:00:00,0.6568,0.6621,0.6403,0.6444,32350081.37
2023-12-30 12:00:00,0.6444,0.6596,0.643,0.6592,16918365.57
2023-12-30 16:00:00,0.6592,0.6639,0.6553,0.6578,33867385.42
2023-12-30 20:00:00,0.6578,0.6597,0.6536,0.6552,13360694.53
2023-12-31 00:00:00,0.6552,0.6598,0.6499,0.6518,20736513.85
2023-12-31 04:00:00,0.6518,0.6586,0.6513,0.6584,20488202.18
2023-12-31 08:00:00,0.6584,0.6623,0.6555,0.657,36310433.61
2023-12-31 12:00:00,0.657,0.6612,0.6456,0.6504,42294255.41
2023-12-31 16:00:00,0.6504,0.6534,0.6464,0.6474,14564191.62
2023-12-31 20:00:00,0.6474,0.6483,0.638,0.6432,10489095.12
2024-01-01 00:00:00,0.6432,0.6495,0.6405,0.642,13893607.82
2024-01-01 04:00:00,0.642,0.6442,0.6397,0.6427,9322959.38
2024-01-01 08:00:00,0.6427,0.65,0.6418,0.6479,6957422.72
2024-01-01 12:00:00,0.6479,0.6484,0.6411,0.6416,9912881.33
2024-01-01 16:00:00,0.6416,0.6421,0.6351,0.6392,21645773.29
2024-01-01 20:00:00,0.6392,0.6431,0.6354,0.6429,24036385.56
2024-01-02 00:00:00,0.6429,0.6564,0.6416,0.6561,41472324.66
2024-01-02 04:00:00,0.6561,0.6615,0.6538,0.659,17335579.68
2024-01-02 08:00:00,0.659,0.6663,0.6558,0.6594,49175893.13
2024-01-02 12:00:00,0.6594,0.6659,0.6535,0.6576,39197077.35
2024-01-02 16:00:00,0.6576,0.6614,0.6537,0.6602,26741200.04
2024-01-02 20:00:00,0.6602,0.6742,0.6601,0.6681,42211261.03
2024-01-03 00:00:00,0.6681,0.6886,0.6671,0.6849,79319857.42
2024-01-03 04:00:00,0.6849,0.6917,0.6758,0.6789,35611313.17
2024-01-03 08:00:00,0.6789,0.6817,0.6507,0.6525,73553484.23
2024-01-03 12:00:00,0.6525,0.6526,0.6059,0.6208,108501298.23
2024-01-03 16:00:00,0.6208,0.6263,0.6073,0.6111,80636778.23
2024-01-03 20:00:00,0.6111,0.6184,0.6099,0.6158,41505602.59
2024-01-04 00:00:00,0.6158,0.619,0.6113,0.6161,32829029.68
2024-01-04 04:00:00,0.6161,0.6206,0.6115,0.6124,31414326.57
2024-01-04 08:00:00,0.6124,0.614,0.5904,0.5945,67307059.78
2024-01-04 12:00:00,0.5945,0.603,0.5921,0.6026,57935046.26
2024-01-04 16:00:00,0.6026,0.6115,0.5963,0.6075,70454034.78
2024-01-04 20:00:00,0.6075,0.6112,0.5979,0.5986,36450363.3
2024-01-05 00:00:00,0.5986,0.6014,0.5873,0.5917,35620914.39
2024-01-05 04:00:00,0.5917,0.5953,0.5901,0.5935,22804085.39
2024-01-05 08:00:00,0.5935,0.6084,0.5935,0.6043,44560326.63
2024-01-05 12:00:00,0.6043,0.6064,0.5971,0.5993,40929466.76
2024-01-05 16:00:00,0.5993,0.6047,0.5967,0.6025,30467108.17
2024-01-05 20:00:00,0.6025,0.61,0.6017,0.6099,15608695.06
2024-01-06 00:00:00,0.6099,0.6099,0.6026,0.605,19942768.59
2024-01-06 04:00:00,0.605,0.6053,0.5902,0.5941,47053069.52
2024-01-06 08:00:00,0.5941,0.5958,0.5914,0.5937,19736383.91
2024-01-06 12:00:00,0.5937,0.5955,0.5882,0.5946,16118607.65
2024-01-06 16:00:00,0.5946,0.5992,0.5938,0.5955,13038505.12
2024-01-06 20:00:00,0.5955,0.5987,0.5935,0.5974,9914778.04
2024-01-07 00:00:00,0.5974,0.6008,0.5965,0.5991,8904926.57
2024-01-07 04:00:00,0.5991,0.6038,0.598,0.6027,11058893.66
2024-01-07 08:00:00,0.6027,0.6045,0.5985,0.5996,10049269.39
2024-01-07 12:00:00,0.5996,0.6045,0.5962,0.5983,14916239.83
2024-01-07 16:00:00,0.5983,0.6013,0.5949,0.5996,18894073.66
2024-01-07 20:00:00,0.5996,0.6001,0.5837,0.5892,24433432.29
2024-01-08 00:00:00,0.5892,0.5898,0.5775,0.5817,62067676.25
2024-01-08 04:00:00,0.5817,0.594,0.5811,0.5893,36544664.33
2024-01-08 08:00:00,0.5893,0.5926,0.5832,0.5917,34987305.32
2024-01-08 12:00:00,0.5917,0.6017,0.5916,0.6007,51932813.25
2024-01-08 16:00:00,0.6007,0.6205,0.6006,0.6178,64374063.28
2024-01-08 20:00:00,0.6178,0.6187,0.6117,0.6142,31013881.88
2024-01-09 00:00:00,0.6142,0.6146,0.6042,0.6072,25819309.52
2024-01-09 04:00:00,0.6072,0.62,0.6057,0.6188,13827160.24
2024-01-09 08:00:00,0.6188,0.6321,0.6178,0.6316,29364048.55
2024-01-09 12:00:00,0.6316,0.6374,0.6248,0.6355,47831749.92
2024-01-09 16:00:00,0.6355,0.6442,0.6325,0.6404,29771348.52
2024-01-09 20:00:00,0.6404,0.66,0.6357,0.6584,70520233.83
2024-01-10 00:00:00,0.6584,0.6737,0.6561,0.66,62440788.28
2024-01-10 04:00:00,0.66,0.6685,0.6574,0.6626,44756061.49
2024-01-10 08:00:00,0.6626,0.6745,0.6532,0.6729,72693169.21
2024-01-10 12:00:00,0.6729,0.6873,0.6598,0.6863,104658729.81
2024-01-10 16:00:00,0.6863,0.7269,0.6842,0.7268,105000212.55
2024-01-10 20:00:00,0.7268,0.7825,0.7122,0.7742,122168934.3
2024-01-11 00:00:00,0.7742,0.7997,0.7713,0.799,87829295.2
2024-01-11 04:00:00,0.799,0.8074,0.7915,0.8,90895423.99
2024-01-11 08:00:00,0.8,0.849,0.7979,0.8412,84099172.11
2024-01-11 12:00:00,0.8412,0.8508,0.7953,0.802,123875068.92
2024-01-11 16:00:00,0.802,0.8203,0.7755,0.8199,81625532.42
2024-01-11 20:00:00,0.8199,0.823,0.7955,0.7994,55254382.61
2024-01-12 00:00:00,0.7994,0.8021,0.7851,0.7855,30925899.15
2024-01-12 04:00:00,0.7855,0.7993,0.7833,0.7926,26747637.51
2024-01-12 08:00:00,0.7926,0.8175,0.7841,0.7952,61983282.07
2024-01-12 12:00:00,0.7952,0.8292,0.7952,0.8057,91355475.17
2024-01-12 16:00:00,0.8057,0.8145,0.7663,0.7712,86814023.25
2024-01-12 20:00:00,0.7712,0.777,0.7314,0.7419,84325316.2
2024-01-13 00:00:00,0.7419,0.7498,0.7386,0.7415,74919895.9
2024-01-13 04:00:00,0.7415,0.7582,0.7391,0.757,19641492.15
2024-01-13 08:00:00,0.757,0.7599,0.7501,0.7564,22741362.33
2024-01-13 12:00:00,0.7564,0.7625,0.7515,0.7612,18406771.52
2024-01-13 16:00:00,0.7612,0.7697,0.7573,0.7676,27543316.53
2024-01-13 20:00:00,0.7676,0.7737,0.7651,0.769,18786528.89
2024-01-14 00:00:00,0.769,0.7744,0.767,0.7716,11118121.59
2024-01-14 04:00:00,0.7716,0.7777,0.7686,0.7752,8514946.79
2024-01-14 08:00:00,0.7752,0.7765,0.7013,0.716,18457106.68
2024-01-14 12:00:00,0.716,0.7242,0.7128,0.7215,30980380.78
2024-01-14 16:00:00,0.7215,0.7225,0.7103,0.7116,16601882.0
2024-01-14 20:00:00,0.7116,0.7161,0.6989,0.7008,28222068.07
2024-01-15 00:00:00,0.7008,0.716,0.7008,0.7156,20634567.58
2024-01-15 04:00:00,0.7156,0.728,0.7143,0.7171,17337789.1
2024-01-15 08:00:00,0.7171,0.7292,0.7156,0.7264,20107482.99
2024-01-15 12:00:00,0.7264,0.7309,0.7183,0.7216,28026107.13
2024-01-15 16:00:00,0.7216,0.7304,0.7213,0.7254,20570781.57
2024-01-15 20:00:00,0.7254,0.727,0.717,0.719,10166997.39
2024-01-16 00:00:00,0.719,0.724,0.7171,0.7239,8609268.13
2024-01-16 04:00:00,0.7239,0.7303,0.7213,0.728,12802173.19
2024-01-16 08:00:00,0.728,0.7368,0.7257,0.7271,16167516.34
2024-01-16 12:00:00,0.7271,0.7323,0.708,0.7211,41853426.44
2024-01-16 16:00:00,0.7211,0.7256,0.719,0.7237,31811282.54
2024-01-16 20:00:00,0.7237,0.7375,0.7237,0.7292,18305718.0
2024-01-17 00:00:00,0.7292,0.731,0.7261,0.7283,7237315.32
2024-01-17 04:00:00,0.7283,0.732,0.7274,0.7277,5979932.1
2024-01-17 08:00:00,0.7277,0.7281,0.7216,0.722,9379784.4
2024-01-17 12:00:00,0.722,0.7298,0.7189,0.7222,18067131.58
2024-01-17 16:00:00,0.7222,0.7223,0.7059,0.7148,30990751.71
2024-01-17 20:00:00,0.7148,0.7171,0.709,0.7122,9237355.02
2024-01-18 00:00:00,0.7122,0.7123,0.7053,0.7114,8936890.91
2024-01-18 04:00:00,0.7114,0.7152,0.7099,0.715,6928597.76
2024-01-18 08:00:00,0.715,0.7166,0.7047,0.7068,10315287.04
2024-01-18 12:00:00,0.7068,0.7077,0.6992,0.7014,18684124.39
2024-01-18 16:00:00,0.7014,0.7016,0.6767,0.6788,54492711.17
2024-01-18 20:00:00,0.6788,0.6917,0.6784,0.6885,33843876.12
2024-01-19 00:00:00,0.6885,0.6897,0.6761,0.6831,15185766.92
2024-01-19 04:00:00,0.6831,0.6876,0.6821,0.6846,13366916.11
2024-01-19 08:00:00,0.6846,0.6931,0.6831,0.6928,8980800.12
2024-01-19 12:00:00,0.6928,0.6936,0.684,0.6841,14249332.18
2024-01-19 16:00:00,0.6841,0.6858,0.6648,0.6829,75048996.48
2024-01-19 20:00:00,0.6829,0.6851,0.679,0.6826,15072327.66
2024-01-20 00:00:00,0.6826,0.6826,0.6766,0.6792,6006171.62
2024-01-20 04:00:00,0.6792,0.6806,0.6775,0.6787,5974188.49
2024-01-20 08:00:00,0.6787,0.6791,0.675,0.676,6021854.63
2024-01-20 12:00:00,0.676,0.6762,0.6705,0.6736,7357931.21
2024-01-20 16:00:00,0.6736,0.6745,0.6712,0.6727,4846873.48
2024-01-20 20:00:00,0.6727,0.6756,0.6722,0.6738,4443502.81
2024-01-21 00:00:00,0.6738,0.6805,0.6732,0.6791,5149035.76
2024-01-21 04:00:00,0.6791,0.6818,0.6763,0.6786,5035747.94
2024-01-21 08:00:00,0.6786,0.68,0.6771,0.6774,6500476.55
2024-01-21 12:00:00,0.6774,0.682,0.677,0.6797,5727180.54
2024-01-21 16:00:00,0.6797,0.6818,0.6782,0.6814,4500473.72
2024-01-21 20:00:00,0.6814,0.682,0.678,0.6786,4470370.05
2024-01-22 00:00:00,0.6786,0.6883,0.6782,0.6805,17230240.88
2024-01-22 04:00:00,0.6805,0.682,0.6734,0.6791,14573191.37
2024-01-22 08:00:00,0.6791,0.685,0.6709,0.6777,29863271.98
2024-01-22 12:00:00,0.6777,0.6822,0.6706,0.6753,32038874.41
2024-01-22 16:00:00,0.6753,0.6768,0.6493,0.6529,50590866.7
2024-01-22 20:00:00,0.6529,0.6628,0.6484,0.6492,38654646.15
2024-01-23 00:00:00,0.6492,0.6529,0.6487,0.6509,14233302.47
2024-01-23 04:00:00,0.6509,0.6531,0.6366,0.6385,12175360.89
2024-01-23 08:00:00,0.6385,0.6396,0.6025,0.6061,76592724.93
2024-01-23 12:00:00,0.6061,0.615,0.5945,0.6124,68089083.59
2024-01-23 16:00:00,0.6124,0.6177,0.6067,0.6076,66038608.54
2024-01-23 20:00:00,0.6076,0.6211,0.6069,0.6205,21057734.74
2024-01-24 00:00:00,0.6205,0.6215,0.6057,0.6088,23225854.23
2024-01-24 04:00:00,0.6088,0.6113,0.6064,0.6102,13419002.33
2024-01-24 08:00:00,0.6102,0.6215,0.6087,0.6205,23357455.83
2024-01-24 12:00:00,0.6205,0.6214,0.6132,0.6168,30142361.34
2024-01-24 16:00:00,0.6168,0.6215,0.614,0.6167,25429659.97
2024-01-24 20:00:00,0.6167,0.634,0.616,0.6324,17116095.85
2024-01-25 00:00:00,0.6324,0.6428,0.6226,0.6272,23692692.57
2024-01-25 04:00:00,0.6272,0.6283,0.6195,0.6256,12081629.98
2024-01-25 08:00:00,0.6256,0.6262,0.616,0.6169,17725160.48
2024-01-25 12:00:00,0.6169,0.62,0.6053,0.6076,23575273.26
2024-01-25 16:00:00,0.6076,0.6145,0.6019,0.6129,28715302.36
2024-01-25 20:00:00,0.6129,0.6241,0.6115,0.6167,29827756.67
2024-01-26 00:00:00,0.6167,0.6268,0.6151,0.6228,12927126.87
2024-01-26 04:00:00,0.6228,0.6344,0.6227,0.6303,18172484.77
2024-01-26 08:00:00,0.6303,0.6567,0.629,0.6528,32528764.26
2024-01-26 12:00:00,0.6528,0.6542,0.6413,0.6494,37817577.65
2024-01-26 16:00:00,0.6494,0.6587,0.6489,0.6525,26753203.43
2024-01-26 20:00:00,0.6525,0.6552,0.6501,0.6533,11012175.12
2024-01-27 00:00:00,0.6533,0.6641,0.653,0.664,12210500.89
2024-01-27 04:00:00,0.664,0.6644,0.6546,0.6568,6436563.23
2024-01-27 08:00:00,0.6568,0.6568,0.6516,0.6528,8367878.28
2024-01-27 12:00:00,0.6528,0.658,0.6515,0.6561,7265907.37
2024-01-27 16:00:00,0.6561,0.6583,0.6516,0.6558,7112998.98
2024-01-27 20:00:00,0.6558,0.6562,0.6538,0.6548,5119080.35
2024-01-28 00:00:00,0.6548,0.6585,0.6496,0.6529,7607523.09
2024-01-28 04:00:00,0.6529,0.661,0.651,0.6512,14998182.54
2024-01-28 08:00:00,0.6512,0.6564,0.6496,0.6528,13938385.56
2024-01-28 12:00:00,0.6528,0.653,0.6452,0.6467,14661142.96
2024-01-28 16:00:00,0.6467,0.6484,0.6354,0.6373,11133600.78
2024-01-28 20:00:00,0.6373,0.6427,0.6353,0.6387,8322230.22
2024-01-29 00:00:00,0.6387,0.6452,0.637,0.6432,7243336.4
2024-01-29 04:00:00,0.6432,0.6432,0.6159,0.6162,13345825.04
2024-01-29 08:00:00,0.6162,0.6207,0.5968,0.5977,35562274.42
2024-01-29 12:00:00,0.5977,0.6078,0.597,0.6076,27027697.67
2024-01-29 16:00:00,0.6076,0.6282,0.6064,0.617,50044308.64
2024-01-29 20:00:00,0.617,0.6225,0.6149,0.6215,11282058.95
2024-01-30 00:00:00,0.6215,0.6255,0.6068,0.6079,14143762.12
2024-01-30 04:00:00,0.6079,0.6108,0.6028,0.6091,32061696.06
2024-01-30 08:00:00,0.6091,0.6098,0.5947,0.5948,12708080.63
2024-01-30 12:00:00,0.5948,0.6009,0.5908,0.6005,32215796.17
2024-01-30 16:00:00,0.6005,0.6085,0.5982,0.6034,47606344.0
2024-01-30 20:00:00,0.6034,0.6059,0.5899,0.5925,13621814.29
2024-01-31 00:00:00,0.5925,0.5998,0.5882,0.5928,31669839.5
2024-01-31 04:00:00,0.5928,0.5947,0.5893,0.5924,14586646.41
2024-01-31 08:00:00,0.5924,0.5931,0.5778,0.5825,23038054.27
2024-01-31 12:00:00,0.5825,0.5942,0.5804,0.5941,33242788.32
2024-01-31 16:00:00,0.5941,0.5985,0.5893,0.5916,29659914.21
2024-01-31 20:00:00,0.5916,0.5917,0.5791,0.5852,28271116.67
2024-02-01 00:00:00,0.5852,0.5873,0.5634,0.5656,31406020.99
2024-02-01 04:00:00,0.5656,0.5693,0.5638,0.568,12376022.11
2024-02-01 08:00:00,0.568,0.5743,0.5657,0.5709,9848909.63
2024-02-01 12:00:00,0.5709,0.585,0.5704,0.5803,20529092.77
2024-02-01 16:00:00,0.5803,0.592,0.5772,0.5893,27192511.49
2024-02-01 20:00:00,0.5893,0.5913,0.5858,0.5891,11939422.6
2024-02-02 00:00:00,0.5891,0.5959,0.5884,0.591,10553965.92
2024-02-02 04:00:00,0.591,0.5947,0.5904,0.5933,5838781.08
2024-02-02 08:00:00,0.5933,0.6,0.5904,0.5987,8660033.81
2024-02-02 12:00:00,0.5987,0.5989,0.5875,0.595,19132968.36
2024-02-02 16:00:00,0.595,0.5974,0.5843,0.5882,18565687.91
2024-02-02 20:00:00,0.5882,0.5898,0.5859,0.5898,5457045.63
2024-02-03 00:00:00,0.5898,0.5967,0.5894,0.5932,6943361.43
2024-02-03 04:00:00,0.5932,0.5965,0.592,0.5921,5176083.35
2024-02-03 08:00:00,0.5921,0.593,0.5893,0.5897,4352496.39
2024-02-03 12:00:00,0.5897,0.5931,0.5884,0.5889,5903762.77
2024-02-03 16:00:00,0.5889,0.5936,0.5886,0.5936,5695915.74
2024-02-03 20:00:00,0.5936,0.5938,0.5898,0.5905,3851440.05
2024-02-04 00:00:00,0.5905,0.5918,0.5886,0.5909,3409402.7
2024-02-04 04:00:00,0.5909,0.591,0.5864,0.5867,3828533.03
2024-02-04 08:00:00,0.5867,0.5942,0.5858,0.5931,6908305.04
2024-02-04 12:00:00,0.5931,0.5949,0.5908,0.5919,5154544.89
2024-02-04 16:00:00,0.5919,0.5934,0.5869,0.5911,7215752.3
2024-02-04 20:00:00,0.5911,0.5996,0.5908,0.5963,11333940.4
2024-02-05 00:00:00,0.5963,0.5974,0.5865,0.5894,11787174.87
2024-02-05 04:00:00,0.5894,0.5894,0.585,0.588,6993773.45
2024-02-05 08:00:00,0.588,0.5933,0.588,0.5932,7003046.14
2024-02-05 12:00:00,0.5932,0.5944,0.5868,0.5875,8718147.82
2024-02-05 16:00:00,0.5875,0.5938,0.5856,0.5917,10357920.02
2024-02-05 20:00:00,0.5917,0.5922,0.588,0.5913,6683384.89
2024-02-06 00:00:00,0.5913,0.5969,0.5907,0.5947,7348306.98
2024-02-06 04:00:00,0.5947,0.5957,0.5924,0.5949,9162653.94
2024-02-06 08:00:00,0.5949,0.5971,0.5853,0.5877,23540992.93
2024-02-06 12:00:00,0.5877,0.5922,0.5836,0.5921,32149569.95
2024-02-06 16:00:00,0.5921,0.5959,0.5896,0.5953,23579088.85
2024-02-06 20:00:00,0.5953,0.6051,0.5948,0.5975,28421106.46
2024-02-07 00:00:00,0.5975,0.6,0.5947,0.5951,7946669.57
2024-02-07 04:00:00,0.5951,0.5963,0.5913,0.5926,7050782.07
2024-02-07 08:00:00,0.5926,0.5981,0.5921,0.5943,10126837.39
2024-02-07 12:00:00,0.5943,0.5972,0.5916,0.5931,12991163.97
2024-02-07 16:00:00,0.5931,0.6126,0.593,0.6112,46560660.61
2024-02-07 20:00:00,0.6112,0.6174,0.6083,0.6104,25892986.07
2024-02-08 00:00:00,0.6104,0.6182,0.6089,0.6148,15999061.8
2024-02-08 04:00:00,0.6148,0.6208,0.6042,0.6066,22902525.74
2024-02-08 08:00:00,0.6066,0.6101,0.6051,0.6085,16722557.86
2024-02-08 12:00:00,0.6085,0.6198,0.6067,0.6164,15404242.65
2024-02-08 16:00:00,0.6164,0.6173,0.6079,0.6127,28318602.55
2024-02-08 20:00:00,0.6127,0.6141,0.6104,0.6104,6820306.25
2024-02-09 00:00:00,0.6104,0.619,0.6102,0.6157,8797212.58
2024-02-09 04:00:00,0.6157,0.6228,0.6136,0.6213,9232185.47
2024-02-09 08:00:00,0.6213,0.6351,0.6208,0.6342,15869469.85
2024-02-09 12:00:00,0.6342,0.6507,0.6297,0.6455,66233094.38
2024-02-09 16:00:00,0.6455,0.651,0.6417,0.6428,41617651.99
2024-02-09 20:00:00,0.6428,0.6542,0.6416,0.6484,27082287.29
2024-02-10 00:00:00,0.6484,0.6559,0.6475,0.6534,8767788.27
2024-02-10 04:00:00,0.6534,0.6543,0.6474,0.6474,6756852.5
2024-02-10 08:00:00,0.6474,0.6489,0.6372,0.6402,10570008.3
2024-02-10 12:00:00,0.6402,0.6429,0.6386,0.6415,6922112.29
2024-02-10 16:00:00,0.6415,0.6447,0.6398,0.6443,5372966.62
2024-02-10 20:00:00,0.6443,0.6518,0.6438,0.6508,7891402.98
2024-02-11 00:00:00,0.6508,0.6637,0.6499,0.6636,7208080.81
2024-02-11 04:00:00,0.6636,0.668,0.6607,0.6637,12388807.29
2024-02-11 08:00:00,0.6637,0.6657,0.659,0.6648,7300432.82
2024-02-11 12:00:00,0.6648,0.6686,0.656,0.6562,12480617.43
2024-02-11 16:00:00,0.6562,0.6591,0.6541,0.6564,7047897.2
2024-02-11 20:00:00,0.6564,0.6578,0.6521,0.6542,5775771.46
2024-02-12 00:00:00,0.6542,0.6596,0.652,0.6533,8540982.0
2024-02-12 04:00:00,0.6533,0.6546,0.6401,0.6447,9859801.12
2024-02-12 08:00:00,0.6447,0.6465,0.6389,0.6431,9781067.78
2024-02-12 12:00:00,0.6431,0.6609,0.6403,0.659,19464786.61
2024-02-12 16:00:00,0.659,0.6824,0.657,0.6731,90688139.24
2024-02-12 20:00:00,0.6731,0.6845,0.6731,0.6841,23611616.02
2024-02-13 00:00:00,0.6841,0.6913,0.6807,0.6819,18977631.27
2024-02-13 04:00:00,0.6819,0.7888,0.6792,0.7054,40016781.2
2024-02-13 08:00:00,0.7054,0.725,0.7026,0.7087,36865152.75
2024-02-13 12:00:00,0.7087,0.7198,0.698,0.7127,50524590.42
2024-02-13 16:00:00,0.7127,0.7146,0.6883,0.6885,32373333.99
2024-02-13 20:00:00,0.6885,0.6977,0.6738,0.6948,20382478.57
2024-02-14 00:00:00,0.6948,0.695,0.6841,0.6888,15089229.76
2024-02-14 04:00:00,0.6888,0.6977,0.6839,0.6961,10630737.45
2024-02-14 08:00:00,0.6961,0.7213,0.6948,0.7186,53090232.09
2024-02-14 12:00:00,0.7186,0.7299,0.7166,0.7262,38169458.9
2024-02-14 16:00:00,0.7262,0.7349,0.7189,0.7345,25122036.69
2024-02-14 20:00:00,0.7345,0.7775,0.7338,0.7771,24425171.96
2024-02-15 00:00:00,0.7771,0.7948,0.7658,0.7861,52225318.39
2024-02-15 04:00:00,0.7861,0.7911,0.7705,0.7887,27342778.44
2024-02-15 08:00:00,0.7887,0.8059,0.7866,0.7943,22305701.62
2024-02-15 12:00:00,0.7943,0.8216,0.7826,0.7873,51693712.36
2024-02-15 16:00:00,0.7873,0.7938,0.7756,0.78,52310198.27
2024-02-15 20:00:00,0.78,0.7817,0.7665,0.7775,20771867.14
2024-02-16 00:00:00,0.7775,0.7816,0.7735,0.7751,11896796.48
2024-02-16 04:00:00,0.7751,0.7771,0.7521,0.7559,12442874.32
2024-02-16 08:00:00,0.7559,0.767,0.7456,0.7627,32802041.39
2024-02-16 12:00:00,0.7627,0.7802,0.7364,0.7794,61207321.94
2024-02-16 16:00:00,0.7794,0.7866,0.7622,0.7623,47707726.16
2024-02-16 20:00:00,0.7623,0.7721,0.759,0.7714,11708667.08
2024-02-17 00:00:00,0.7714,0.7743,0.7661,0.7691,8074584.63
2024-02-17 04:00:00,0.7691,0.7713,0.7621,0.7648,5778026.0
2024-02-17 08:00:00,0.7648,0.7655,0.7521,0.7577,10195513.07
2024-02-17 12:00:00,0.7577,0.763,0.7336,0.7404,22472443.24
2024-02-17 16:00:00,0.7404,0.7476,0.7373,0.7462,12512418.51
2024-02-17 20:00:00,0.7462,0.754,0.7427,0.7504,8199263.3
2024-02-18 00:00:00,0.7504,0.7671,0.7447,0.7659,10259288.52
2024-02-18 04:00:00,0.7659,0.7812,0.7644,0.7777,18428021.87
2024-02-18 08:00:00,0.7777,0.7837,0.7725,0.7774,14557577.59
2024-02-18 12:00:00,0.7774,0.779,0.7722,0.777,10051696.28
2024-02-18 16:00:00,0.777,0.7851,0.7734,0.7803,9583101.02
2024-02-18 20:00:00,0.7803,0.7951,0.7742,0.7884,15013511.05
2024-02-19 00:00:00,0.7884,0.7909,0.7809,0.7885,12207866.48
2024-02-19 04:00:00,0.7885,0.8097,0.7868,0.7997,27620079.41
2024-02-19 08:00:00,0.7997,0.7999,0.7788,0.7817,39157873.86
2024-02-19 12:00:00,0.7817,0.7847,0.7486,0.7588,38243737.33
2024-02-19 16:00:00,0.7588,0.765,0.7507,0.757,31224664.55
2024-02-19 20:00:00,0.757,0.7846,0.7546,0.7771,18017055.69
2024-02-20 00:00:00,0.7771,0.7843,0.7669,0.7675,22769170.97
2024-02-20 04:00:00,0.7675,0.7807,0.7658,0.7771,14638236.95
2024-02-20 08:00:00,0.7771,0.7791,0.7672,0.7764,19649040.91
2024-02-20 12:00:00,0.7764,0.7842,0.749,0.7569,55621923.03
2024-02-20 16:00:00,0.7569,0.7661,0.7417,0.7658,64172757.18
2024-02-20 20:00:00,0.7658,0.7693,0.7594,0.7648,26181771.49
2024-02-21 00:00:00,0.7648,0.7684,0.7591,0.7608,13146414.76
2024-02-21 04:00:00,0.7608,0.7612,0.7323,0.7348,23292675.81
2024-02-21 08:00:00,0.7348,0.7407,0.7067,0.7101,54266027.79
2024-02-21 12:00:00,0.7101,0.7228,0.6983,0.7052,61358582.45
2024-02-21 16:00:00,0.7052,0.7112,0.6963,0.7076,34559151.04
2024-02-21 20:00:00,0.7076,0.7273,0.7064,0.7258,22790837.95
2024-02-22 00:00:00,0.7258,0.7258,0.709,0.715,25142456.39
2024-02-22 04:00:00,0.715,0.7241,0.7102,0.7188,17242688.8
2024-02-22 08:00:00,0.7188,0.7789,0.7171,0.7751,82435326.15
2024-02-22 12:00:00,0.7751,0.7828,0.76,0.772,39805466.45
2024-02-22 16:00:00,0.772,0.7783,0.7658,0.7759,16377699.47
2024-02-22 20:00:00,0.7759,0.7856,0.7714,0.7814,24287086.03
2024-02-23 00:00:00,0.7814,0.7966,0.774,0.783,28633863.12
2024-02-23 04:00:00,0.783,0.7976,0.7768,0.7896,20216443.19
2024-02-23 08:00:00,0.7896,0.7921,0.7722,0.7901,22401894.7
2024-02-23 12:00:00,0.7901,0.7953,0.7817,0.7818,25210972.78
2024-02-23 16:00:00,0.7818,0.7956,0.7753,0.7926,39169687.36
2024-02-23 20:00:00,0.7926,0.7949,0.7796,0.7865,14878080.23
2024-02-24 00:00:00,0.7865,0.7881,0.763,0.7652,27098660.67
2024-02-24 04:00:00,0.7652,0.7766,0.7646,0.7746,11435024.8
2024-02-24 08:00:00,0.7746,0.7796,0.7702,0.7775,10070467.39
2024-02-24 12:00:00,0.7775,0.7836,0.7741,0.7759,10602167.05
2024-02-24 16:00:00,0.7759,0.7902,0.7755,0.7867,10918518.1
2024-02-24 20:00:00,0.7867,0.7869,0.7784,0.7829,6795320.15
2024-02-25 00:00:00,0.7829,0.7942,0.7732,0.7939,11752402.58
2024-02-25 04:00:00,0.7939,0.7958,0.7807,0.7854,15048610.09
2024-02-25 08:00:00,0.7854,0.8,0.7819,0.7995,10838802.91
2024-02-25 12:00:00,0.7995,0.8364,0.7956,0.8359,30692074.58
2024-02-25 16:00:00,0.8359,0.86,0.8307,0.8563,20826134.92
2024-02-25 20:00:00,0.8563,0.9043,0.8555,0.8872,31692779.85
2024-02-26 00:00:00,0.8872,0.9207,0.8806,0.8947,31090144.74
2024-02-26 04:00:00,0.8947,0.9509,0.8945,0.9205,39335248.09
2024-02-26 08:00:00,0.9205,0.9418,0.8735,0.8767,53895440.95
2024-02-26 12:00:00,0.8767,0.932,0.8677,0.9213,37601554.48
2024-02-26 16:00:00,0.9213,0.9359,0.9113,0.9337,47210097.72
2024-02-26 20:00:00,0.9337,0.94,0.911,0.9266,37162888.02
2024-02-27 00:00:00,0.9266,0.9392,0.9154,0.9365,25298204.73
2024-02-27 04:00:00,0.9365,0.95,0.9169,0.9227,25393162.51
2024-02-27 08:00:00,0.9227,0.9296,0.8858,0.8886,39215602.65
2024-02-27 12:00:00,0.8886,0.9107,0.8876,0.8927,41094894.35
2024-02-27 16:00:00,0.8927,0.9083,0.8926,0.9038,33543048.67
2024-02-27 20:00:00,0.9038,0.9055,0.8871,0.8875,11211800.61
2024-02-28 00:00:00,0.8875,0.8884,0.8626,0.8678,20559576.27
2024-02-28 04:00:00,0.8678,0.8987,0.8576,0.8961,24670854.19
2024-02-28 08:00:00,0.8961,0.9119,0.8604,0.8656,78518449.1
2024-02-28 12:00:00,0.8656,0.922,0.858,0.9125,95566352.2
2024-02-28 16:00:00,0.9125,0.9408,0.8616,0.8982,114425011.87
2024-02-28 20:00:00,0.8982,0.9474,0.8851,0.9449,46154088.05
2024-02-29 00:00:00,0.9449,0.971,0.9447,0.9611,66465979.02
2024-02-29 04:00:00,0.9611,1.0008,0.9592,0.998,71143918.65
2024-02-29 08:00:00,0.998,1.013,0.9828,0.997,61668578.58
2024-02-29 12:00:00,0.997,0.9992,0.9371,0.9425,59110952.05
2024-02-29 16:00:00,0.9425,0.943,0.9004,0.9187,82562749.44
2024-02-29 20:00:00,0.9187,0.9223,0.8786,0.894,61552360.18
2024-03-01 00:00:00,0.894,0.9221,0.8931,0.9047,30567335.01
2024-03-01 04:00:00,0.9047,0.9209,0.9004,0.9133,19826078.22
2024-03-01 08:00:00,0.9133,0.9324,0.9126,0.9234,26697266.73
2024-03-01 12:00:00,0.9234,0.9454,0.9154,0.9217,39546736.99
2024-03-01 16:00:00,0.9217,0.9337,0.914,0.9192,35886670.15
2024-03-01 20:00:00,0.9192,0.9358,0.9151,0.9296,17192911.52
2024-03-02 00:00:00,0.9296,0.944,0.9198,0.9371,22041320.09
2024-03-02 04:00:00,0.9371,0.9375,0.9271,0.9333,18755978.17
2024-03-02 08:00:00,0.9333,0.9348,0.9042,0.9055,23134802.7
2024-03-02 12:00:00,0.9055,0.9131,0.8858,0.896,44526813.78
2024-03-02 16:00:00,0.896,0.9074,0.8949,0.9043,21280545.22
2024-03-02 20:00:00,0.9043,0.906,0.8942,0.9027,12803867.74
2024-03-03 00:00:00,0.9027,0.9044,0.8928,0.8989,30859298.99
2024-03-03 04:00:00,0.8989,0.906,0.8746,0.8863,55835680.25
2024-03-03 08:00:00,0.8863,0.9002,0.882,0.8932,62573858.03
2024-03-03 12:00:00,0.8932,0.901,0.8928,0.8971,29702083.79
2024-03-03 16:00:00,0.8971,0.9075,0.8952,0.898,21775271.24
2024-03-03 20:00:00,0.898,0.8991,0.8789,0.8845,17544357.87
2024-03-04 00:00:00,0.8845,0.8952,0.8716,0.8755,51661721.0
2024-03-04 04:00:00,0.8755,0.8842,0.868,0.8729,19990503.32
2024-03-04 08:00:00,0.8729,0.8913,0.8729,0.8822,48205436.97
2024-03-04 12:00:00,0.8822,0.9029,0.8761,0.9023,50108018.12
2024-03-04 16:00:00,0.9023,0.9186,0.8843,0.9171,70356163.12
2024-03-04 20:00:00,0.9171,0.9412,0.914,0.9407,28998257.65
2024-03-05 00:00:00,0.9407,0.9446,0.9223,0.9436,42804108.11
2024-03-05 04:00:00,0.9436,0.965,0.9344,0.9493,102076940.88
2024-03-05 08:00:00,0.9493,0.9732,0.9446,0.9665,73598010.96
2024-03-05 12:00:00,0.9665,0.9979,0.9596,0.9603,105496711.47
2024-03-05 16:00:00,0.9603,0.9638,0.85,0.8704,150405171.4
2024-03-05 20:00:00,0.8704,0.9296,0.8537,0.9211,104146158.36
2024-03-06 00:00:00,0.9211,0.9712,0.9196,0.97,87913898.97
2024-03-06 04:00:00,0.97,1.0,0.9661,0.9984,87702850.59
2024-03-06 08:00:00,0.9984,1.0186,0.986,0.9951,89475894.33
2024-03-06 12:00:00,0.9951,1.0238,0.9523,0.9793,104645166.54
2024-03-06 16:00:00,0.9793,0.9984,0.9765,0.9822,57659698.45
2024-03-06 20:00:00,0.9822,0.9894,0.9645,0.9754,40242778.31
2024-03-07 00:00:00,0.9754,0.9907,0.9651,0.9739,43707583.74
2024-03-07 04:00:00,0.9739,0.9868,0.9552,0.97,10970750.26
2024-03-07 08:00:00,0.97,0.9779,0.9673,0.973,6748298.68
2024-03-07 12:00:00,0.973,0.9881,0.9693,0.9835,12771699.28
2024-03-07 16:00:00,0.9835,0.9887,0.9754,0.9847,6157774.45
2024-03-07 20:00:00,0.9847,1.0026,0.9766,0.9821,4953462.6
2024-03-08 00:00:00,0.9821,1.0,0.9814,0.9861,5317724.18
2024-03-08 04:00:00,0.9861,0.9933,0.9671,0.9765,29680494.66
2024-03-08 08:00:00,0.9765,1.0008,0.9729,0.9997,26682762.2
2024-03-08 12:00:00,0.9997,1.0373,0.9944,1.0044,88656435.93
2024-03-08 16:00:00,1.0044,1.0482,0.9841,1.0469,78329024.35
2024-03-08 20:00:00,1.0469,1.0571,1.0414,1.0507,24858423.41
2024-03-09 00:00:00,1.0507,1.0718,1.0504,1.0572,18250403.65
2024-03-09 04:00:00,1.0572,1.0623,1.0301,1.0458,20577405.17
2024-03-09 08:00:00,1.0458,1.0511,0.998,1.0351,48163751.86
2024-03-09 12:00:00,1.0351,1.0632,1.0325,1.0511,35635315.44
2024-03-09 16:00:00,1.0511,1.0541,1.034,1.0385,32677102.6
2024-03-09 20:00:00,1.0385,1.0561,1.0371,1.0517,15969069.15
2024-03-10 00:00:00,1.0517,1.0681,1.0299,1.0566,33666940.45
2024-03-10 04:00:00,1.0566,1.0657,1.0525,1.0621,22271473.74
2024-03-10 08:00:00,1.0621,1.0642,1.047,1.0579,35391635.48
2024-03-10 12:00:00,1.0579,1.0617,1.0351,1.0403,39537300.77
2024-03-10 16:00:00,1.0403,1.058,1.0346,1.0378,21111521.81
2024-03-10 20:00:00,1.0378,1.0439,1.0169,1.0386,19815846.78
2024-03-11 00:00:00,1.0386,1.0421,1.0044,1.0345,65927872.54
2024-03-11 04:00:00,1.0345,1.0786,1.0335,1.0744,39251170.27
2024-03-11 08:00:00,1.0744,1.0989,1.0583,1.0745,69026831.68
2024-03-11 12:00:00,1.0745,1.0914,1.068,1.0714,38688309.22
2024-03-11 16:00:00,1.0714,1.0804,1.0605,1.0673,55877292.53
2024-03-11 20:00:00,1.0673,1.0856,1.0636,1.0786,21685356.33
2024-03-12 00:00:00,1.0786,1.0932,1.073,1.0742,19998782.56
2024-03-12 04:00:00,1.0742,1.0846,1.0628,1.0669,28006104.55
2024-03-12 08:00:00,1.0669,1.069,1.0449,1.0561,42458701.31
2024-03-12 12:00:00,1.0561,1.0565,1.0278,1.0486,53817790.64
2024-03-12 16:00:00,1.0486,1.0561,1.0,1.0539,87723270.17
2024-03-12 20:00:00,1.0539,1.0551,1.0067,1.0386,25217286.8
2024-03-13 00:00:00,1.0386,1.0656,1.0286,1.0638,39514870.25
2024-03-13 04:00:00,1.0638,1.0848,1.056,1.0633,73732732.86
2024-03-13 08:00:00,1.0633,1.0717,1.04,1.0505,81901042.84
2024-03-13 12:00:00,1.0505,1.055,1.0233,1.0325,85602635.11
2024-03-13 16:00:00,1.0325,1.0481,1.0306,1.0406,49755258.57
2024-03-13 20:00:00,1.0406,1.0453,1.0315,1.0404,23446927.65
2024-03-14 00:00:00,1.0404,1.0527,1.0346,1.0463,33962406.22
2024-03-14 04:00:00,1.0463,1.049,1.0126,1.0425,36154137.87
2024-03-14 08:00:00,1.0425,1.0819,1.0385,1.0453,67831149.92
2024-03-14 12:00:00,1.0453,1.0528,0.9811,0.9868,96965250.1
2024-03-14 16:00:00,0.9868,1.0002,0.9375,0.9563,100203029.84
2024-03-14 20:00:00,0.9563,0.9882,0.9551,0.987,53660204.6
2024-03-15 00:00:00,0.987,1.001,0.8672,0.914,89066457.3
2024-03-15 04:00:00,0.914,0.9263,0.88,0.9178,121035962.85
2024-03-15 08:00:00,0.9178,0.9208,0.8536,0.8943,114930772.33
2024-03-15 12:00:00,0.8943,0.9081,0.8727,0.897,85406265.68
2024-03-15 16:00:00,0.897,0.9234,0.8817,0.8882,24308442.82
2024-03-15 20:00:00,0.8882,0.8948,0.8659,0.891,12313151.46
2024-03-16 00:00:00,0.891,0.8994,0.8739,0.8777,10904549.18
2024-03-16 04:00:00,0.8777,0.9125,0.861,0.8868,9701694.6
2024-03-16 08:00:00,0.8868,0.8868,0.8568,0.8644,18117414.98
2024-03-16 12:00:00,0.8644,0.8713,0.8469,0.8601,81340305.32
2024-03-16 16:00:00,0.8601,0.8614,0.8232,0.8283,82045768.52
2024-03-16 20:00:00,0.8283,0.8329,0.81,0.8202,57613057.79
2024-03-17 00:00:00,0.8202,0.8393,0.8109,0.8382,52300961.36
2024-03-17 04:00:00,0.8382,0.8416,0.8002,0.8139,72109630.29
2024-03-17 08:00:00,0.8139,0.869,0.8136,0.8521,86717894.19
2024-03-17 12:00:00,0.8521,0.8712,0.8352,0.8674,66929847.04
2024-03-17 16:00:00,0.8674,0.8748,0.8578,0.8734,57720128.56
2024-03-17 20:00:00,0.8734,0.8815,0.866,0.8703,19324666.18
2024-03-18 00:00:00,0.8703,0.8707,0.8358,0.851,67960797.53
2024-03-18 04:00:00,0.851,0.8635,0.8417,0.8558,39945266.5
2024-03-18 08:00:00,0.8558,0.8559,0.8335,0.8435,66366059.06
2024-03-18 12:00:00,0.8435,0.8447,0.8131,0.8285,77064248.21
2024-03-18 16:00:00,0.8285,0.8358,0.8124,0.8251,76323615.82
2024-03-18 20:00:00,0.8251,0.8393,0.8251,0.8324,31645492.9
2024-03-19 00:00:00,0.8324,0.8398,0.8008,0.8109,73234170.68
2024-03-19 04:00:00,0.8109,0.8134,0.7829,0.7932,84019050.79
2024-03-19 08:00:00,0.7932,0.7933,0.766,0.7811,100622396.01
2024-03-19 12:00:00,0.7811,0.7998,0.7741,0.7982,95555332.8
2024-03-19 16:00:00,0.7982,0.8332,0.7976,0.8315,91150440.04
2024-03-19 20:00:00,0.8315,0.8334,0.7831,0.7899,83117356.05
2024-03-20 00:00:00,0.7899,0.8191,0.7872,0.7961,87788333.62
2024-03-20 04:00:00,0.7961,0.8097,0.7656,0.8082,87556239.97
2024-03-20 08:00:00,0.8082,0.8119,0.7966,0.8004,72172570.13
2024-03-20 12:00:00,0.8004,0.807,0.7794,0.7821,73861588.82
2024-03-20 16:00:00,0.7821,0.8088,0.7488,0.8085,103876566.09
2024-03-20 20:00:00,0.8085,0.8468,0.8063,0.8429,81240834.76
2024-03-21 00:00:00,0.8429,0.8637,0.8354,0.8462,46547311.64
2024-03-21 04:00:00,0.8462,0.8493,0.8218,0.8389,67097486.65
2024-03-21 08:00:00,0.8389,0.8538,0.837,0.8427,59656213.46
2024-03-21 12:00:00,0.8427,0.8484,0.8259,0.8307,48690173.04
2024-03-21 16:00:00,0.8307,0.8421,0.8154,0.8221,81704680.59
2024-03-21 20:00:00,0.8221,0.8388,0.8153,0.8316,40826437.18
2024-03-22 00:00:00,0.8316,0.8383,0.8191,0.8328,31580842.89
2024-03-22 04:00:00,0.8328,0.8482,0.8306,0.8365,29252892.08
2024-03-22 08:00:00,0.8365,0.8406,0.8036,0.8056,36358250.73
2024-03-22 12:00:00,0.8056,0.8132,0.781,0.7947,87474548.94
2024-03-22 16:00:00,0.7947,0.7984,0.7825,0.7956,51267993.35
2024-03-22 20:00:00,0.7956,0.7965,0.7757,0.7895,30805160.54
2024-03-23 00:00:00,0.7895,0.805,0.7821,0.7884,34868456.56
2024-03-23 04:00:00,0.7884,0.8146,0.7876,0.8139,24006127.66
2024-03-23 08:00:00,0.8139,0.8228,0.8062,0.8212,30543008.25
2024-03-23 12:00:00,0.8212,0.835,0.8149,0.8254,30493059.7
2024-03-23 16:00:00,0.8254,0.8303,0.8204,0.8225,22758269.17
2024-03-23 20:00:00,0.8225,0.824,0.8042,0.8053,12789510.65
2024-03-24 00:00:00,0.8053,0.8177,0.8037,0.8061,18307091.87
2024-03-24 04:00:00,0.8061,0.8128,0.8007,0.8065,17958649.21
2024-03-24 08:00:00,0.8065,0.8228,0.8049,0.8226,30294533.61
2024-03-24 12:00:00,0.8226,0.8333,0.8201,0.822,25140676.09
2024-03-24 16:00:00,0.822,0.8304,0.8099,0.824,37633565.38
2024-03-24 20:00:00,0.824,0.8454,0.821,0.8398,21569001.87
2024-03-25 00:00:00,0.8398,0.8416,0.8188,0.8362,20976784.28
2024-03-25 04:00:00,0.8362,0.8569,0.8297,0.831,35732696.37
2024-03-25 08:00:00,0.831,0.8468,0.8262,0.8291,37165199.0
2024-03-25 12:00:00,0.8291,0.8727,0.8288,0.8667,68758277.24
2024-03-25 16:00:00,0.8667,0.8689,0.8556,0.8653,48920875.74
2024-03-25 20:00:00,0.8653,0.8679,0.8484,0.8595,23124492.68
2024-03-26 00:00:00,0.8595,0.8843,0.8539,0.883,25404918.05
2024-03-26 04:00:00,0.883,0.93,0.8814,0.9138,48022435.98
2024-03-26 08:00:00,0.9138,0.9299,0.9024,0.9169,41351254.26
2024-03-26 12:00:00,0.9169,0.9371,0.8944,0.9125,64156264.2
2024-03-26 16:00:00,0.9125,0.9211,0.9011,0.9163,43116737.58
2024-03-26 20:00:00,0.9163,0.9364,0.916,0.9345,17672142.24
2024-03-27 00:00:00,0.9345,0.9503,0.9294,0.9424,19508105.92
2024-03-27 04:00:00,0.9424,1.306,0.9319,1.1701,120606367.15
2024-03-27 08:00:00,1.1701,1.384,1.1432,1.282,106077061.29
2024-03-27 12:00:00,1.282,1.5,1.27,1.2932,117662761.17
2024-03-27 16:00:00,1.2932,1.3005,1.206,1.215,50549869.94
2024-03-27 20:00:00,1.215,1.2718,1.205,1.2621,45199620.27
2024-03-28 00:00:00,1.2621,1.2653,1.165,1.1836,34556735.5
2024-03-28 04:00:00,1.1836,1.2421,1.1777,1.2136,25586437.68
2024-03-28 08:00:00,1.2136,1.217,1.19,1.1928,26989256.99
2024-03-28 12:00:00,1.1928,1.2278,1.184,1.2142,30171591.07
2024-03-28 16:00:00,1.2142,1.2211,1.2022,1.215,9982335.53
2024-03-28 20:00:00,1.215,1.2308,1.2029,1.2126,24317712.43
2024-03-29 00:00:00,1.2126,1.2183,1.1633,1.1695,20757499.16
2024-03-29 04:00:00,1.1695,1.1841,1.1626,1.1661,16432719.49
2024-03-29 08:00:00,1.1661,1.1771,1.165,1.168,12255986.97
2024-03-29 12:00:00,1.168,1.1775,1.1552,1.1598,14812865.3
2024-03-29 16:00:00,1.1598,1.1697,1.1503,1.1666,13949624.9
2024-03-29 20:00:00,1.1666,1.1845,1.1607,1.1815,6438026.18
2024-03-30 00:00:00,1.1815,1.3241,1.1726,1.2918,45732488.47
2024-03-30 04:00:00,1.2918,1.3023,1.2538,1.2642,23092198.01
2024-03-30 08:00:00,1.2642,1.3514,1.2614,1.3177,20961039.98
2024-03-30 12:00:00,1.3177,1.3236,1.2722,1.2757,19320149.6
2024-03-30 16:00:00,1.2757,1.3027,1.2735,1.2829,9600153.4
2024-03-30 20:00:00,1.2829,1.2863,1.2503,1.2567,9589839.32
2024-03-31 00:00:00,1.2567,1.3563,1.252,1.3179,23753710.43
2024-03-31 04:00:00,1.3179,1.325,1.2966,1.3161,18434186.01
2024-03-31 08:00:00,1.3161,1.3432,1.3057,1.3106,13573256.18
2024-03-31 12:00:00,1.3106,1.3174,1.2921,1.298,8819275.9
2024-03-31 16:00:00,1.298,1.3102,1.294,1.2996,6127850.04
2024-03-31 20:00:00,1.2996,1.3186,1.2928,1.3166,7281827.33
2024-04-01 00:00:00,1.3166,1.3258,1.2933,1.3005,17024120.06
2024-04-01 04:00:00,1.3005,1.3021,1.2111,1.2607,49406751.4
2024-04-01 08:00:00,1.2607,1.2607,1.2352,1.2411,12587459.69
2024-04-01 12:00:00,1.2411,1.253,1.2005,1.2125,26313304.34
2024-04-01 16:00:00,1.2125,1.2371,1.2088,1.2357,26203466.57
2024-04-01 20:00:00,1.2357,1.262,1.215,1.2615,7865407.95
2024-04-02 00:00:00,1.2615,1.2619,1.1578,1.1869,42882328.42
2024-04-02 04:00:00,1.1869,1.2176,1.1802,1.2117,43160671.27
2024-04-02 08:00:00,1.2117,1.2738,1.1884,1.2071,65555824.3
2024-04-02 12:00:00,1.2071,1.2645,1.1974,1.2292,32924287.53
2024-04-02 16:00:00,1.2292,1.2638,1.2198,1.2577,14740279.98
2024-04-02 20:00:00,1.2577,1.2758,1.2316,1.2699,13341520.53
2024-04-03 00:00:00,1.2699,1.2756,1.2042,1.2556,20106032.7
2024-04-03 04:00:00,1.2556,1.305,1.2512,1.2877,11007875.82
2024-04-03 08:00:00,1.2877,1.2973,1.2387,1.2469,12937045.56
2024-04-03 12:00:00,1.2469,1.2574,1.2268,1.2356,13608245.01
2024-04-03 16:00:00,1.2356,1.2471,1.2244,1.2309,7526097.73
2024-04-03 20:00:00,1.2309,1.2403,1.2164,1.2345,4283259.65
2024-04-04 00:00:00,1.2345,1.2903,1.2322,1.2611,13583149.33
2024-04-04 04:00:00,1.2611,1.2997,1.2455,1.2928,10047161.26
2024-04-04 08:00:00,1.2928,1.357,1.2879,1.3549,13505650.38
2024-04-04 12:00:00,1.3549,1.3974,1.3382,1.3724,19580770.11
2024-04-04 16:00:00,1.3724,1.4015,1.3348,1.3462,11529126.22
2024-04-04 20:00:00,1.3462,1.44,1.314,1.4092,14998558.56
2024-04-05 00:00:00,1.4092,1.4498,1.3709,1.3925,14780543.21
2024-04-05 04:00:00,1.3925,1.4131,1.3453,1.3656,10028783.07
2024-04-05 08:00:00,1.3656,1.3834,1.3026,1.3093,10373687.46
2024-04-05 12:00:00,1.3093,1.3711,1.2874,1.3481,17884269.01
2024-04-05 16:00:00,1.3481,1.3504,1.3287,1.3379,6825178.93
2024-04-05 20:00:00,1.3379,1.3699,1.3372,1.3635,3211157.07
2024-04-06 00:00:00,1.3635,1.3638,1.3047,1.3271,4859717.36
2024-04-06 04:00:00,1.3271,1.3382,1.3144,1.3323,2479290.44
2024-04-06 08:00:00,1.3323,1.3562,1.3292,1.3297,3038797.51
2024-04-06 12:00:00,1.3297,1.3381,1.3151,1.3328,3332240.79
2024-04-06 16:00:00,1.3328,1.3416,1.3249,1.3387,2151202.57
2024-04-06 20:00:00,1.3387,1.3562,1.3383,1.343,2490639.99
2024-04-07 00:00:00,1.343,1.4218,1.3412,1.3948,5732899.28
2024-04-07 04:00:00,1.3948,1.428,1.3811,1.4155,3891085.92
2024-04-07 08:00:00,1.4155,1.4243,1.398,1.399,3477018.15
2024-04-07 12:00:00,1.399,1.4014,1.3767,1.3799,4034721.19
2024-04-07 16:00:00,1.3799,1.3924,1.3783,1.388,2573841.11
2024-04-07 20:00:00,1.388,1.4203,1.3869,1.4126,3882564.24
2024-04-08 00:00:00,1.4126,1.5147,1.4053,1.445,12326317.42
2024-04-08 04:00:00,1.445,1.4688,1.4354,1.4637,4884226.63
2024-04-08 08:00:00,1.4637,1.5073,1.4618,1.4856,12755708.48
2024-04-08 12:00:00,1.4856,1.4945,1.4158,1.435,10631396.92
2024-04-08 16:00:00,1.435,1.4497,1.4168,1.4268,4363954.89
2024-04-08 20:00:00,1.4268,1.4527,1.4221,1.4361,3252946.42
2024-04-09 00:00:00,1.4361,1.4612,1.4214,1.4299,6914832.49
2024-04-09 04:00:00,1.4299,1.4353,1.3816,1.3873,5685946.83
2024-04-09 08:00:00,1.3873,1.4005,1.3537,1.3818,11924654.13
2024-04-09 12:00:00,1.3818,1.4081,1.3329,1.3568,11872043.38
2024-04-09 16:00:00,1.3568,1.361,1.3373,1.3597,6509329.91
2024-04-09 20:00:00,1.3597,1.3651,1.3498,1.3633,2427373.95
2024-04-10 00:00:00,1.3633,1.3633,1.3,1.3167,8983663.69
2024-04-10 04:00:00,1.3167,1.3474,1.3126,1.3372,3823170.12
2024-04-10 08:00:00,1.3372,1.3429,1.3033,1.315,4580022.13
2024-04-10 12:00:00,1.315,1.3225,1.263,1.3154,12878249.27
2024-04-10 16:00:00,1.3154,1.352,1.3123,1.3355,6733553.93
2024-04-10 20:00:00,1.3355,1.3537,1.3254,1.3274,3161900.32
2024-04-11 00:00:00,1.3274,1.3284,1.2984,1.3093,3803430.17
2024-04-11 04:00:00,1.3093,1.3175,1.2946,1.3135,3341844.32
2024-04-11 08:00:00,1.3135,1.3189,1.2801,1.2838,4002125.08
2024-04-11 12:00:00,1.2838,1.3,1.2677,1.273,7451424.99
2024-04-11 16:00:00,1.273,1.2854,1.2679,1.2758,3667804.59
2024-04-11 20:00:00,1.2758,1.2819,1.2711,1.2735,1828668.39
2024-04-12 00:00:00,1.2735,1.3292,1.2727,1.3017,6192457.19
2024-04-12 04:00:00,1.3017,1.3194,1.2963,1.3053,4984048.11
2024-04-12 08:00:00,1.3053,1.3053,1.2855,1.2873,7951457.13
2024-04-12 12:00:00,1.2873,1.2873,1.23,1.239,12006459.49
2024-04-12 16:00:00,1.239,1.2419,1.0389,1.1456,18319107.75
2024-04-12 20:00:00,1.1456,1.1668,1.128,1.1597,9068727.28
2024-04-13 00:00:00,1.1597,1.1597,1.0878,1.1334,13156115.91
2024-04-13 04:00:00,1.1334,1.1665,1.1314,1.1398,8242613.65
2024-04-13 08:00:00,1.1398,1.1594,1.1277,1.1504,8285806.67
2024-04-13 12:00:00,1.1504,1.2183,1.1481,1.1983,10179384.48
2024-04-13 16:00:00,1.1983,1.2042,1.08,1.1038,18254347.52
2024-04-13 20:00:00,1.1038,1.1423,1.0088,1.0891,23130075.94
2024-04-14 00:00:00,1.0891,1.108,1.0285,1.0669,18503835.88
2024-04-14 04:00:00,1.0669,1.1365,1.065,1.1307,19145336.87
2024-04-14 08:00:00,1.1307,1.1459,1.0944,1.1009,10819469.6
2024-04-14 12:00:00,1.1009,1.1254,1.0928,1.1079,14623453.6
2024-04-14 16:00:00,1.1079,1.1557,1.0875,1.1367,17412009.22
2024-04-14 20:00:00,1.1367,1.1686,1.1061,1.1551,9325245.4
2024-04-15 00:00:00,1.1551,1.1675,1.1254,1.1457,9829586.05
2024-04-15 04:00:00,1.1457,1.1895,1.1406,1.1731,10284953.36
2024-04-15 08:00:00,1.1731,1.1971,1.1694,1.1737,9107660.94
2024-04-15 12:00:00,1.1737,1.1828,1.1173,1.1368,11071171.36
2024-04-15 16:00:00,1.1368,1.1459,1.0839,1.1239,11368748.87
2024-04-15 20:00:00,1.1239,1.1347,1.1026,1.1211,8108759.92
2024-04-16 00:00:00,1.1211,1.1787,1.1157,1.125,11065682.87
2024-04-16 04:00:00,1.125,1.1442,1.0978,1.1433,8222595.83
2024-04-16 08:00:00,1.1433,1.1449,1.0805,1.1096,9696640.97
2024-04-16 12:00:00,1.1096,1.1103,1.07,1.0791,9508394.85
2024-04-16 16:00:00,1.0791,1.121,1.0706,1.1065,11116685.5
2024-04-16 20:00:00,1.1065,1.1309,1.1006,1.1212,9079075.79
2024-04-17 00:00:00,1.1212,1.183,1.1206,1.1444,9592754.27
2024-04-17 04:00:00,1.1444,1.1678,1.139,1.1613,7896845.55
2024-04-17 08:00:00,1.1613,1.177,1.1405,1.1418,8157375.59
2024-04-17 12:00:00,1.1418,1.1555,1.1,1.1102,13153450.91
2024-04-17 16:00:00,1.1102,1.1631,1.1002,1.1491,12683067.16
2024-04-17 20:00:00,1.1491,1.1659,1.1417,1.1554,8167693.73
2024-04-18 00:00:00,1.1554,1.1634,1.1212,1.1554,13074809.07
2024-04-18 04:00:00,1.1554,1.16,1.098,1.1159,8566421.85
2024-04-18 08:00:00,1.1159,1.1551,1.1012,1.1318,10064446.93
2024-04-18 12:00:00,1.1318,1.1593,1.1168,1.1502,10032348.27
2024-04-18 16:00:00,1.1502,1.1571,1.1308,1.1497,9252772.4
2024-04-18 20:00:00,1.1497,1.179,1.1442,1.1706,8129618.81
2024-04-19 00:00:00,1.1706,1.1742,1.0758,1.1158,16464061.1
2024-04-19 04:00:00,1.1158,1.163,1.1068,1.1545,13254366.5
2024-04-19 08:00:00,1.1545,1.1671,1.1432,1.1575,11449426.62
2024-04-19 12:00:00,1.1575,1.1649,1.1411,1.1613,9198032.03
2024-04-19 16:00:00,1.1613,1.1625,1.134,1.1467,8775687.07
2024-04-19 20:00:00,1.1467,1.1588,1.1262,1.1407,6671964.85
2024-04-20 00:00:00,1.1407,1.1474,1.1302,1.1408,8862425.75
2024-04-20 04:00:00,1.1408,1.1464,1.1363,1.1444,4955972.64
2024-04-20 08:00:00,1.1444,1.1543,1.1342,1.1459,3936212.14
2024-04-20 12:00:00,1.1459,1.1777,1.1436,1.1775,5062825.49
2024-04-20 16:00:00,1.1775,1.2058,1.1672,1.1802,6987750.63
2024-04-20 20:00:00,1.1802,1.1994,1.18,1.1929,4505287.97
2024-04-21 00:00:00,1.1929,1.2494,1.1898,1.233,7288802.82
2024-04-21 04:00:00,1.233,1.2332,1.1968,1.2012,4896551.53
2024-04-21 08:00:00,1.2012,1.2095,1.1862,1.2007,4219125.73
2024-04-21 12:00:00,1.2007,1.2064,1.1785,1.1966,4625758.86
2024-04-21 16:00:00,1.1966,1.2009,1.1713,1.1933,4079545.49
2024-04-21 20:00:00,1.1933,1.204,1.1885,1.1924,2960236.87
2024-04-22 00:00:00,1.1924,1.2383,1.1905,1.2335,5231295.7
2024-04-22 04:00:00,1.2335,1.2383,1.2139,1.216,4103196.44
2024-04-22 08:00:00,1.216,1.2328,1.2108,1.2188,3988468.18
2024-04-22 12:00:00,1.2188,1.2334,1.2127,1.2221,4653999.87
2024-04-22 16:00:00,1.2221,1.2398,1.2141,1.2327,4561337.62
2024-04-22 20:00:00,1.2327,1.2415,1.2257,1.2311,3477203.37
2024-04-23 00:00:00,1.2311,1.2669,1.2084,1.2088,7079186.83
2024-04-23 04:00:00,1.2088,1.2159,1.1908,1.1946,6071646.24
2024-04-23 08:00:00,1.1946,1.204,1.1701,1.1785,8200745.07
2024-04-23 12:00:00,1.1785,1.1922,1.1659,1.1814,11187630.11
2024-04-23 16:00:00,1.1814,1.1919,1.1747,1.1779,6126794.9
2024-04-23 20:00:00,1.1779,1.1794,1.1628,1.1691,5491342.72
2024-04-24 00:00:00,1.1691,1.1768,1.155,1.1558,7178410.81
2024-04-24 04:00:00,1.1558,1.1707,1.1454,1.1554,7139450.12
2024-04-24 08:00:00,1.1554,1.1588,1.1464,1.1525,5105036.57
2024-04-24 12:00:00,1.1525,1.1542,1.1,1.1079,9162258.96
2024-04-24 16:00:00,1.1079,1.1299,1.1001,1.1128,9492163.52
2024-04-24 20:00:00,1.1128,1.1177,1.0966,1.1044,7333858.25
2024-04-25 00:00:00,1.1044,1.1168,1.0912,1.1055,6551043.49
2024-04-25 04:00:00,1.1055,1.1116,1.0918,1.1012,6681113.78
2024-04-25 08:00:00,1.1012,1.1376,1.0878,1.111,10531035.89
2024-04-25 12:00:00,1.111,1.1366,1.0927,1.1313,10461568.05
2024-04-25 16:00:00,1.1313,1.1466,1.1222,1.1408,9489034.54
2024-04-25 20:00:00,1.1408,1.1478,1.118,1.1225,6308808.28
2024-04-26 00:00:00,1.1225,1.128,1.1006,1.1068,7903021.94
2024-04-26 04:00:00,1.1068,1.1168,1.101,1.1012,6032754.67
2024-04-26 08:00:00,1.1012,1.1127,1.0947,1.0948,5986718.78
2024-04-26 12:00:00,1.0948,1.111,1.0794,1.1015,6808982.3
2024-04-26 16:00:00,1.1015,1.1116,1.0976,1.1036,5257167.02
2024-04-26 20:00:00,1.1036,1.1105,1.0924,1.0944,3791710.53
2024-04-27 00:00:00,1.0944,1.0962,1.0633,1.0774,7278905.07
2024-04-27 04:00:00,1.0774,1.084,1.0724,1.0781,3744195.02
2024-04-27 08:00:00,1.0781,1.0815,1.0558,1.0627,3907063.7
2024-04-27 12:00:00,1.0627,1.0784,1.0608,1.0696,5564527.28
2024-04-27 16:00:00,1.0696,1.1002,1.0664,1.0876,6809666.39
2024-04-27 20:00:00,1.0876,1.0933,1.0809,1.0897,4186386.34
2024-04-28 00:00:00,1.0897,1.107,1.0813,1.0983,4341338.64
2024-04-28 04:00:00,1.0983,1.1126,1.0942,1.1031,3700204.79
2024-04-28 08:00:00,1.1031,1.109,1.092,1.0966,4368849.87
2024-04-28 12:00:00,1.0966,1.1136,1.0965,1.1102,5060110.34
2024-04-28 16:00:00,1.1102,1.1128,1.0991,1.1004,5149196.03
2024-04-28 20:00:00,1.1004,1.1078,1.0686,1.0747,4812801.85
2024-04-29 00:00:00,1.0747,1.0879,1.0392,1.0422,7933443.95
2024-04-29 04:00:00,1.0422,1.0522,1.0279,1.0416,6539441.4
2024-04-29 08:00:00,1.0416,1.0417,1.0216,1.0281,7310775.04
2024-04-29 12:00:00,1.0281,1.0458,1.0147,1.0436,9012809.71
2024-04-29 16:00:00,1.0436,1.0454,1.026,1.034,6550824.09
2024-04-29 20:00:00,1.034,1.0512,1.0214,1.0417,5061648.45
2024-04-30 00:00:00,1.0417,1.0469,1.0149,1.028,7423095.92
2024-04-30 04:00:00,1.028,1.0314,1.01,1.0185,6173621.81
2024-04-30 08:00:00,1.0185,1.0185,0.9548,0.9582,10108740.54
2024-04-30 12:00:00,0.9582,0.974,0.9368,0.9533,9699409.45
2024-04-30 16:00:00,0.9533,0.9568,0.9299,0.9311,8324455.91
2024-04-30 20:00:00,0.9311,0.964,0.9308,0.9568,7877881.06
2024-05-01 00:00:00,0.9568,0.9712,0.9207,0.94,11272173.62
2024-05-01 04:00:00,0.94,0.9425,0.8781,0.8818,11009786.73
2024-05-01 08:00:00,0.8818,0.9158,0.8651,0.9156,14795045.94
2024-05-01 12:00:00,0.9156,0.9291,0.9,0.9095,15913292.95
2024-05-01 16:00:00,0.9095,0.963,0.904,0.9213,16763257.6
2024-05-01 20:00:00,0.9213,0.9562,0.9212,0.9459,10044629.78
2024-05-02 00:00:00,0.9459,0.9669,0.9279,0.9396,12259704.72
2024-05-02 04:00:00,0.9396,0.9422,0.9189,0.9328,12113408.37
2024-05-02 08:00:00,0.9328,0.9722,0.9318,0.9687,12646611.56
2024-05-02 12:00:00,0.9687,1.02,0.9661,1.0056,15469843.35
2024-05-02 16:00:00,1.0056,1.0057,0.9865,0.9892,13433843.94
2024-05-02 20:00:00,0.9892,1.0103,0.987,0.9968,10131694.42
2024-05-03 00:00:00,0.9968,1.0128,0.9821,0.9981,11960459.38
2024-05-03 04:00:00,0.9981,1.0043,0.984,0.9902,9836806.05
2024-05-03 08:00:00,0.9902,0.9924,0.9726,0.9898,12726931.78
2024-05-03 12:00:00,0.9898,1.0369,0.9878,1.0355,13859891.56
2024-05-03 16:00:00,1.0355,1.0417,1.0275,1.0388,10461315.06
2024-05-03 20:00:00,1.0388,1.0522,1.032,1.0404,7602885.11
2024-05-04 00:00:00,1.0404,1.0566,1.0331,1.0372,7510505.61
2024-05-04 04:00:00,1.0372,1.0474,1.035,1.0405,6678682.89
2024-05-04 08:00:00,1.0405,1.0657,1.0367,1.0551,7009016.05
2024-05-04 12:00:00,1.0551,1.0575,1.0458,1.0519,7851927.03
2024-05-04 16:00:00,1.0519,1.0576,1.0444,1.0551,5131172.89
2024-05-04 20:00:00,1.0551,1.0625,1.0486,1.0499,5025851.93
2024-05-05 00:00:00,1.0499,1.0519,1.0234,1.0285,7555513.84
2024-05-05 04:00:00,1.0285,1.0373,1.0245,1.0305,4749687.29
2024-05-05 08:00:00,1.0305,1.0486,1.0257,1.0458,5689002.48
2024-05-05 12:00:00,1.0458,1.0717,1.0392,1.0641,6676952.19
2024-05-05 16:00:00,1.0641,1.077,1.0623,1.0656,5127906.57
2024-05-05 20:00:00,1.0656,1.0704,1.06,1.0639,4409083.91
2024-05-06 00:00:00,1.0639,1.0739,1.0576,1.0588,4867162.42
2024-05-06 04:00:00,1.0588,1.0827,1.0558,1.0792,5282502.52
2024-05-06 08:00:00,1.0792,1.0981,1.0641,1.0736,8337725.39
2024-05-06 12:00:00,1.0736,1.0778,1.0418,1.0538,9911524.42
2024-05-06 16:00:00,1.0538,1.0595,1.0409,1.0438,8920421.96
2024-05-06 20:00:00,1.0438,1.0574,1.0418,1.0427,6324388.56
2024-05-07 00:00:00,1.0427,1.0578,1.0332,1.0395,8345411.85
2024-05-07 04:00:00,1.0395,1.047,1.0363,1.0443,8862454.77
2024-05-07 08:00:00,1.0443,1.0905,1.043,1.0684,16471868.46
2024-05-07 12:00:00,1.0684,1.0777,1.052,1.0703,15292373.68
2024-05-07 16:00:00,1.0703,1.0742,1.0522,1.0549,9538642.37
2024-05-07 20:00:00,1.0549,1.0665,1.0373,1.0416,9529962.28
2024-05-08 00:00:00,1.0416,1.0539,1.0324,1.0407,10890992.96
2024-05-08 04:00:00,1.0407,1.043,1.0198,1.0212,9514172.32
2024-05-08 08:00:00,1.0212,1.0306,1.0112,1.0216,10551581.14
2024-05-08 12:00:00,1.0216,1.0351,1.0139,1.0238,12203635.44
2024-05-08 16:00:00,1.0238,1.0348,1.0171,1.0198,11433410.42
2024-05-08 20:00:00,1.0198,1.0252,0.9974,1.0071,10556102.14
2024-05-09 00:00:00,1.0071,1.0261,1.0069,1.0228,9136004.48
2024-05-09 04:00:00,1.0228,1.0272,1.0118,1.0124,7960275.71
2024-05-09 08:00:00,1.0124,1.0188,1.0005,1.0087,10341527.41
2024-05-09 12:00:00,1.0087,1.029,1.0073,1.0249,10515733.59
2024-05-09 16:00:00,1.0249,1.0328,1.0132,1.03,8368221.69
2024-05-09 20:00:00,1.03,1.0404,1.0248,1.0362,7896291.25
2024-05-10 00:00:00,1.0362,1.0495,1.0321,1.0381,8675786.58
2024-05-10 04:00:00,1.0381,1.0511,1.0346,1.0454,7018090.28
2024-05-10 08:00:00,1.0454,1.0483,1.0349,1.0466,7581342.74
2024-05-10 12:00:00,1.0466,1.0477,1.0022,1.006,12869387.26
2024-05-10 16:00:00,1.006,1.0129,0.9945,1.0079,11854748.03
2024-05-10 20:00:00,1.0079,1.0116,0.9962,1.0044,9180249.72
2024-05-11 00:00:00,1.0044,1.0218,1.0041,1.0085,9575518.95
2024-05-11 04:00:00,1.0085,1.0178,1.0054,1.0173,6068113.16
2024-05-11 08:00:00,1.0173,1.0175,1.0029,1.0075,7213856.65
2024-05-11 12:00:00,1.0075,1.018,1.0034,1.0164,7858066.72
2024-05-11 16:00:00,1.0164,1.0176,1.0088,1.0146,6598705.78
2024-05-11 20:00:00,1.0146,1.0177,1.0071,1.0084,6084077.03
2024-05-12 00:00:00,1.0084,1.0143,1.0048,1.0123,5410527.92
2024-05-12 04:00:00,1.0123,1.0179,1.0041,1.008,5939196.36
2024-05-12 08:00:00,1.008,1.0181,1.0013,1.0089,7260301.55
2024-05-12 12:00:00,1.0089,1.017,1.0081,1.0163,5057308.93
2024-05-12 16:00:00,1.0163,1.0178,1.0063,1.0096,4974940.62
2024-05-12 20:00:00,1.0096,1.0139,1.0049,1.0079,4776085.89
2024-05-13 00:00:00,1.0079,1.0118,0.9577,0.9665,9798146.23
2024-05-13 04:00:00,0.9665,0.9967,0.9614,0.9936,9883855.4
2024-05-13 08:00:00,0.9936,1.0047,0.9882,0.9979,11088823.49
2024-05-13 12:00:00,0.9979,1.0017,0.9882,0.9925,6476171.82
2024-05-13 16:00:00,0.9925,1.001,0.9848,0.9909,9367348.88
2024-05-13 20:00:00,0.9909,0.994,0.9872,0.9897,5490349.67
2024-05-14 00:00:00,0.9897,0.9948,0.9854,0.9893,6883676.32
2024-05-14 04:00:00,0.9893,0.9917,0.963,0.9798,9249531.17
2024-05-14 08:00:00,0.9798,0.9802,0.969,0.9724,8657924.94
2024-05-14 12:00:00,0.9724,0.9744,0.9505,0.9606,11163406.39
2024-05-14 16:00:00,0.9606,0.9645,0.9498,0.958,10044454.74
2024-05-14 20:00:00,0.958,0.9626,0.9497,0.9529,7481307.47
2024-05-15 00:00:00,0.9529,0.9599,0.9453,0.9578,8459332.93
2024-05-15 04:00:00,0.9578,0.9632,0.9512,0.9539,7392642.53
2024-05-15 08:00:00,0.9539,0.9636,0.9396,0.9515,9284158.04
2024-05-15 12:00:00,0.9515,0.9886,0.94,0.9788,18547163.86
2024-05-15 16:00:00,0.9788,0.9951,0.974,0.992,12461210.8
2024-05-15 20:00:00,0.992,1.0021,0.991,0.9972,11118402.89
2024-05-16 00:00:00,0.9972,1.0088,0.9882,0.9945,11489318.62
2024-05-16 04:00:00,0.9945,0.9995,0.9882,0.9968,7982112.72
2024-05-16 08:00:00,0.9968,0.9999,0.9878,0.9918,7754047.75
2024-05-16 12:00:00,0.9918,0.9938,0.9675,0.9738,13044416.26
2024-05-16 16:00:00,0.9738,0.9803,0.9684,0.9752,12384466.33
2024-05-16 20:00:00,0.9752,0.9772,0.9671,0.9722,9406380.96
2024-05-17 00:00:00,0.9722,0.977,0.9661,0.9704,9600006.75
2024-05-17 04:00:00,0.9704,0.9939,0.9656,0.9919,10357217.23
2024-05-17 08:00:00,0.9919,1.0065,0.9861,0.9933,12154955.74
2024-05-17 12:00:00,0.9933,1.0169,0.9883,1.0163,14201488.17
2024-05-17 16:00:00,1.0163,1.019,0.9979,1.0038,11992817.03
2024-05-17 20:00:00,1.0038,1.0087,1.0013,1.0051,8322997.25
2024-05-18 00:00:00,1.0051,1.0089,0.9992,1.001,8761120.07
2024-05-18 04:00:00,1.001,1.0021,0.985,0.9914,16688940.93
2024-05-18 08:00:00,0.9914,0.9956,0.9862,0.9911,11252016.32
2024-05-18 12:00:00,0.9911,0.9914,0.9711,0.9742,13108927.74
2024-05-18 16:00:00,0.9742,0.9808,0.9701,0.9751,10431913.7
2024-05-18 20:00:00,0.9751,0.9788,0.9716,0.9751,7292744.06
2024-05-19 00:00:00,0.9751,0.9824,0.9715,0.9768,7610125.75
2024-05-19 04:00:00,0.9768,0.9793,0.97,0.9743,7956530.54
2024-05-19 08:00:00,0.9743,0.9777,0.9613,0.9657,9690946.41
2024-05-19 12:00:00,0.9657,0.9675,0.9494,0.9517,9993075.31
2024-05-19 16:00:00,0.9517,0.9552,0.9412,0.9418,9027535.9
2024-05-19 20:00:00,0.9418,0.9491,0.9364,0.9411,7992520.15
2024-05-20 00:00:00,0.9411,0.9448,0.9279,0.9406,9042326.89
2024-05-20 04:00:00,0.9406,0.9524,0.9334,0.9399,8813902.83
2024-05-20 08:00:00,0.9399,0.9513,0.9363,0.944,5872045.41
2024-05-20 12:00:00,0.944,0.9544,0.937,0.9515,6680521.5
2024-05-20 16:00:00,0.9515,1.009,0.95,1.0051,11815481.07
2024-05-20 20:00:00,1.0051,1.032,0.9954,1.0233,12723440.43
2024-05-21 00:00:00,1.0233,1.0368,1.0074,1.0192,9445730.14
2024-05-21 04:00:00,1.0192,1.0238,1.0023,1.0217,6602425.65
2024-05-21 08:00:00,1.0217,1.0659,1.0191,1.0527,9033859.51
2024-05-21 12:00:00,1.0527,1.0687,1.0413,1.0478,9873045.53
2024-05-21 16:00:00,1.0478,1.0568,1.0211,1.0286,7121055.77
2024-05-21 20:00:00,1.0286,1.0585,1.0276,1.0502,6482204.24
2024-05-22 00:00:00,1.0502,1.083,1.0464,1.078,8070418.19
2024-05-22 04:00:00,1.078,1.0802,1.0509,1.0584,7710118.08
2024-05-22 08:00:00,1.0584,1.0727,1.0443,1.0446,18716171.69
2024-05-22 12:00:00,1.0446,1.063,1.0294,1.0563,23563011.6
2024-05-22 16:00:00,1.0563,1.0646,1.0395,1.0456,13013476.42
2024-05-22 20:00:00,1.0456,1.0572,1.0374,1.0428,11149346.14
2024-05-23 00:00:00,1.0428,1.0596,1.0408,1.0525,8134092.54
2024-05-23 04:00:00,1.0525,1.0585,1.0413,1.0508,10306966.67
2024-05-23 08:00:00,1.0508,1.0551,1.0325,1.0542,11139324.52
2024-05-23 12:00:00,1.0542,1.0611,0.9879,1.0082,17867603.78
2024-05-23 16:00:00,1.0082,1.0149,0.9905,1.0026,11452577.94
2024-05-23 20:00:00,1.0026,1.0272,0.9651,1.0039,18042724.48
2024-05-24 00:00:00,1.0039,1.025,0.9999,1.0218,11147727.85
2024-05-24 04:00:00,1.0218,1.0261,0.9781,0.9931,12102130.08
2024-05-24 08:00:00,0.9931,1.0035,0.9791,1.0024,13230431.39
2024-05-24 12:00:00,1.0024,1.0114,0.99,1.0002,11422579.08
2024-05-24 16:00:00,1.0002,1.0164,0.9884,1.0159,12897296.03
2024-05-24 20:00:00,1.0159,1.0187,1.0083,1.0145,10027899.41
2024-05-25 00:00:00,1.0145,1.0182,1.003,1.0145,6924891.55
2024-05-25 04:00:00,1.0145,1.0243,1.0117,1.0162,7993468.81
2024-05-25 08:00:00,1.0162,1.0223,0.99,1.0133,11236849.83
2024-05-25 12:00:00,1.0133,1.0207,1.0081,1.0151,9708277.28
2024-05-25 16:00:00,1.0151,1.0222,1.0139,1.0165,6019743.98
2024-05-25 20:00:00,1.0165,1.02,1.0114,1.0147,5149180.68
2024-05-26 00:00:00,1.0147,1.0175,1.0051,1.0145,5530112.81
2024-05-26 04:00:00,1.0145,1.0204,1.0051,1.0183,4712465.32
2024-05-26 08:00:00,1.0183,1.024,1.0116,1.021,5966460.88
2024-05-26 12:00:00,1.021,1.0438,1.0184,1.0309,5821303.45
2024-05-26 16:00:00,1.0309,1.0384,1.0234,1.0338,5188348.5
2024-05-26 20:00:00,1.0338,1.0368,1.0219,1.0233,4960667.68
2024-05-27 00:00:00,1.0233,1.045,1.0222,1.0397,5693382.93
2024-05-27 04:00:00,1.0397,1.0433,1.0308,1.0375,5226143.61
2024-05-27 08:00:00,1.0375,1.0445,1.0301,1.0307,5485589.5
2024-05-27 12:00:00,1.0307,1.0488,1.0274,1.0469,7732329.03
2024-05-27 16:00:00,1.0469,1.0548,1.0285,1.0318,9615750.83
2024-05-27 20:00:00,1.0318,1.0426,1.0291,1.0316,6656362.73
2024-05-28 00:00:00,1.0316,1.0344,1.0014,1.0121,9819732.53
2024-05-28 04:00:00,1.0121,1.0218,1.0025,1.0161,9200469.73
2024-05-28 08:00:00,1.0161,1.04,1.0134,1.0305,10448289.35
2024-05-28 12:00:00,1.0305,1.0355,1.014,1.0259,11428728.89
2024-05-28 16:00:00,1.0259,1.0276,1.003,1.0193,12099849.6
2024-05-28 20:00:00,1.0193,1.0264,1.0145,1.0183,7049067.11
2024-05-29 00:00:00,1.0183,1.0231,1.0143,1.0203,6712348.37
2024-05-29 04:00:00,1.0203,1.0283,1.0131,1.0158,8199921.49
2024-05-29 08:00:00,1.0158,1.0199,1.004,1.0091,9914090.86
2024-05-29 12:00:00,1.0091,1.0235,0.9926,0.994,13200581.52
2024-05-29 16:00:00,0.994,1.0076,0.9915,0.9938,11828219.96
2024-05-29 20:00:00,0.9938,1.0087,0.9921,1.005,10349318.82
2024-05-30 00:00:00,1.005,1.0112,0.9981,1.0084,9939998.1
2024-05-30 04:00:00,1.0084,1.0112,0.9834,0.9853,11498692.78
2024-05-30 08:00:00,0.9853,0.9983,0.9817,0.9882,14390596.85
2024-05-30 12:00:00,0.9882,1.0071,0.9875,1.0054,12905709.3
2024-05-30 16:00:00,1.0054,1.0159,1.0016,1.0043,12902962.36
2024-05-30 20:00:00,1.0043,1.005,0.9934,0.9993,10348212.77
2024-05-31 00:00:00,0.9993,1.0063,0.9947,0.999,9047667.97
2024-05-31 04:00:00,0.999,1.0037,0.992,0.9956,8466718.27
2024-05-31 08:00:00,0.9956,1.0091,0.9859,1.0009,10859729.3
2024-05-31 12:00:00,1.0009,1.0104,0.9853,0.9855,12123841.68
2024-05-31 16:00:00,0.9855,0.9997,0.9799,0.9944,11327472.3
2024-05-31 20:00:00,0.9944,1.0028,0.9906,0.9949,10169384.19
2024-06-01 00:00:00,0.9949,0.9994,0.9916,0.9962,8975142.49
2024-06-01 04:00:00,0.9962,0.9991,0.9922,0.9956,6773257.04
2024-06-01 08:00:00,0.9956,0.9975,0.9885,0.9951,7045458.23
2024-06-01 12:00:00,0.9951,1.0054,0.9922,1.0022,7714776.19
2024-06-01 16:00:00,1.0022,1.0048,0.9957,0.9984,7036398.64
2024-06-01 20:00:00,0.9984,1.0037,0.9954,0.9999,5633459.63
2024-06-02 00:00:00,0.9999,1.0034,0.9933,0.9948,6530696.85
2024-06-02 04:00:00,0.9948,1.0015,0.993,0.9943,5154718.17
2024-06-02 08:00:00,0.9943,0.9947,0.9775,0.9881,8228781.42
2024-06-02 12:00:00,0.9881,0.9926,0.9845,0.9909,6273705.92
2024-06-02 16:00:00,0.9909,0.9926,0.9705,0.9764,7534145.17
2024-06-02 20:00:00,0.9764,0.9826,0.9723,0.9775,6454193.44
2024-06-03 00:00:00,0.9775,0.9849,0.9718,0.9771,7415933.99
2024-06-03 04:00:00,0.9771,0.9829,0.9729,0.9787,6528199.54
2024-06-03 08:00:00,0.9787,0.9849,0.9715,0.9727,6751395.0
2024-06-03 12:00:00,0.9727,0.987,0.9642,0.9727,9608044.69
2024-06-03 16:00:00,0.9727,0.9733,0.9606,0.968,8833973.56
2024-06-03 20:00:00,0.968,0.9705,0.9619,0.9658,6534738.24
2024-06-04 00:00:00,0.9658,0.9666,0.9538,0.9604,8016605.08
2024-06-04 04:00:00,0.9604,0.9658,0.9562,0.9647,7510263.03
2024-06-04 08:00:00,0.9647,0.965,0.9491,0.9578,8372278.34
2024-06-04 12:00:00,0.9578,0.9722,0.9518,0.9721,10336301.4
2024-06-04 16:00:00,0.9721,0.9763,0.9604,0.9613,10261862.79
2024-06-04 20:00:00,0.9613,0.9689,0.9588,0.9642,7442347.65
2024-06-05 00:00:00,0.9642,0.9737,0.9639,0.9717,7938218.47
2024-06-05 04:00:00,0.9717,0.9785,0.9633,0.9716,8723225.28
2024-06-05 08:00:00,0.9716,0.979,0.9663,0.9749,9487263.21
2024-06-05 12:00:00,0.9749,0.9938,0.9722,0.992,11205884.27
2024-06-05 16:00:00,0.992,1.0266,0.9906,1.0257,25510745.83
2024-06-05 20:00:00,1.0257,1.039,1.0185,1.0344,20352081.66
2024-06-06 00:00:00,1.0344,1.056,1.032,1.0506,21260804.73
2024-06-06 04:00:00,1.0506,1.0553,1.0352,1.04,18000356.98
2024-06-06 08:00:00,1.04,1.0418,1.0257,1.0335,17515655.08
2024-06-06 12:00:00,1.0335,1.04,1.0288,1.0383,17930264.57
2024-06-06 16:00:00,1.0383,1.0517,1.0282,1.0366,20115266.02
2024-06-06 20:00:00,1.0366,1.0465,1.0288,1.0392,18682173.3
2024-06-07 00:00:00,1.0392,1.0402,1.0153,1.0182,18074905.77
2024-06-07 04:00:00,1.0182,1.0275,1.0174,1.022,14387379.04
2024-06-07 08:00:00,1.022,1.023,1.012,1.0212,13229386.71
2024-06-07 12:00:00,1.0212,1.0232,1.0029,1.0114,21104844.65
2024-06-07 16:00:00,1.0114,1.0118,0.8551,0.957,37871512.62
2024-06-07 20:00:00,0.957,0.9648,0.9523,0.9567,28385968.72
2024-06-08 00:00:00,0.9567,0.9576,0.9525,0.9556,19613896.72
2024-06-08 04:00:00,0.9556,0.9558,0.9464,0.9554,18225316.14
2024-06-08 08:00:00,0.9554,0.9562,0.945,0.9467,18120750.62
2024-06-08 12:00:00,0.9467,0.947,0.9351,0.9426,23244605.64
2024-06-08 16:00:00,0.9426,0.945,0.9387,0.942,17659453.91
2024-06-08 20:00:00,0.942,0.9429,0.9375,0.9396,15865043.36
2024-06-09 00:00:00,0.9396,0.9431,0.9382,0.939,17115773.31
2024-06-09 04:00:00,0.939,0.944,0.938,0.943,15188237.63
2024-06-09 08:00:00,0.943,0.9445,0.9403,0.9422,11617735.99
2024-06-09 12:00:00,0.9422,0.9463,0.9382,0.9419,14287601.01
2024-06-09 16:00:00,0.9419,0.9474,0.9406,0.9457,9620216.9
2024-06-09 20:00:00,0.9457,0.9464,0.9383,0.9401,10667710.72
2024-06-10 00:00:00,0.9401,0.9402,0.9319,0.9339,10584481.18
2024-06-10 04:00:00,0.9339,0.9347,0.9195,0.9206,13571128.66
2024-06-10 08:00:00,0.9206,0.9274,0.9203,0.9256,13767332.37
2024-06-10 12:00:00,0.9256,0.9357,0.9211,0.934,14695112.86
2024-06-10 16:00:00,0.934,0.9351,0.9257,0.9263,15834165.06
2024-06-10 20:00:00,0.9263,0.9276,0.9215,0.9222,12994807.12
2024-06-11 00:00:00,0.9222,0.9245,0.8954,0.9032,23915867.23
2024-06-11 04:00:00,0.9032,0.9034,0.8812,0.8869,27721407.05
2024-06-11 08:00:00,0.8869,0.8958,0.8836,0.8905,24614169.74
2024-06-11 12:00:00,0.8905,0.8937,0.8682,0.8729,27014236.25
2024-06-11 16:00:00,0.8729,0.8859,0.8678,0.8828,31676986.45
2024-06-11 20:00:00,0.8828,0.8844,0.8782,0.8792,21607623.12
2024-06-12 00:00:00,0.8792,0.8809,0.8667,0.8792,27064258.22
2024-06-12 04:00:00,0.8792,0.8835,0.8773,0.8821,23402249.38
2024-06-12 08:00:00,0.8821,0.8906,0.8786,0.886,24080455.97
2024-06-12 12:00:00,0.886,0.9213,0.8853,0.9159,37507624.08
2024-06-12 16:00:00,0.9159,0.9174,0.8831,0.8855,38386409.55
2024-06-12 20:00:00,0.8855,0.8996,0.8835,0.8969,26115900.84
2024-06-13 00:00:00,0.8969,0.8969,0.8718,0.8779,28134266.87
2024-06-13 04:00:00,0.8779,0.8937,0.8772,0.8936,28489116.54
2024-06-13 08:00:00,0.8936,0.8975,0.8862,0.8954,24103774.27
2024-06-13 12:00:00,0.8954,0.9032,0.8763,0.8776,32632583.12
2024-06-13 16:00:00,0.8776,0.8947,0.8726,0.8921,29896896.16
2024-06-13 20:00:00,0.8921,0.9009,0.8885,0.8965,23233618.99
2024-06-14 00:00:00,0.8965,0.8986,0.89,0.8953,27564446.61
2024-06-14 04:00:00,0.8953,0.8993,0.8944,0.8945,21479516.13
2024-06-14 08:00:00,0.8945,0.8987,0.8926,0.8947,20069245.63
2024-06-14 12:00:00,0.8947,0.8982,0.8849,0.8857,26700254.85
2024-06-14 16:00:00,0.8857,0.8867,0.8612,0.8693,39874432.63
2024-06-14 20:00:00,0.8693,0.9009,0.8687,0.8892,32569120.52
2024-06-15 00:00:00,0.8892,0.8919,0.8753,0.8838,29652620.55
2024-06-15 04:00:00,0.8838,0.8967,0.8815,0.8921,32626097.34
2024-06-15 08:00:00,0.8921,0.8947,0.8907,0.8934,23726192.58
2024-06-15 12:00:00,0.8934,0.9001,0.8913,0.8981,30325609.38
2024-06-15 16:00:00,0.8981,0.8994,0.8931,0.8937,24405816.45
2024-06-15 20:00:00,0.8937,0.8987,0.8889,0.8979,21062342.72
2024-06-16 00:00:00,0.8979,0.898,0.8853,0.8859,25050948.68
2024-06-16 04:00:00,0.8859,0.8904,0.8826,0.8886,24919149.41
2024-06-16 08:00:00,0.8886,0.8913,0.8855,0.8862,26307975.35
2024-06-16 12:00:00,0.8862,0.8985,0.8858,0.8974,30764540.73
2024-06-16 16:00:00,0.8974,0.9004,0.8957,0.8983,22520829.86
2024-06-16 20:00:00,0.8983,0.9071,0.896,0.9009,22257133.59
2024-06-17 00:00:00,0.9009,0.9043,0.8774,0.8785,27270861.07
2024-06-17 04:00:00,0.8785,0.8824,0.8626,0.8629,31733480.68
2024-06-17 08:00:00,0.8629,0.8674,0.8435,0.8577,44786419.24
2024-06-17 12:00:00,0.8577,0.8608,0.8468,0.8496,40018873.66
2024-06-17 16:00:00,0.8496,0.8705,0.8368,0.8648,46696840.23
2024-06-17 20:00:00,0.8648,0.8651,0.8465,0.8492,41963017.27
2024-06-18 00:00:00,0.8492,0.8505,0.7926,0.8182,73502869.69
2024-06-18 04:00:00,0.8182,0.8276,0.8105,0.8257,43527957.69
2024-06-18 08:00:00,0.8257,0.8278,0.806,0.8102,52187945.04
2024-06-18 12:00:00,0.8102,0.8153,0.796,0.8103,71673671.6
2024-06-18 16:00:00,0.8103,0.8103,0.7886,0.7978,54528546.92
2024-06-18 20:00:00,0.7978,0.8163,0.7953,0.811,34739737.4
2024-06-19 00:00:00,0.811,0.8313,0.8059,0.8291,44172501.58
2024-06-19 04:00:00,0.8291,0.8426,0.828,0.831,45918735.83
2024-06-19 08:00:00,0.831,0.8322,0.8201,0.8234,51014886.41
2024-06-19 12:00:00,0.8234,0.8259,0.814,0.8206,59395404.8
2024-06-19 16:00:00,0.8206,0.832,0.8174,0.8257,47025186.76
2024-06-19 20:00:00,0.8257,0.8292,0.821,0.8235,33208609.78
2024-06-20 00:00:00,0.8235,0.8302,0.8205,0.826,49083555.14
2024-06-20 04:00:00,0.826,0.8469,0.8242,0.8431,43843063.2
2024-06-20 08:00:00,0.8431,0.8495,0.8358,0.8428,56255851.69
2024-06-20 12:00:00,0.8428,0.8446,0.8131,0.8165,73940492.35
2024-06-20 16:00:00,0.8165,0.8279,0.809,0.8233,62549136.39
2024-06-20 20:00:00,0.8233,0.825,0.8173,0.8188,26055414.43
2024-06-21 00:00:00,0.8188,0.822,0.8124,0.8135,44465477.96
2024-06-21 04:00:00,0.8135,0.8169,0.8092,0.8095,35888646.49
2024-06-21 08:00:00,0.8095,0.8167,0.8006,0.8128,55798802.82
2024-06-21 12:00:00,0.8128,0.8173,0.8052,0.8093,68773350.96
2024-06-21 16:00:00,0.8093,0.8181,0.803,0.8145,63383376.43
2024-06-21 20:00:00,0.8145,0.818,0.8085,0.8118,37912169.0
2024-06-22 00:00:00,0.8118,0.8119,0.8039,0.8094,35262677.92
2024-06-22 04:00:00,0.8094,0.8098,0.8021,0.8029,26244043.65
2024-06-22 08:00:00,0.8029,0.8059,0.7999,0.8053,24592578.73
2024-06-22 12:00:00,0.8053,0.8074,0.8028,0.8071,21556543.67
2024-06-22 16:00:00,0.8071,0.8084,0.8044,0.8066,19408182.41
2024-06-22 20:00:00,0.8066,0.812,0.8041,0.8089,16833419.13
2024-06-23 00:00:00,0.8089,0.8128,0.8076,0.8118,18419427.06
2024-06-23 04:00:00,0.8118,0.8132,0.8102,0.8116,10220670.39
2024-06-23 08:00:00,0.8116,0.812,0.8063,0.808,12502199.85
2024-06-23 12:00:00,0.808,0.8081,0.7971,0.7987,16239721.37
2024-06-23 16:00:00,0.7987,0.7993,0.7917,0.7984,17977568.25
2024-06-23 20:00:00,0.7984,0.7985,0.7816,0.7827,26929294.46
2024-06-24 00:00:00,0.7827,0.7846,0.7765,0.7776,33749783.74
2024-06-24 04:00:00,0.7776,0.7782,0.7595,0.7628,41699407.54
2024-06-24 08:00:00,0.7628,0.767,0.7315,0.7449,59192622.61
2024-06-24 12:00:00,0.7449,0.7485,0.7315,0.7353,49569693.66
2024-06-24 16:00:00,0.7353,0.7441,0.7296,0.7387,52146012.56
2024-06-24 20:00:00,0.7387,0.7533,0.732,0.7527,35200032.51
2024-06-25 00:00:00,0.7527,0.7599,0.749,0.7582,41875698.97
2024-06-25 04:00:00,0.7582,0.7637,0.7561,0.757,41306747.08
2024-06-25 08:00:00,0.757,0.7632,0.7533,0.7577,48817104.01
2024-06-25 12:00:00,0.7577,0.7791,0.7563,0.777,52180130.62
2024-06-25 16:00:00,0.777,0.809,0.7698,0.7919,50207821.87
2024-06-25 20:00:00,0.7919,0.7937,0.7818,0.7837,28679863.81
2024-06-26 00:00:00,0.7837,0.7908,0.7809,0.7876,32821167.44
2024-06-26 04:00:00,0.7876,0.7884,0.779,0.7837,29414723.53
2024-06-26 08:00:00,0.7837,0.7841,0.7721,0.7745,31681474.06
2024-06-26 12:00:00,0.7745,0.7781,0.7673,0.7701,33604721.72
2024-06-26 16:00:00,0.7701,0.7758,0.7624,0.7753,32635557.11
2024-06-26 20:00:00,0.7753,0.783,0.7706,0.7746,25035710.38
2024-06-27 00:00:00,0.7746,0.7762,0.7705,0.7745,24951296.79
2024-06-27 04:00:00,0.7745,0.7782,0.7691,0.7706,22463482.94
2024-06-27 08:00:00,0.7706,0.7798,0.7687,0.7785,29215163.52
2024-06-27 12:00:00,0.7785,0.7981,0.7785,0.7918,65643032.77
2024-06-27 16:00:00,0.7918,0.7987,0.7894,0.7965,40760959.0
2024-06-27 20:00:00,0.7965,0.7967,0.7905,0.7915,21789566.84
2024-06-28 00:00:00,0.7915,0.8157,0.7914,0.8047,44844454.94
2024-06-28 04:00:00,0.8047,0.8082,0.7991,0.8016,32688843.57
2024-06-28 08:00:00,0.8016,0.8045,0.7965,0.8033,32354707.89
2024-06-28 12:00:00,0.8033,0.8086,0.7925,0.7935,50942269.48
2024-06-28 16:00:00,0.7935,0.7937,0.7788,0.7817,43500529.38
2024-06-28 20:00:00,0.7817,0.7849,0.7763,0.7774,24561512.76
2024-06-29 00:00:00,0.7774,0.786,0.777,0.7821,20022773.68
2024-06-29 04:00:00,0.7821,0.7824,0.7763,0.7806,17917694.4
2024-06-29 08:00:00,0.7806,0.7834,0.7784,0.7832,16100142.31
2024-06-29 12:00:00,0.7832,0.7836,0.778,0.7802,14593973.11
2024-06-29 16:00:00,0.7802,0.7807,0.777,0.7774,13434908.95
2024-06-29 20:00:00,0.7774,0.7805,0.7757,0.7796,12120509.66
2024-06-30 00:00:00,0.7796,0.781,0.7669,0.7725,21996687.74
2024-06-30 04:00:00,0.7725,0.7804,0.767,0.7772,24089179.27
2024-06-30 08:00:00,0.7772,0.7823,0.777,0.7797,18698088.07
2024-06-30 12:00:00,0.7797,0.7847,0.7757,0.7833,16208421.79
2024-06-30 16:00:00,0.7833,0.7885,0.7808,0.7877,15007755.11
2024-06-30 20:00:00,0.7877,0.7943,0.7839,0.7904,16667377.32
2024-07-01 00:00:00,0.7904,0.8067,0.7885,0.8028,28514909.56
2024-07-01 04:00:00,0.8028,0.8115,0.8008,0.8086,18581125.91
2024-07-01 08:00:00,0.8086,0.8107,0.7958,0.797,24245198.59
2024-07-01 12:00:00,0.797,0.802,0.7927,0.7992,29365481.07
2024-07-01 16:00:00,0.7992,0.8038,0.7963,0.7984,29213417.62
2024-07-01 20:00:00,0.7984,0.7999,0.7751,0.7884,33957568.17
2024-07-02 00:00:00,0.7884,0.7941,0.7871,0.7928,23076599.14
2024-07-02 04:00:00,0.7928,0.7962,0.7845,0.7857,22757391.01
2024-07-02 08:00:00,0.7857,0.7872,0.7835,0.7854,27313864.34
2024-07-02 12:00:00,0.7854,0.7907,0.7759,0.7759,35435628.58
2024-07-02 16:00:00,0.7759,0.7811,0.773,0.7785,25930488.3
2024-07-02 20:00:00,0.7785,0.7822,0.7784,0.7805,18437578.21
2024-07-03 00:00:00,0.7805,0.7822,0.7552,0.7619,44646364.59
2024-07-03 04:00:00,0.7619,0.7622,0.7575,0.7587,32962158.2
2024-07-03 08:00:00,0.7587,0.7597,0.7471,0.7518,37930055.71
2024-07-03 12:00:00,0.7518,0.7553,0.7448,0.7516,42450941.98
2024-07-03 16:00:00,0.7516,0.7546,0.7406,0.7419,41356050.29
2024-07-03 20:00:00,0.7419,0.7487,0.7386,0.745,38724740.98
2024-07-04 00:00:00,0.745,0.7492,0.7111,0.7197,87645048.17
2024-07-04 04:00:00,0.7197,0.7209,0.702,0.7043,60432003.28
2024-07-04 08:00:00,0.7043,0.708,0.69,0.6983,67964951.28
2024-07-04 12:00:00,0.6983,0.6984,0.6742,0.6927,87938766.35
2024-07-04 16:00:00,0.6927,0.6988,0.6867,0.6896,54635175.33
2024-07-04 20:00:00,0.6896,0.6989,0.6662,0.6693,57139983.78
2024-07-05 00:00:00,0.6693,0.6702,0.5899,0.5988,102134048.74
2024-07-05 04:00:00,0.5988,0.6071,0.582,0.6022,57729387.17
2024-07-05 08:00:00,0.6022,0.6322,0.5893,0.6291,65414522.74
2024-07-05 12:00:00,0.6291,0.641,0.6196,0.6385,72621902.45
2024-07-05 16:00:00,0.6385,0.6415,0.6314,0.6396,63098421.58
2024-07-05 20:00:00,0.6396,0.641,0.6341,0.6392,43858866.9
2024-07-06 00:00:00,0.6392,0.6483,0.6328,0.6409,51271257.17
2024-07-06 04:00:00,0.6409,0.6511,0.6341,0.6495,49167808.91
2024-07-06 08:00:00,0.6495,0.6511,0.6431,0.6488,46564980.18
2024-07-06 12:00:00,0.6488,0.6557,0.6449,0.6546,47066586.62
2024-07-06 16:00:00,0.6546,0.6653,0.6536,0.6629,46721710.19
2024-07-06 20:00:00,0.6629,0.6722,0.6622,0.668,34180635.23
2024-07-07 00:00:00,0.668,0.6697,0.6599,0.6655,43466158.24
2024-07-07 04:00:00,0.6655,0.6658,0.6437,0.6467,45574294.92
2024-07-07 08:00:00,0.6467,0.6549,0.6458,0.6499,45120993.33
2024-07-07 12:00:00,0.6499,0.6528,0.633,0.6387,43910835.96
2024-07-07 16:00:00,0.6387,0.6486,0.637,0.6449,31704816.06
2024-07-07 20:00:00,0.6449,0.6475,0.6255,0.6263,42015348.42
2024-07-08 00:00:00,0.6263,0.6304,0.5997,0.6253,68388841.32
2024-07-08 04:00:00,0.6253,0.6406,0.6226,0.6371,56030129.58
2024-07-08 08:00:00,0.6371,0.6758,0.6359,0.6645,74247067.49
2024-07-08 12:00:00,0.6645,0.6677,0.6321,0.6458,87760455.41
2024-07-08 16:00:00,0.6458,0.6539,0.6397,0.6526,61681094.76
2024-07-08 20:00:00,0.6526,0.663,0.6503,0.6571,41653433.87
2024-07-09 00:00:00,0.6571,0.6699,0.6526,0.6673,72820704.89
2024-07-09 04:00:00,0.6673,0.6735,0.6651,0.6665,59702811.1
2024-07-09 08:00:00,0.6665,0.6775,0.6649,0.6678,61792556.65
2024-07-09 12:00:00,0.6678,0.669,0.6477,0.6547,78581448.83
2024-07-09 16:00:00,0.6547,0.6594,0.6488,0.6554,60585046.92
2024-07-09 20:00:00,0.6554,0.6596,0.6508,0.6565,49284949.38
2024-07-10 00:00:00,0.6565,0.6617,0.6457,0.6595,58956865.84
2024-07-10 04:00:00,0.6595,0.6696,0.6595,0.6651,61667385.66
2024-07-10 08:00:00,0.6651,0.6804,0.6609,0.6789,55362600.38
2024-07-10 12:00:00,0.6789,0.6898,0.6727,0.6877,43403802.12
2024-07-10 16:00:00,0.6877,0.6942,0.6829,0.6868,15634563.45
2024-07-10 20:00:00,0.6868,0.6886,0.6805,0.6832,7765892.26
2024-07-11 00:00:00,0.6832,0.6899,0.6748,0.6812,14191886.53
2024-07-11 04:00:00,0.6812,0.6925,0.6797,0.6914,10486364.08
2024-07-11 08:00:00,0.6914,0.7129,0.6913,0.7115,47980346.22
2024-07-11 12:00:00,0.7115,0.7212,0.6952,0.6983,79739207.75
2024-07-11 16:00:00,0.6983,0.7071,0.6925,0.6992,62657589.22
2024-07-11 20:00:00,0.6992,0.7032,0.6929,0.6964,59079145.15
2024-07-12 00:00:00,0.6964,0.7028,0.6851,0.6917,57326460.54
2024-07-12 04:00:00,0.6917,0.697,0.6851,0.6911,48081216.21
2024-07-12 08:00:00,0.6911,0.6945,0.6826,0.6889,52202779.29
2024-07-12 12:00:00,0.6889,0.7004,0.685,0.6996,61400182.2
2024-07-12 16:00:00,0.6996,0.7061,0.6961,0.6967,55294099.97
2024-07-12 20:00:00,0.6967,0.702,0.6921,0.702,35269270.01
2024-07-13 00:00:00,0.702,0.7045,0.6959,0.6964,34293391.64
2024-07-13 04:00:00,0.6964,0.7013,0.6944,0.7009,34731389.21
2024-07-13 08:00:00,0.7009,0.7107,0.6982,0.7099,37310311.73
2024-07-13 12:00:00,0.7099,0.7135,0.7073,0.7124,35013416.67
2024-07-13 16:00:00,0.7124,0.7264,0.7064,0.7235,46635779.76
2024-07-13 20:00:00,0.7235,0.7309,0.7178,0.7256,48737047.73
2024-07-14 00:00:00,0.7256,0.7298,0.7205,0.7232,33376727.48
2024-07-14 04:00:00,0.7232,0.732,0.723,0.7264,28892442.27
2024-07-14 08:00:00,0.7264,0.7277,0.7155,0.7176,27509283.73
2024-07-14 12:00:00,0.7176,0.719,0.7076,0.7176,30784747.22
2024-07-14 16:00:00,0.7176,0.7208,0.7161,0.7167,18023912.61
2024-07-14 20:00:00,0.7167,0.7359,0.7165,0.7318,30965943.89
2024-07-15 00:00:00,0.7318,0.7531,0.7287,0.7526,50459295.94
2024-07-15 04:00:00,0.7526,0.7544,0.7453,0.7485,38956015.62
2024-07-15 08:00:00,0.7485,0.7525,0.7392,0.7426,42019972.62
2024-07-15 12:00:00,0.7426,0.7511,0.7409,0.7487,45586341.04
2024-07-15 16:00:00,0.7487,0.7694,0.7461,0.763,61738789.64
2024-07-15 20:00:00,0.763,0.7898,0.7625,0.7858,50023723.92
2024-07-16 00:00:00,0.7858,0.7891,0.7718,0.7748,45432241.22
2024-07-16 04:00:00,0.7748,0.7804,0.7484,0.7493,76497513.68
2024-07-16 08:00:00,0.7493,0.7684,0.7341,0.7617,65018259.73
2024-07-16 12:00:00,0.7617,0.7772,0.751,0.775,69087479.84
2024-07-16 16:00:00,0.775,0.7813,0.7679,0.7788,65906506.83
2024-07-16 20:00:00,0.7788,0.7789,0.7642,0.7695,43339104.61
2024-07-17 00:00:00,0.7695,0.7848,0.7684,0.7763,47146343.69
2024-07-17 04:00:00,0.7763,0.787,0.7751,0.78,35248996.49
2024-07-17 08:00:00,0.78,0.7848,0.7721,0.7734,53093789.58
2024-07-17 12:00:00,0.7734,0.7845,0.7708,0.7747,56155183.64
2024-07-17 16:00:00,0.7747,0.7751,0.7573,0.7706,47259466.63
2024-07-17 20:00:00,0.7706,0.7749,0.7616,0.7638,32445100.15
2024-07-18 00:00:00,0.7638,0.7771,0.763,0.7732,36538850.8
2024-07-18 04:00:00,0.7732,0.7802,0.7677,0.777,33795678.13
2024-07-18 08:00:00,0.777,0.8061,0.7758,0.8057,46313314.6
2024-07-18 12:00:00,0.8057,0.8283,0.8034,0.8131,68337596.18
2024-07-18 16:00:00,0.8131,0.8488,0.8085,0.8392,58560142.36
2024-07-18 20:00:00,0.8392,0.8513,0.8373,0.8493,16758307.05
2024-07-19 00:00:00,0.8493,0.8676,0.8246,0.8619,45601611.87
2024-07-19 04:00:00,0.8619,0.8664,0.8513,0.8547,41325193.94
2024-07-19 08:00:00,0.8547,0.8624,0.8494,0.8541,36741843.84
2024-07-19 12:00:00,0.8541,0.9018,0.8527,0.8973,48740748.8
2024-07-19 16:00:00,0.8973,0.9146,0.8971,0.909,44947717.92
2024-07-19 20:00:00,0.909,0.9094,0.8887,0.8908,25383919.76
2024-07-20 00:00:00,0.8908,0.8912,0.8717,0.8818,25793838.69
2024-07-20 04:00:00,0.8818,0.8864,0.8797,0.8835,16698654.56
2024-07-20 08:00:00,0.8835,0.915,0.8824,0.8868,32641422.15
2024-07-20 12:00:00,0.8868,0.9074,0.8866,0.8982,26964709.48
2024-07-20 16:00:00,0.8982,0.904,0.8901,0.8941,32784303.89
2024-07-20 20:00:00,0.8941,0.8997,0.8911,0.8975,15122023.02
2024-07-21 00:00:00,0.8975,0.9,0.8853,0.8857,15303434.9
2024-07-21 04:00:00,0.8857,0.886,0.8731,0.8752,18676115.26
2024-07-21 08:00:00,0.8752,0.8814,0.8741,0.877,13814973.01
2024-07-21 12:00:00,0.877,0.8823,0.8704,0.8779,20684943.43
2024-07-21 16:00:00,0.8779,0.8835,0.8545,0.8713,41906731.59
2024-07-21 20:00:00,0.8713,0.8875,0.869,0.8874,26040973.48
2024-07-22 00:00:00,0.8874,0.89,0.877,0.8805,21365335.88
2024-07-22 04:00:00,0.8805,0.8848,0.8675,0.8703,22571393.45
2024-07-22 08:00:00,0.8703,0.8793,0.8636,0.8781,24541628.37
2024-07-22 12:00:00,0.8781,0.8902,0.8697,0.8747,33716444.82
2024-07-22 16:00:00,0.8747,0.8989,0.8719,0.8981,33425463.72
2024-07-22 20:00:00,0.8981,0.8985,0.8745,0.8788,28440553.9
2024-07-23 00:00:00,0.8788,0.8917,0.8775,0.8844,24381408.45
2024-07-23 04:00:00,0.8844,0.8852,0.8713,0.8765,35010765.2
2024-07-23 08:00:00,0.8765,0.8995,0.8753,0.8966,37546619.93
2024-07-23 12:00:00,0.8966,0.8989,0.8795,0.8924,46982652.03
2024-07-23 16:00:00,0.8924,0.8933,0.8726,0.8835,43941890.52
2024-07-23 20:00:00,0.8835,0.8928,0.883,0.8894,26076987.48
2024-07-24 00:00:00,0.8894,0.8925,0.878,0.8809,27544340.56
2024-07-24 04:00:00,0.8809,0.8828,0.8752,0.8796,18825741.06
2024-07-24 08:00:00,0.8796,0.8887,0.8788,0.886,21655670.26
2024-07-24 12:00:00,0.886,0.889,0.8716,0.873,30599710.36
2024-07-24 16:00:00,0.873,0.8742,0.8484,0.8532,33714662.73
2024-07-24 20:00:00,0.8532,0.8566,0.8382,0.8443,24497895.05
2024-07-25 00:00:00,0.8443,0.8471,0.8009,0.8015,43235866.24
2024-07-25 04:00:00,0.8015,0.8129,0.7919,0.8092,26657406.69
2024-07-25 08:00:00,0.8092,0.8225,0.8064,0.8166,23730509.44
2024-07-25 12:00:00,0.8166,0.8349,0.8097,0.8304,39270695.86
2024-07-25 16:00:00,0.8304,0.8401,0.8194,0.8225,28087419.37
2024-07-25 20:00:00,0.8225,0.8401,0.8088,0.8336,26140290.06
2024-07-26 00:00:00,0.8336,0.852,0.8243,0.8476,31287249.8
2024-07-26 04:00:00,0.8476,0.8615,0.8464,0.8511,23242118.07
2024-07-26 08:00:00,0.8511,0.8631,0.8499,0.8596,21287813.17
2024-07-26 12:00:00,0.8596,0.8668,0.851,0.8541,33881142.96
2024-07-26 16:00:00,0.8541,0.8552,0.8452,0.8519,21572206.72
2024-07-26 20:00:00,0.8519,0.8553,0.8457,0.8525,16748863.88
2024-07-27 00:00:00,0.8525,0.8528,0.8347,0.836,14864117.35
2024-07-27 04:00:00,0.836,0.8396,0.8328,0.8375,15964288.56
2024-07-27 08:00:00,0.8375,0.8419,0.8363,0.8393,14341340.63
2024-07-27 12:00:00,0.8393,0.846,0.8292,0.8306,20540152.91
2024-07-27 16:00:00,0.8306,0.835,0.8168,0.823,29813196.1
2024-07-27 20:00:00,0.823,0.8316,0.8049,0.816,31599923.92
2024-07-28 00:00:00,0.816,0.8238,0.8094,0.8094,21478229.52
2024-07-28 04:00:00,0.8094,0.8117,0.798,0.802,20688176.25
2024-07-28 08:00:00,0.802,0.8122,0.7993,0.8097,13675797.23
2024-07-28 12:00:00,0.8097,0.8126,0.804,0.8054,14067712.33
2024-07-28 16:00:00,0.8054,0.8064,0.798,0.7997,13346579.21
2024-07-28 20:00:00,0.7997,0.8001,0.788,0.7896,12447384.97
2024-07-29 00:00:00,0.7896,0.813,0.7891,0.8096,21861780.92
2024-07-29 04:00:00,0.8096,0.8258,0.808,0.8173,22774616.93
2024-07-29 08:00:00,0.8173,0.8215,0.8118,0.8119,15222377.0
2024-07-29 12:00:00,0.8119,0.8136,0.7809,0.7843,27778743.46
2024-07-29 16:00:00,0.7843,0.7947,0.7761,0.791,28931711.31
2024-07-29 20:00:00,0.791,0.7952,0.7856,0.7869,13807955.48
2024-07-30 00:00:00,0.7869,0.7928,0.7791,0.7915,20119008.44
2024-07-30 04:00:00,0.7915,0.7958,0.7863,0.7933,14411393.86
2024-07-30 08:00:00,0.7933,0.7991,0.7894,0.7973,14612047.45
2024-07-30 12:00:00,0.7973,0.8033,0.7837,0.7898,23752157.32
2024-07-30 16:00:00,0.7898,0.7909,0.7704,0.7766,25728185.35
2024-07-30 20:00:00,0.7766,0.7772,0.7673,0.774,19272014.62
2024-07-31 00:00:00,0.774,0.7772,0.768,0.7714,17580615.87
2024-07-31 04:00:00,0.7714,0.7747,0.7617,0.766,25461589.04
2024-07-31 08:00:00,0.766,0.7669,0.7557,0.7583,16482581.25
2024-07-31 12:00:00,0.7583,0.7659,0.7502,0.7507,23711896.44
2024-07-31 16:00:00,0.7507,0.7559,0.737,0.7398,37581143.37
2024-07-31 20:00:00,0.7398,0.7407,0.7215,0.7223,30066206.59
2024-08-01 00:00:00,0.7223,0.7265,0.7148,0.7155,32719295.69
2024-08-01 04:00:00,0.7155,0.7178,0.7003,0.7082,30602143.39
2024-08-01 08:00:00,0.7082,0.7183,0.7081,0.7172,17626140.18
2024-08-01 12:00:00,0.7172,0.7234,0.6913,0.6947,38601258.11
2024-08-01 16:00:00,0.6947,0.6995,0.6836,0.6984,45740773.33
2024-08-01 20:00:00,0.6984,0.7174,0.6948,0.7115,29063107.68
2024-08-02 00:00:00,0.7115,0.7139,0.69,0.6984,30703672.89
2024-08-02 04:00:00,0.6984,0.6995,0.6822,0.6874,35189497.49
2024-08-02 08:00:00,0.6874,0.694,0.6841,0.6915,22862098.72
2024-08-02 12:00:00,0.6915,0.7,0.657,0.6703,61964594.29
2024-08-02 16:00:00,0.6703,0.6734,0.6595,0.6627,39300659.4
2024-08-02 20:00:00,0.6627,0.6699,0.6541,0.6598,31878357.37
2024-08-03 00:00:00,0.6598,0.6663,0.645,0.6649,33294401.61
2024-08-03 04:00:00,0.6649,0.6731,0.6609,0.67,18016442.0
2024-08-03 08:00:00,0.67,0.6761,0.6657,0.6741,20057306.67
2024-08-03 12:00:00,0.6741,0.6783,0.6532,0.6541,29764045.14
2024-08-03 16:00:00,0.6541,0.6566,0.6383,0.6406,53734998.77
2024-08-03 20:00:00,0.6406,0.6463,0.634,0.6438,28437847.01
2024-08-04 00:00:00,0.6438,0.6524,0.6398,0.6488,24872184.73
2024-08-04 04:00:00,0.6488,0.6518,0.6429,0.6442,20822279.38
2024-08-04 08:00:00,0.6442,0.6529,0.6401,0.6512,20359107.73
2024-08-04 12:00:00,0.6512,0.655,0.6258,0.6263,41307582.69
2024-08-04 16:00:00,0.6263,0.6286,0.5717,0.6078,73208862.54
2024-08-04 20:00:00,0.6078,0.6113,0.585,0.5864,41309075.06
2024-08-05 00:00:00,0.5864,0.5888,0.4687,0.5163,162639491.52
2024-08-05 04:00:00,0.5163,0.5349,0.4766,0.5337,80770871.7
2024-08-05 08:00:00,0.5337,0.5945,0.53,0.5505,47257616.35
2024-08-05 12:00:00,0.5505,0.6127,0.5201,0.6064,45260326.5
2024-08-05 16:00:00,0.6064,0.6179,0.5786,0.5862,30276415.47
2024-08-05 20:00:00,0.5862,0.6047,0.5858,0.5925,44364559.79
2024-08-06 00:00:00,0.5925,0.6269,0.5915,0.6096,57610732.64
2024-08-06 04:00:00,0.6096,0.6219,0.6049,0.6174,37917787.4
2024-08-06 08:00:00,0.6174,0.6188,0.5933,0.6006,52991837.03
2024-08-06 12:00:00,0.6006,0.6263,0.5868,0.6195,51814296.28
2024-08-06 16:00:00,0.6195,0.6259,0.6072,0.6093,30127682.0
2024-08-06 20:00:00,0.6093,0.6128,0.5951,0.5988,43600521.88
2024-08-07 00:00:00,0.5988,0.6187,0.5912,0.6132,58907504.95
2024-08-07 04:00:00,0.6132,0.6257,0.6111,0.6157,40161879.49
2024-08-07 08:00:00,0.6157,0.6238,0.6044,0.6067,31634117.44
2024-08-07 12:00:00,0.6067,0.613,0.5793,0.5874,38004205.65
2024-08-07 16:00:00,0.5874,0.5883,0.5687,0.5756,29226134.9
2024-08-07 20:00:00,0.5756,0.5793,0.5653,0.5741,24968113.69
2024-08-08 00:00:00,0.5741,0.6031,0.5674,0.592,41786583.02
2024-08-08 04:00:00,0.592,0.5984,0.5874,0.5933,26850313.81
2024-08-08 08:00:00,0.5933,0.6061,0.5919,0.6029,32369242.45
2024-08-08 12:00:00,0.6029,0.6164,0.5905,0.6128,70266835.18
2024-08-08 16:00:00,0.6128,0.6316,0.612,0.6223,40196047.93
2024-08-08 20:00:00,0.6223,0.657,0.6222,0.6475,25573913.25
2024-08-09 00:00:00,0.6475,0.6538,0.643,0.6494,23187190.62
2024-08-09 04:00:00,0.6494,0.6518,0.6366,0.6424,21038907.76
2024-08-09 08:00:00,0.6424,0.6434,0.6235,0.6265,23515084.13
2024-08-09 12:00:00,0.6265,0.631,0.6085,0.6094,29017905.84
2024-08-09 16:00:00,0.6094,0.6213,0.6082,0.6134,21977274.2
2024-08-09 20:00:00,0.6134,0.6278,0.6126,0.6249,25855822.02
2024-08-10 00:00:00,0.6249,0.6347,0.6168,0.6182,29451224.43
2024-08-10 04:00:00,0.6182,0.6281,0.6137,0.6265,20059335.73
2024-08-10 08:00:00,0.6265,0.6273,0.6223,0.6241,17771390.36
2024-08-10 12:00:00,0.6241,0.6292,0.6167,0.6232,18979049.95
2024-08-10 16:00:00,0.6232,0.6272,0.6209,0.623,19147670.44
2024-08-10 20:00:00,0.623,0.6252,0.6202,0.6238,12566303.9
2024-08-11 00:00:00,0.6238,0.6498,0.6227,0.6432,24683311.61
2024-08-11 04:00:00,0.6432,0.654,0.6391,0.6523,18582897.92
2024-08-11 08:00:00,0.6523,0.6616,0.6321,0.6358,32066200.38
2024-08-11 12:00:00,0.6358,0.6368,0.6203,0.623,32859739.01
2024-08-11 16:00:00,0.623,0.6303,0.6161,0.617,27392211.28
2024-08-11 20:00:00,0.617,0.6174,0.6015,0.6028,36878839.03
2024-08-12 00:00:00,0.6028,0.6088,0.5953,0.6009,35540124.19
2024-08-12 04:00:00,0.6009,0.6068,0.5902,0.6048,30481101.61
2024-08-12 08:00:00,0.6048,0.6317,0.6035,0.6303,42274106.76
2024-08-12 12:00:00,0.6303,0.6352,0.6051,0.6233,85563045.11
2024-08-12 16:00:00,0.6233,0.6261,0.6078,0.6141,39094079.24
2024-08-12 20:00:00,0.6141,0.6325,0.6123,0.6278,36865706.03
2024-08-13 00:00:00,0.6278,0.6292,0.6083,0.6101,45496220.98
2024-08-13 04:00:00,0.6101,0.6128,0.6043,0.6103,28376052.24
2024-08-13 08:00:00,0.6103,0.6119,0.5931,0.6014,31925365.26
2024-08-13 12:00:00,0.6014,0.6102,0.5969,0.6013,43574794.57
2024-08-13 16:00:00,0.6013,0.6203,0.6004,0.6142,40343847.15
2024-08-13 20:00:00,0.6142,0.6182,0.6092,0.6121,19801622.3
2024-08-14 00:00:00,0.6121,0.6163,0.606,0.6124,29168656.83
2024-08-14 04:00:00,0.6124,0.6168,0.6077,0.6112,25211854.47
2024-08-14 08:00:00,0.6112,0.6337,0.6084,0.6278,37157771.14
2024-08-14 12:00:00,0.6278,0.6459,0.6212,0.6245,44905637.03
2024-08-14 16:00:00,0.6245,0.6245,0.6144,0.6167,17968029.66
2024-08-14 20:00:00,0.6167,0.6183,0.6082,0.6094,23858578.79
2024-08-15 00:00:00,0.6094,0.6148,0.6057,0.6077,24128172.37
2024-08-15 04:00:00,0.6077,0.6085,0.592,0.5971,29395359.55
2024-08-15 08:00:00,0.5971,0.6057,0.5931,0.604,24559042.12
2024-08-15 12:00:00,0.604,0.6107,0.5997,0.6031,35151543.59
2024-08-15 16:00:00,0.6031,0.6046,0.5707,0.5773,42356525.98
2024-08-15 20:00:00,0.5773,0.5906,0.572,0.5849,23327216.66
2024-08-16 00:00:00,0.5849,0.5919,0.5798,0.5841,24738236.99
2024-08-16 04:00:00,0.5841,0.601,0.5831,0.5979,20248238.83
2024-08-16 08:00:00,0.5979,0.613,0.5973,0.6055,25077705.8
2024-08-16 12:00:00,0.6055,0.6071,0.5757,0.5816,47122021.22
2024-08-16 16:00:00,0.5816,0.5952,0.5802,0.5908,27451054.25
2024-08-16 20:00:00,0.5908,0.5936,0.5859,0.5889,13566497.17
2024-08-17 00:00:00,0.5889,0.5939,0.5854,0.587,17425681.68
2024-08-17 04:00:00,0.587,0.6037,0.5864,0.6032,17926804.74
2024-08-17 08:00:00,0.6032,0.6046,0.5957,0.5969,18894443.8
2024-08-17 12:00:00,0.5969,0.6,0.5935,0.5976,21200868.59
2024-08-17 16:00:00,0.5976,0.6027,0.5949,0.5972,11688174.81
2024-08-17 20:00:00,0.5972,0.602,0.595,0.602,7920036.82
2024-08-18 00:00:00,0.602,0.6042,0.5947,0.5975,13248040.19
2024-08-18 04:00:00,0.5975,0.6015,0.5954,0.6005,11099093.57
2024-08-18 08:00:00,0.6005,0.6098,0.5993,0.603,20001498.21
2024-08-18 12:00:00,0.603,0.6091,0.601,0.6078,15528030.87
2024-08-18 16:00:00,0.6078,0.6101,0.6019,0.6078,15396195.34
2024-08-18 20:00:00,0.6078,0.6091,0.5888,0.5895,17334549.76
2024-08-19 00:00:00,0.5895,0.6035,0.5862,0.602,26167121.69
2024-08-19 04:00:00,0.602,0.6027,0.5909,0.5933,14313074.2
2024-08-19 08:00:00,0.5933,0.5967,0.5845,0.5906,22815651.39
2024-08-19 12:00:00,0.5906,0.5952,0.584,0.5922,30974613.93
2024-08-19 16:00:00,0.5922,0.604,0.5895,0.5977,29524783.04
2024-08-19 20:00:00,0.5977,0.6045,0.5977,0.6026,17262245.22
2024-08-20 00:00:00,0.6026,0.6104,0.5998,0.6066,23330095.66
2024-08-20 04:00:00,0.6066,0.6137,0.6057,0.6083,21290722.54
2024-08-20 08:00:00,0.6083,0.6088,0.6014,0.602,17591486.38
2024-08-20 12:00:00,0.602,0.605,0.5816,0.5917,36167342.34
2024-08-20 16:00:00,0.5917,0.6001,0.5878,0.5973,21617439.93
2024-08-20 20:00:00,0.5973,0.599,0.5886,0.59,17296345.57
2024-08-21 00:00:00,0.59,0.5982,0.5878,0.5959,17380991.0
2024-08-21 04:00:00,0.5959,0.5996,0.595,0.595,14602871.93
2024-08-21 08:00:00,0.595,0.5959,0.5879,0.5915,18343871.93
2024-08-21 12:00:00,0.5915,0.6027,0.5821,0.5987,50472229.18
2024-08-21 16:00:00,0.5987,0.6094,0.5961,0.6087,28248301.13
2024-08-21 20:00:00,0.6087,0.6115,0.6031,0.6059,17175594.54
2024-08-22 00:00:00,0.6059,0.6083,0.5978,0.6066,20936510.79
2024-08-22 04:00:00,0.6066,0.6115,0.6054,0.6082,14653298.85
2024-08-22 08:00:00,0.6082,0.6118,0.6039,0.6097,16258629.02
2024-08-22 12:00:00,0.6097,0.6104,0.6002,0.602,28404127.58
2024-08-22 16:00:00,0.602,0.6081,0.6017,0.6055,16855538.31
2024-08-22 20:00:00,0.6055,0.6119,0.605,0.6098,13705146.57
2024-08-23 00:00:00,0.6098,0.6133,0.6082,0.6093,13288839.06
2024-08-23 04:00:00,0.6093,0.618,0.6089,0.6149,17066728.7
2024-08-23 08:00:00,0.6149,0.6255,0.6134,0.6194,20723011.69
2024-08-23 12:00:00,0.6194,0.6367,0.6194,0.6294,50510635.07
2024-08-23 16:00:00,0.6294,0.6425,0.6268,0.641,37441560.26
2024-08-23 20:00:00,0.641,0.6573,0.6405,0.6484,27311877.17
2024-08-24 00:00:00,0.6484,0.6507,0.641,0.6461,15321243.84
2024-08-24 04:00:00,0.6461,0.6494,0.6424,0.6487,12645738.16
2024-08-24 08:00:00,0.6487,0.6555,0.6458,0.6475,14113370.27
2024-08-24 12:00:00,0.6475,0.6502,0.6431,0.6446,15136759.09
2024-08-24 16:00:00,0.6446,0.6581,0.6439,0.6521,23738409.5
2024-08-24 20:00:00,0.6521,0.6558,0.6369,0.6446,22580103.65
2024-08-25 00:00:00,0.6446,0.6476,0.6326,0.6356,20106827.82
2024-08-25 04:00:00,0.6356,0.637,0.6192,0.622,17680209.45
2024-08-25 08:00:00,0.622,0.6264,0.6188,0.6244,16294259.04
2024-08-25 12:00:00,0.6244,0.6358,0.6231,0.6339,18356681.88
2024-08-25 16:00:00,0.6339,0.6362,0.6269,0.6281,13463762.0
2024-08-25 20:00:00,0.6281,0.6362,0.6253,0.6288,19207979.09
2024-08-26 00:00:00,0.6288,0.6314,0.6199,0.6258,21728297.46
2024-08-26 04:00:00,0.6258,0.6281,0.6203,0.6212,19157267.73
2024-08-26 08:00:00,0.6212,0.6328,0.6208,0.6307,19129564.75
2024-08-26 12:00:00,0.6307,0.6338,0.6197,0.6257,30750815.12
2024-08-26 16:00:00,0.6257,0.628,0.6163,0.6176,21353869.46
2024-08-26 20:00:00,0.6176,0.6206,0.6131,0.6152,14966557.3
2024-08-27 00:00:00,0.6152,0.6211,0.6139,0.6173,20299291.96
2024-08-27 04:00:00,0.6173,0.622,0.6151,0.6177,18018290.97
2024-08-27 08:00:00,0.6177,0.6187,0.603,0.6108,25377796.1
2024-08-27 12:00:00,0.6108,0.613,0.601,0.6039,32860882.05
2024-08-27 16:00:00,0.6039,0.6086,0.6011,0.6073,18079456.54
2024-08-27 20:00:00,0.6073,0.6073,0.5627,0.582,59662963.93
2024-08-28 00:00:00,0.582,0.5867,0.5693,0.5862,30317058.61
2024-08-28 04:00:00,0.5862,0.5878,0.5753,0.5764,21286825.64
2024-08-28 08:00:00,0.5764,0.6095,0.5745,0.6064,28094250.18
2024-08-28 12:00:00,0.6064,0.6068,0.5866,0.5925,34918572.19
2024-08-28 16:00:00,0.5925,0.6015,0.5802,0.591,27831738.72
2024-08-28 20:00:00,0.591,0.6056,0.5908,0.6028,25139103.43
2024-08-29 00:00:00,0.6028,0.6042,0.5967,0.5969,17934653.03
2024-08-29 04:00:00,0.5969,0.6069,0.596,0.6038,17311827.77
2024-08-29 08:00:00,0.6038,0.6124,0.6,0.6065,22674786.51
2024-08-29 12:00:00,0.6065,0.6154,0.6053,0.6111,25221341.11
2024-08-29 16:00:00,0.6111,0.6135,0.5924,0.5994,25989779.02
2024-08-29 20:00:00,0.5994,0.6034,0.5919,0.5969,16881455.52
2024-08-30 00:00:00,0.5969,0.5993,0.5917,0.5948,19942413.08
2024-08-30 04:00:00,0.5948,0.5998,0.592,0.5961,17515622.7
2024-08-30 08:00:00,0.5961,0.6014,0.5941,0.5953,14608987.13
2024-08-30 12:00:00,0.5953,0.6037,0.578,0.5818,35560525.55
2024-08-30 16:00:00,0.5818,0.6076,0.5782,0.5977,29409864.17
2024-08-30 20:00:00,0.5977,0.6072,0.5976,0.6065,12396302.34
2024-08-31 00:00:00,0.6065,0.6081,0.6032,0.6061,10416526.17
2024-08-31 04:00:00,0.6061,0.6127,0.6029,0.6032,10533129.08
2024-08-31 08:00:00,0.6032,0.6083,0.6014,0.6073,11443280.03
2024-08-31 12:00:00,0.6073,0.6121,0.6053,0.6073,11378479.03
2024-08-31 16:00:00,0.6073,0.6082,0.5962,0.5996,14790052.57
2024-08-31 20:00:00,0.5996,0.6074,0.5981,0.6045,9204259.33
2024-09-01 00:00:00,0.6045,0.6051,0.5933,0.5973,12481651.34
2024-09-01 04:00:00,0.5973,0.5993,0.5866,0.5992,15735759.37
2024-09-01 08:00:00,0.5992,0.5993,0.5887,0.5935,12421005.09
2024-09-01 12:00:00,0.5935,0.595,0.5823,0.5908,24932988.8
2024-09-01 16:00:00,0.5908,0.6033,0.5851,0.5995,22297993.48
2024-09-01 20:00:00,0.5995,0.6032,0.5752,0.5803,29413137.48
2024-09-02 00:00:00,0.5803,0.5899,0.58,0.5855,26707180.85
2024-09-02 04:00:00,0.5855,0.586,0.5744,0.5769,23369078.12
2024-09-02 08:00:00,0.5769,0.6014,0.5766,0.5976,27453550.37
2024-09-02 12:00:00,0.5976,0.6012,0.5898,0.5963,23031080.14
2024-09-02 16:00:00,0.5963,0.6006,0.5923,0.598,17753558.89
2024-09-02 20:00:00,0.598,0.6107,0.5973,0.6022,18848400.66
2024-09-03 00:00:00,0.6022,0.607,0.5922,0.594,17603981.57
2024-09-03 04:00:00,0.594,0.5963,0.5904,0.5953,14295275.64
2024-09-03 08:00:00,0.5953,0.5959,0.588,0.5899,15097683.71
2024-09-03 12:00:00,0.5899,0.594,0.5791,0.58,29617420.06
2024-09-03 16:00:00,0.58,0.5899,0.5781,0.5843,22120775.34
2024-09-03 20:00:00,0.5843,0.5887,0.5745,0.5757,14852068.78
2024-09-04 00:00:00,0.5757,0.5821,0.5463,0.5683,37616844.72
2024-09-04 04:00:00,0.5683,0.5779,0.5631,0.5765,20666041.4
2024-09-04 08:00:00,0.5765,0.5778,0.5666,0.5716,18554055.22
2024-09-04 12:00:00,0.5716,0.5763,0.5585,0.5737,39472267.42
2024-09-04 16:00:00,0.5737,0.5835,0.5681,0.5732,25948734.07
2024-09-04 20:00:00,0.5732,0.5802,0.5717,0.573,12661546.04
2024-09-05 00:00:00,0.573,0.5754,0.563,0.5643,17879505.01
2024-09-05 04:00:00,0.5643,0.5724,0.5604,0.5715,17963305.52
2024-09-05 08:00:00,0.5715,0.5729,0.5643,0.5663,17571650.29
2024-09-05 12:00:00,0.5663,0.572,0.5588,0.5647,36044322.31
2024-09-05 16:00:00,0.5647,0.5688,0.5568,0.56,20708910.33
2024-09-05 20:00:00,0.56,0.5647,0.5585,0.5619,13427128.38
2024-09-06 00:00:00,0.5619,0.5743,0.5605,0.5663,18333926.88
2024-09-06 04:00:00,0.5663,0.5679,0.5514,0.5544,20246255.59
2024-09-06 08:00:00,0.5544,0.5607,0.551,0.5578,18535689.52
2024-09-06 12:00:00,0.5578,0.5652,0.5368,0.5443,51830704.22
2024-09-06 16:00:00,0.5443,0.5453,0.5245,0.5306,45272544.73
2024-09-06 20:00:00,0.5306,0.5361,0.5141,0.5359,25181669.3
2024-09-07 00:00:00,0.5359,0.5398,0.5311,0.5349,13315538.08
2024-09-07 04:00:00,0.5349,0.5497,0.5349,0.5469,17039544.27
2024-09-07 08:00:00,0.5469,0.5478,0.5416,0.5441,14656797.65
2024-09-07 12:00:00,0.5441,0.553,0.5441,0.5503,16432844.1
2024-09-07 16:00:00,0.5503,0.5509,0.5374,0.5479,17358802.4
2024-09-07 20:00:00,0.5479,0.5481,0.5354,0.5416,13691674.96
2024-09-08 00:00:00,0.5416,0.547,0.5391,0.5468,11512685.73
2024-09-08 04:00:00,0.5468,0.5504,0.5442,0.5486,11995904.63
2024-09-08 08:00:00,0.5486,0.5518,0.5466,0.549,14817008.56
2024-09-08 12:00:00,0.549,0.55,0.5367,0.5375,19879857.99
2024-09-08 16:00:00,0.5375,0.548,0.5366,0.5442,15680589.51
2024-09-08 20:00:00,0.5442,0.5567,0.5428,0.5492,22509736.56
2024-09-09 00:00:00,0.5492,0.5545,0.5473,0.5506,22289264.45
2024-09-09 04:00:00,0.5506,0.5545,0.544,0.5537,16230871.94
2024-09-09 08:00:00,0.5537,0.5588,0.5494,0.5513,17678457.96
2024-09-09 12:00:00,0.5513,0.555,0.542,0.5488,30061813.19
2024-09-09 16:00:00,0.5488,0.5686,0.5484,0.5626,37238596.44
2024-09-09 20:00:00,0.5626,0.5714,0.5602,0.5625,19020136.13
2024-09-10 00:00:00,0.5625,0.5626,0.5553,0.5565,13776077.32
2024-09-10 04:00:00,0.5565,0.567,0.553,0.5656,15585213.55
2024-09-10 08:00:00,0.5656,0.5695,0.5606,0.5644,16554722.6
2024-09-10 12:00:00,0.5644,0.5677,0.5569,0.5573,32306481.36
2024-09-10 16:00:00,0.5573,0.5694,0.5571,0.5665,26160550.67
2024-09-10 20:00:00,0.5665,0.5704,0.5634,0.5679,14180485.38
2024-09-11 00:00:00,0.5679,0.5696,0.555,0.5582,25046886.1
2024-09-11 04:00:00,0.5582,0.5604,0.5509,0.5592,17827269.98
2024-09-11 08:00:00,0.5592,0.5628,0.5496,0.5565,21133025.34
2024-09-11 12:00:00,0.5565,0.5619,0.5442,0.5555,42854027.17
2024-09-11 16:00:00,0.5555,0.5635,0.5534,0.5578,28351231.4
2024-09-11 20:00:00,0.5578,0.561,0.5566,0.5584,11221301.36
2024-09-12 00:00:00,0.5584,0.5687,0.5583,0.5619,19715323.69
2024-09-12 04:00:00,0.5619,0.5647,0.5577,0.5631,15839528.61
2024-09-12 08:00:00,0.5631,0.5646,0.5587,0.5608,15454843.78
2024-09-12 12:00:00,0.5608,0.5675,0.5547,0.5567,32910849.04
2024-09-12 16:00:00,0.5567,0.5668,0.5564,0.5645,21346734.2
2024-09-12 20:00:00,0.5645,0.568,0.5606,0.566,14118590.46
2024-09-13 00:00:00,0.566,0.5673,0.5633,0.5659,13038878.08
2024-09-13 04:00:00,0.5659,0.5676,0.5646,0.5671,11859730.19
2024-09-13 08:00:00,0.5671,0.569,0.5623,0.563,15071093.39
2024-09-13 12:00:00,0.563,0.5733,0.5625,0.5717,24363300.5
2024-09-13 16:00:00,0.5717,0.5753,0.5678,0.5706,27397986.48
2024-09-13 20:00:00,0.5706,0.5787,0.5693,0.574,18353626.97
2024-09-14 00:00:00,0.574,0.5759,0.5718,0.5748,10954927.61
2024-09-14 04:00:00,0.5748,0.5761,0.5723,0.5757,11206085.86
2024-09-14 08:00:00,0.5757,0.5799,0.574,0.5786,12125005.67
2024-09-14 12:00:00,0.5786,0.5817,0.5763,0.5791,13517708.58
2024-09-14 16:00:00,0.5791,0.5819,0.5741,0.5775,16061403.35
2024-09-14 20:00:00,0.5775,0.5806,0.575,0.5766,11290014.67
2024-09-15 00:00:00,0.5766,0.5799,0.5748,0.578,9406326.32
2024-09-15 04:00:00,0.578,0.5792,0.5736,0.5785,9020137.9
2024-09-15 08:00:00,0.5785,0.5802,0.5729,0.575,8771137.8
2024-09-15 12:00:00,0.575,0.5785,0.573,0.5743,11579371.08
2024-09-15 16:00:00,0.5743,0.579,0.5674,0.5679,18730490.29
2024-09-15 20:00:00,0.5679,0.5691,0.552,0.5576,25770576.87
2024-09-16 00:00:00,0.5576,0.5596,0.5447,0.5502,26010814.6
2024-09-16 04:00:00,0.5502,0.561,0.5498,0.5606,15416603.21
2024-09-16 08:00:00,0.5606,0.5657,0.5513,0.5584,18393946.12
2024-09-16 12:00:00,0.5584,0.5645,0.5464,0.5527,32030641.14
2024-09-16 16:00:00,0.5527,0.5589,0.548,0.5503,26994519.28
2024-09-16 20:00:00,0.5503,0.558,0.5465,0.5551,16385552.52
2024-09-17 00:00:00,0.5551,0.5559,0.546,0.5521,15701748.71
2024-09-17 04:00:00,0.5521,0.5586,0.5518,0.5577,12572044.91
2024-09-17 08:00:00,0.5577,0.5601,0.555,0.5562,15746941.58
2024-09-17 12:00:00,0.5562,0.5717,0.5552,0.5701,35560313.01
2024-09-17 16:00:00,0.5701,0.5722,0.5568,0.5621,25110906.49
2024-09-17 20:00:00,0.5621,0.5654,0.5576,0.5611,16107350.79
2024-09-18 00:00:00,0.5611,0.5641,0.5546,0.5623,17183767.21
2024-09-18 04:00:00,0.5623,0.5649,0.5572,0.5641,12499369.27
2024-09-18 08:00:00,0.5641,0.571,0.5554,0.5666,23202593.88
2024-09-18 12:00:00,0.5666,0.57,0.5602,0.5617,24766035.69
2024-09-18 16:00:00,0.5617,0.5768,0.5612,0.5629,51214332.0
2024-09-18 20:00:00,0.5629,0.5801,0.558,0.5798,19766303.24
2024-09-19 00:00:00,0.5798,0.5896,0.5797,0.5825,28385095.04
2024-09-19 04:00:00,0.5825,0.5909,0.5819,0.5904,19110419.53
2024-09-19 08:00:00,0.5904,0.5984,0.5872,0.5976,19331066.25
2024-09-19 12:00:00,0.5976,0.6007,0.5886,0.5946,29115905.57
2024-09-19 16:00:00,0.5946,0.6053,0.5933,0.5981,30356614.31
2024-09-19 20:00:00,0.5981,0.6026,0.5934,0.6022,16607975.66
2024-09-20 00:00:00,0.6022,0.6089,0.5923,0.6088,22238236.3
2024-09-20 04:00:00,0.6088,0.6167,0.6076,0.6115,34585785.11
2024-09-20 08:00:00,0.6115,0.614,0.6066,0.6089,19478466.21
2024-09-20 12:00:00,0.6089,0.6145,0.6011,0.6073,34899798.57
2024-09-20 16:00:00,0.6073,0.6089,0.5972,0.6051,25372052.44
2024-09-20 20:00:00,0.6051,0.6086,0.6033,0.6085,12478062.7
2024-09-21 00:00:00,0.6085,0.6109,0.5993,0.5995,18812106.56
2024-09-21 04:00:00,0.5995,0.6054,0.595,0.6044,13142798.74
2024-09-21 08:00:00,0.6044,0.6055,0.6004,0.6029,10770515.55
2024-09-21 12:00:00,0.6029,0.6134,0.6011,0.6132,19147400.26
2024-09-21 16:00:00,0.6132,0.6177,0.6123,0.6134,14932358.52
2024-09-21 20:00:00,0.6134,0.6208,0.6105,0.6179,14728617.25
2024-09-22 00:00:00,0.6179,0.6494,0.6179,0.6375,34551837.76
2024-09-22 04:00:00,0.6375,0.645,0.6325,0.6348,15981727.93
2024-09-22 08:00:00,0.6348,0.6356,0.6238,0.6284,16943861.15
2024-09-22 12:00:00,0.6284,0.6345,0.6245,0.6329,20992870.11
2024-09-22 16:00:00,0.6329,0.6384,0.6265,0.6338,19286611.52
2024-09-22 20:00:00,0.6338,0.636,0.6176,0.6302,25866571.47
2024-09-23 00:00:00,0.6302,0.6392,0.6164,0.6345,35000530.72
2024-09-23 04:00:00,0.6345,0.6368,0.6268,0.6278,18225684.16
2024-09-23 08:00:00,0.6278,0.6331,0.6244,0.6299,19401845.53
2024-09-23 12:00:00,0.6299,0.6387,0.6272,0.6362,29464675.22
2024-09-23 16:00:00,0.6362,0.6415,0.6312,0.6352,25238724.91
2024-09-23 20:00:00,0.6352,0.6368,0.6294,0.6319,15196447.05
2024-09-24 00:00:00,0.6319,0.6328,0.6185,0.6232,25176035.72
2024-09-24 04:00:00,0.6232,0.6277,0.6202,0.6272,14297879.87
2024-09-24 08:00:00,0.6272,0.6343,0.6269,0.6292,18742060.1
2024-09-24 12:00:00,0.6292,0.6328,0.6197,0.6218,30193969.76
2024-09-24 16:00:00,0.6218,0.6316,0.6203,0.6295,21083759.19
2024-09-24 20:00:00,0.6295,0.6332,0.6271,0.6322,19540603.1
2024-09-25 00:00:00,0.6322,0.6352,0.628,0.6327,21139061.11
2024-09-25 04:00:00,0.6327,0.6331,0.6248,0.6278,15695108.46
2024-09-25 08:00:00,0.6278,0.6319,0.6257,0.6315,15229452.99
2024-09-25 12:00:00,0.6315,0.6384,0.6273,0.6301,21646268.08
2024-09-25 16:00:00,0.6301,0.6335,0.6248,0.6253,21536804.76
2024-09-25 20:00:00,0.6253,0.6299,0.623,0.6262,14983598.22
2024-09-26 00:00:00,0.6262,0.6311,0.616,0.6303,19904657.27
2024-09-26 04:00:00,0.6303,0.6393,0.6289,0.6378,16077082.36
2024-09-26 08:00:00,0.6378,0.6431,0.6331,0.6418,18465950.75
2024-09-26 12:00:00,0.6418,0.6519,0.6362,0.6488,33090212.44
2024-09-26 16:00:00,0.6488,0.6603,0.6444,0.6462,25230128.85
2024-09-26 20:00:00,0.6462,0.6491,0.6417,0.6465,17933314.61
2024-09-27 00:00:00,0.6465,0.6585,0.6452,0.6572,16845302.21
2024-09-27 04:00:00,0.6572,0.6666,0.6523,0.6611,21233790.47
2024-09-27 08:00:00,0.6611,0.6701,0.649,0.6513,24604268.03
2024-09-27 12:00:00,0.6513,0.6672,0.6492,0.6606,31267567.06
2024-09-27 16:00:00,0.6606,0.6667,0.6557,0.6603,24965327.53
2024-09-27 20:00:00,0.6603,0.661,0.6536,0.6549,14550737.72
2024-09-28 00:00:00,0.6549,0.6625,0.6548,0.659,13251943.53
2024-09-28 04:00:00,0.659,0.6597,0.6489,0.6501,15042790.09
2024-09-28 08:00:00,0.6501,0.6505,0.6431,0.6448,18438568.97
2024-09-28 12:00:00,0.6448,0.646,0.6385,0.6438,16197926.95
2024-09-28 16:00:00,0.6438,0.6449,0.6393,0.6424,13376802.77
2024-09-28 20:00:00,0.6424,0.6433,0.6332,0.6403,11887541.09
2024-09-29 00:00:00,0.6403,0.6447,0.6383,0.6418,12865242.19
2024-09-29 04:00:00,0.6418,0.6422,0.6313,0.6324,13532299.68
2024-09-29 08:00:00,0.6324,0.6362,0.6281,0.6349,11970068.96
2024-09-29 12:00:00,0.6349,0.6422,0.6316,0.6385,12977173.84
2024-09-29 16:00:00,0.6385,0.6478,0.637,0.6474,12780611.77
2024-09-29 20:00:00,0.6474,0.6491,0.6412,0.6429,11970571.51
2024-09-30 00:00:00,0.6429,0.6453,0.629,0.6354,20657408.43
2024-09-30 04:00:00,0.6354,0.6401,0.632,0.6363,11327810.19
2024-09-30 08:00:00,0.6363,0.6367,0.6229,0.6323,19432909.36
2024-09-30 12:00:00,0.6323,0.6346,0.6246,0.625,20587871.92
2024-09-30 16:00:00,0.625,0.63,0.6193,0.6267,20326785.12
2024-09-30 20:00:00,0.6267,0.6321,0.6194,0.6241,14521705.32
2024-10-01 00:00:00,0.6241,0.6313,0.6211,0.6313,17681660.98
2024-10-01 04:00:00,0.6313,0.6378,0.6301,0.6355,13861297.44
2024-10-01 08:00:00,0.6355,0.6368,0.6326,0.634,11841880.25
2024-10-01 12:00:00,0.634,0.6343,0.5923,0.6041,41486822.52
2024-10-01 16:00:00,0.6041,0.6056,0.5737,0.5861,44452797.81
2024-10-01 20:00:00,0.5861,0.5872,0.5704,0.5815,28774597.98
2024-10-02 00:00:00,0.5815,0.6025,0.5794,0.6,19448193.76
2024-10-02 04:00:00,0.6,0.6023,0.5939,0.5999,17556573.91
2024-10-02 08:00:00,0.5999,0.6024,0.5834,0.586,23112068.45
2024-10-02 12:00:00,0.586,0.5914,0.5763,0.5903,35670845.63
2024-10-02 16:00:00,0.5903,0.5954,0.5709,0.5723,33433505.36
2024-10-02 20:00:00,0.5723,0.5805,0.5694,0.5732,21679430.35
2024-10-03 00:00:00,0.5732,0.581,0.5698,0.5807,20593820.94
2024-10-03 04:00:00,0.5807,0.5814,0.5697,0.5707,16434226.2
2024-10-03 08:00:00,0.5707,0.5742,0.5587,0.5657,32617969.3
2024-10-03 12:00:00,0.5657,0.5725,0.5586,0.5671,43867054.52
2024-10-03 16:00:00,0.5671,0.5703,0.5596,0.5696,23341713.35
2024-10-03 20:00:00,0.5696,0.5702,0.564,0.5685,13909433.79
2024-10-04 00:00:00,0.5685,0.5747,0.5659,0.5726,16269619.73
2024-10-04 04:00:00,0.5726,0.5804,0.5725,0.5796,13911545.75
2024-10-04 08:00:00,0.5796,0.5858,0.5785,0.5837,14636437.41
2024-10-04 12:00:00,0.5837,0.5912,0.5758,0.5903,30012794.68
2024-10-04 16:00:00,0.5903,0.5966,0.5876,0.5911,19340633.25
2024-10-04 20:00:00,0.5911,0.5924,0.5867,0.5884,11207405.94
2024-10-05 00:00:00,0.5884,0.5933,0.584,0.5856,11774749.6
2024-10-05 04:00:00,0.5856,0.5937,0.5848,0.591,10507172.93
2024-10-05 08:00:00,0.591,0.595,0.5909,0.5938,9068504.97
2024-10-05 12:00:00,0.5938,0.5982,0.5917,0.5948,12598949.91
2024-10-05 16:00:00,0.5948,0.5951,0.5839,0.585,13191057.96
2024-10-05 20:00:00,0.585,0.5951,0.5831,0.5946,11823275.67
2024-10-06 00:00:00,0.5946,0.5971,0.5912,0.5913,11042795.37
2024-10-06 04:00:00,0.5913,0.5947,0.5898,0.5941,9257794.94
2024-10-06 08:00:00,0.5941,0.5979,0.5932,0.5957,9199851.12
2024-10-06 12:00:00,0.5957,0.6037,0.595,0.6018,11607782.2
2024-10-06 16:00:00,0.6018,0.6043,0.5991,0.6009,10474739.09
2024-10-06 20:00:00,0.6009,0.6068,0.5975,0.6064,9327841.41
2024-10-07 00:00:00,0.6064,0.6175,0.6042,0.6121,19296672.12
2024-10-07 04:00:00,0.6121,0.6137,0.6074,0.6085,11346255.66
2024-10-07 08:00:00,0.6085,0.6123,0.5958,0.6059,17464142.73
2024-10-07 12:00:00,0.6059,0.6179,0.6022,0.605,27428378.25
2024-10-07 16:00:00,0.605,0.6089,0.5941,0.6021,25525594.56
2024-10-07 20:00:00,0.6021,0.604,0.5893,0.591,17800420.93
2024-10-08 00:00:00,0.591,0.5992,0.591,0.5981,17493213.06
2024-10-08 04:00:00,0.5981,0.6008,0.589,0.5916,18215533.74
2024-10-08 08:00:00,0.5916,0.5997,0.5899,0.599,14322611.14
2024-10-08 12:00:00,0.599,0.603,0.5892,0.5935,23420742.24
2024-10-08 16:00:00,0.5935,0.6028,0.5909,0.5976,20877954.8
2024-10-08 20:00:00,0.5976,0.6071,0.5962,0.6053,12886486.26
2024-10-09 00:00:00,0.6053,0.611,0.6017,0.6044,16433821.33
2024-10-09 04:00:00,0.6044,0.6105,0.603,0.6037,13815343.34
2024-10-09 08:00:00,0.6037,0.605,0.599,0.6022,13083450.62
2024-10-09 12:00:00,0.6022,0.6063,0.5945,0.6038,26216621.34
2024-10-09 16:00:00,0.6038,0.6048,0.5916,0.5938,18351040.89
2024-10-09 20:00:00,0.5938,0.5946,0.579,0.5834,19042737.76
2024-10-10 00:00:00,0.5834,0.5903,0.5812,0.5882,14852276.55
2024-10-10 04:00:00,0.5882,0.5937,0.5874,0.5874,12347006.84
2024-10-10 08:00:00,0.5874,0.5895,0.5803,0.589,15811906.65
2024-10-10 12:00:00,0.589,0.5895,0.5787,0.5864,27096455.01
2024-10-10 16:00:00,0.5864,0.5907,0.5746,0.5844,30106991.36
2024-10-10 20:00:00,0.5844,0.5886,0.5824,0.5884,15464609.11
2024-10-11 00:00:00,0.5884,0.5919,0.5856,0.59,15594784.54
2024-10-11 04:00:00,0.59,0.5915,0.5852,0.5879,13380138.01
2024-10-11 08:00:00,0.5879,0.5939,0.5877,0.5925,12044455.4
2024-10-11 12:00:00,0.5925,0.6018,0.5912,0.6001,23000500.13
2024-10-11 16:00:00,0.6001,0.6045,0.5965,0.602,19044974.22
2024-10-11 20:00:00,0.602,0.604,0.5959,0.5975,11965927.12
2024-10-12 00:00:00,0.5975,0.6044,0.5966,0.6012,10911300.37
2024-10-12 04:00:00,0.6012,0.6078,0.601,0.605,10268696.53
2024-10-12 08:00:00,0.605,0.6098,0.6041,0.6063,9495440.28
2024-10-12 12:00:00,0.6063,0.6104,0.6051,0.6082,11859696.61
2024-10-12 16:00:00,0.6082,0.6107,0.6042,0.6052,11634098.28
2024-10-12 20:00:00,0.6052,0.61,0.6047,0.6085,9556945.84
2024-10-13 00:00:00,0.6085,0.6106,0.6046,0.6052,10293446.3
2024-10-13 04:00:00,0.6052,0.609,0.6051,0.6068,7641448.59
2024-10-13 08:00:00,0.6068,0.6092,0.6038,0.6041,8022992.01
2024-10-13 12:00:00,0.6041,0.6077,0.5983,0.5992,10067928.67
2024-10-13 16:00:00,0.5992,0.6067,0.5983,0.6012,12439961.36
2024-10-13 20:00:00,0.6012,0.6085,0.6001,0.6076,10968677.14
2024-10-14 00:00:00,0.6076,0.6189,0.5998,0.6177,15694841.45
2024-10-14 04:00:00,0.6177,0.6222,0.6116,0.6202,21025240.81
2024-10-14 08:00:00,0.6202,0.6259,0.6166,0.6238,17787859.41
2024-10-14 12:00:00,0.6238,0.642,0.6233,0.6389,29845755.23
2024-10-14 16:00:00,0.6389,0.6431,0.6347,0.6396,17603317.01
2024-10-14 20:00:00,0.6396,0.6484,0.637,0.6446,15321922.36
2024-10-15 00:00:00,0.6446,0.6472,0.6356,0.636,16460265.11
2024-10-15 04:00:00,0.636,0.6368,0.624,0.6325,15755610.61
2024-10-15 08:00:00,0.6325,0.639,0.6194,0.6216,20879196.97
2024-10-15 12:00:00,0.6216,0.6402,0.6017,0.611,47649018.74
2024-10-15 16:00:00,0.611,0.6191,0.6082,0.6138,24655902.96
2024-10-15 20:00:00,0.6138,0.6253,0.6092,0.6249,16488706.49
2024-10-16 00:00:00,0.6249,0.6303,0.6198,0.6243,17419802.63
2024-10-16 04:00:00,0.6243,0.6289,0.6198,0.623,16511988.53
2024-10-16 08:00:00,0.623,0.6392,0.6219,0.6365,20694400.79
2024-10-16 12:00:00,0.6365,0.6399,0.6268,0.6309,24064358.86
2024-10-16 16:00:00,0.6309,0.6322,0.6212,0.6219,16074023.45
2024-10-16 20:00:00,0.6219,0.6266,0.6211,0.6233,11573019.35
2024-10-17 00:00:00,0.6233,0.6297,0.6226,0.6287,13954924.66
2024-10-17 04:00:00,0.6287,0.6301,0.6187,0.6217,17269358.98
2024-10-17 08:00:00,0.6217,0.6251,0.6118,0.6119,16606522.6
2024-10-17 12:00:00,0.6119,0.6234,0.6097,0.6225,25072900.2
2024-10-17 16:00:00,0.6225,0.6227,0.6068,0.6126,19951002.67
2024-10-17 20:00:00,0.6126,0.6189,0.6123,0.6159,12312994.22
2024-10-18 00:00:00,0.6159,0.6228,0.6103,0.6113,17444736.35
2024-10-18 04:00:00,0.6113,0.6211,0.6111,0.6202,15959828.85
2024-10-18 08:00:00,0.6202,0.6207,0.6112,0.6116,14974645.72
2024-10-18 12:00:00,0.6116,0.6224,0.6089,0.6198,21972845.39
2024-10-18 16:00:00,0.6198,0.6227,0.6135,0.6171,17960276.23
2024-10-18 20:00:00,0.6171,0.6177,0.6135,0.6164,11942061.15
2024-10-19 00:00:00,0.6164,0.6221,0.614,0.6174,13019202.14
2024-10-19 04:00:00,0.6174,0.6183,0.6155,0.6164,11286711.55
2024-10-19 08:00:00,0.6164,0.6216,0.613,0.6133,13583310.87
2024-10-19 12:00:00,0.6133,0.6196,0.6129,0.6174,11913829.17
2024-10-19 16:00:00,0.6174,0.618,0.6117,0.6125,10892941.8
2024-10-19 20:00:00,0.6125,0.6177,0.612,0.6161,11401271.14
2024-10-20 00:00:00,0.6161,0.6177,0.61,0.6107,12233506.01
2024-10-20 04:00:00,0.6107,0.6166,0.6101,0.615,9862954.23
2024-10-20 08:00:00,0.615,0.6163,0.6132,0.6158,8020609.93
2024-10-20 12:00:00,0.6158,0.6257,0.6128,0.6216,17691924.9
2024-10-20 16:00:00,0.6216,0.6256,0.6194,0.6216,11585132.56
2024-10-20 20:00:00,0.6216,0.63,0.6207,0.6261,19323982.95
2024-10-21 00:00:00,0.6261,0.6334,0.624,0.6256,17451600.39
2024-10-21 04:00:00,0.6256,0.6292,0.6232,0.6235,15521943.5
2024-10-21 08:00:00,0.6235,0.6254,0.6154,0.6173,18698402.69
2024-10-21 12:00:00,0.6173,0.6188,0.6005,0.6076,28041841.03
2024-10-21 16:00:00,0.6076,0.6121,0.6027,0.6089,16657399.38
2024-10-21 20:00:00,0.6089,0.6133,0.6048,0.6052,11728698.69
2024-10-22 00:00:00,0.6052,0.6075,0.5969,0.6072,17749429.68
2024-10-22 04:00:00,0.6072,0.612,0.6045,0.6061,12306984.56
2024-10-22 08:00:00,0.6061,0.609,0.5955,0.6073,19311398.78
2024-10-22 12:00:00,0.6073,0.6124,0.6001,0.6087,22850902.02
2024-10-22 16:00:00,0.6087,0.6116,0.6039,0.6087,15282899.2
2024-10-22 20:00:00,0.6087,0.6128,0.6075,0.6087,10103492.82
2024-10-23 00:00:00,0.6087,0.6102,0.602,0.6051,14961059.01
2024-10-23 04:00:00,0.6051,0.607,0.6018,0.6022,14063338.4
2024-10-23 08:00:00,0.6022,0.6028,0.5907,0.5935,18663515.92
2024-10-23 12:00:00,0.5935,0.5954,0.5855,0.5897,23707162.19
2024-10-23 16:00:00,0.5897,0.5909,0.5765,0.5897,26302159.33
2024-10-23 20:00:00,0.5897,0.5943,0.586,0.5928,12967742.97
2024-10-24 00:00:00,0.5928,0.6045,0.5896,0.6008,16954737.95
2024-10-24 04:00:00,0.6008,0.6038,0.5944,0.595,14015158.33
2024-10-24 08:00:00,0.595,0.5987,0.5894,0.5969,17633274.84
2024-10-24 12:00:00,0.5969,0.5994,0.5917,0.5955,21727052.15
2024-10-24 16:00:00,0.5955,0.6003,0.5921,0.5989,16417461.58
2024-10-24 20:00:00,0.5989,0.6035,0.5965,0.5987,12370286.79
2024-10-25 00:00:00,0.5987,0.6,0.5916,0.5953,13258602.65
2024-10-25 04:00:00,0.5953,0.5959,0.5843,0.5886,16097990.32
2024-10-25 08:00:00,0.5886,0.6011,0.5867,0.6002,15419653.13
2024-10-25 12:00:00,0.6002,0.6082,0.5945,0.5975,23010690.1
2024-10-25 16:00:00,0.5975,0.6015,0.5823,0.5905,29863272.07
2024-10-25 20:00:00,0.5905,0.5935,0.564,0.5785,29330211.22
2024-10-26 00:00:00,0.5785,0.5803,0.5718,0.5787,22798370.66
2024-10-26 04:00:00,0.5787,0.5848,0.5782,0.5802,12987918.1
2024-10-26 08:00:00,0.5802,0.5835,0.5796,0.5827,11743150.27
2024-10-26 12:00:00,0.5827,0.5843,0.5735,0.5779,16235367.98
2024-10-26 16:00:00,0.5779,0.5847,0.5765,0.584,12524247.82
2024-10-26 20:00:00,0.584,0.5874,0.5815,0.5829,9924703.84
2024-10-27 00:00:00,0.5829,0.5866,0.5807,0.5865,10193936.39
2024-10-27 04:00:00,0.5865,0.5868,0.5829,0.5839,8342597.16
2024-10-27 08:00:00,0.5839,0.585,0.5798,0.5812,10186492.75
2024-10-27 12:00:00,0.5812,0.5887,0.5811,0.5871,14428139.07
2024-10-27 16:00:00,0.5871,0.5895,0.5844,0.586,11269085.31
2024-10-27 20:00:00,0.586,0.5908,0.5842,0.5858,13037253.44
2024-10-28 00:00:00,0.5858,0.5867,0.574,0.5751,13860260.77
2024-10-28 04:00:00,0.5751,0.583,0.5724,0.5777,15502662.59
2024-10-28 08:00:00,0.5777,0.5861,0.5758,0.5815,14352598.39
2024-10-28 12:00:00,0.5815,0.5827,0.572,0.5724,23321898.7
2024-10-28 16:00:00,0.5724,0.5808,0.5694,0.5756,23216845.15
2024-10-28 20:00:00,0.5756,0.5898,0.5744,0.586,16468383.18
2024-10-29 00:00:00,0.586,0.5997,0.5844,0.5951,23567987.12
2024-10-29 04:00:00,0.5951,0.5989,0.5922,0.5934,13363553.33
2024-10-29 08:00:00,0.5934,0.6029,0.5932,0.6022,16266152.28
2024-10-29 12:00:00,0.6022,0.608,0.5984,0.6075,23516630.77
2024-10-29 16:00:00,0.6075,0.6128,0.5982,0.5988,29281383.77
2024-10-29 20:00:00,0.5988,0.6056,0.5934,0.6028,16783142.04
2024-10-30 00:00:00,0.6028,0.6041,0.5917,0.5997,17418528.55
2024-10-30 04:00:00,0.5997,0.607,0.5981,0.6029,14273694.15
2024-10-30 08:00:00,0.6029,0.6091,0.5976,0.5983,20037886.55
2024-10-30 12:00:00,0.5983,0.6123,0.5962,0.6057,27932632.74
2024-10-30 16:00:00,0.6057,0.6102,0.6023,0.6035,16726027.8
2024-10-30 20:00:00,0.6035,0.6106,0.5999,0.6061,17884931.48
2024-10-31 00:00:00,0.6061,0.6085,0.5988,0.6017,15076387.79
2024-10-31 04:00:00,0.6017,0.6044,0.5973,0.6019,12215160.12
2024-10-31 08:00:00,0.6019,0.6108,0.5973,0.6062,17032613.91
2024-10-31 12:00:00,0.6062,0.6068,0.5924,0.5969,25745249.7
2024-10-31 16:00:00,0.5969,0.5977,0.5917,0.5948,21417020.91
2024-10-31 20:00:00,0.5948,0.6015,0.5941,0.5978,15563595.65
2024-11-01 00:00:00,0.5978,0.6004,0.5799,0.5859,20969465.46
2024-11-01 04:00:00,0.5859,0.5883,0.5795,0.5831,15443454.18
2024-11-01 08:00:00,0.5831,0.5849,0.5775,0.5804,19710735.72
2024-11-01 12:00:00,0.5804,0.5928,0.5708,0.5748,31636366.13
2024-11-01 16:00:00,0.5748,0.5817,0.5742,0.5786,23593601.97
2024-11-01 20:00:00,0.5786,0.5816,0.5721,0.577,13559875.39
2024-11-02 00:00:00,0.577,0.5807,0.5761,0.5769,11483780.55
2024-11-02 04:00:00,0.5769,0.5814,0.5757,0.5807,11907254.14
2024-11-02 08:00:00,0.5807,0.5813,0.5747,0.5773,12160736.31
2024-11-02 12:00:00,0.5773,0.5784,0.5682,0.5701,18997230.81
2024-11-02 16:00:00,0.5701,0.574,0.5697,0.5712,11540431.14
2024-11-02 20:00:00,0.5712,0.5739,0.5702,0.5738,7895354.48
2024-11-03 00:00:00,0.5738,0.5743,0.5525,0.5594,20602935.22
2024-11-03 04:00:00,0.5594,0.5666,0.5589,0.5639,13059950.92
2024-11-03 08:00:00,0.5639,0.5651,0.5586,0.5626,12934834.1
2024-11-03 12:00:00,0.5626,0.5647,0.5464,0.5544,28712003.01
2024-11-03 16:00:00,0.5544,0.5603,0.5475,0.5588,17770177.63
2024-11-03 20:00:00,0.5588,0.5659,0.5574,0.5598,16265774.25
2024-11-04 00:00:00,0.5598,0.5687,0.5536,0.5642,16515411.65
2024-11-04 04:00:00,0.5642,0.5661,0.5574,0.5592,12669069.71
2024-11-04 08:00:00,0.5592,0.567,0.5574,0.5651,14943134.6
2024-11-04 12:00:00,0.5651,0.5703,0.5588,0.5611,20744254.71
2024-11-04 16:00:00,0.5611,0.5618,0.5507,0.5548,21454593.84
2024-11-04 20:00:00,0.5548,0.5552,0.5411,0.551,25687657.76
2024-11-05 00:00:00,0.551,0.5554,0.5467,0.5553,18367538.56
2024-11-05 04:00:00,0.5553,0.5582,0.5538,0.5572,13810142.62
2024-11-05 08:00:00,0.5572,0.5602,0.555,0.5589,14195951.52
2024-11-05 12:00:00,0.5589,0.5673,0.5564,0.5601,25752184.27
2024-11-05 16:00:00,0.5601,0.568,0.5555,0.5568,21624134.68
2024-11-05 20:00:00,0.5568,0.5655,0.5554,0.5614,17180422.98
2024-11-06 00:00:00,0.5614,0.5945,0.5611,0.5831,53706656.27
2024-11-06 04:00:00,0.5831,0.5923,0.575,0.5845,36291641.67
2024-11-06 08:00:00,0.5845,0.5894,0.5746,0.5864,28260797.18
2024-11-06 12:00:00,0.5864,0.5906,0.5814,0.5864,30239511.99
2024-11-06 16:00:00,0.5864,0.5939,0.5859,0.593,24144569.28
2024-11-06 20:00:00,0.593,0.6015,0.5894,0.6005,24111163.18
2024-11-07 00:00:00,0.6005,0.6214,0.5968,0.6166,29023828.25
2024-11-07 04:00:00,0.6166,0.647,0.6064,0.6349,30777987.35
2024-11-07 08:00:00,0.6349,0.6425,0.6278,0.6311,27395245.88
2024-11-07 12:00:00,0.6311,0.6539,0.6256,0.6523,28175101.64
2024-11-07 16:00:00,0.6523,0.6965,0.649,0.6964,35857703.06
2024-11-07 20:00:00,0.6964,0.701,0.6582,0.669,28889917.61
2024-11-08 00:00:00,0.669,0.6806,0.6461,0.6526,25449100.43
2024-11-08 04:00:00,0.6526,0.6645,0.6521,0.6588,18428109.6
2024-11-08 08:00:00,0.6588,0.6591,0.651,0.6562,18997418.68
2024-11-08 12:00:00,0.6562,0.6665,0.6525,0.6603,32909916.47
2024-11-08 16:00:00,0.6603,0.6644,0.6448,0.6593,27983911.02
2024-11-08 20:00:00,0.6593,0.6728,0.6491,0.6717,20673357.59
2024-11-09 00:00:00,0.6717,0.7067,0.667,0.7007,26731297.56
2024-11-09 04:00:00,0.7007,0.7233,0.6953,0.7174,31031171.97
2024-11-09 08:00:00,0.7174,0.94,0.7136,0.8133,95645574.06
2024-11-09 12:00:00,0.8133,0.852,0.7844,0.7872,34351039.67
2024-11-09 16:00:00,0.7872,0.7986,0.7579,0.7977,21351377.83
2024-11-09 20:00:00,0.7977,0.8152,0.7936,0.8096,19321986.02
2024-11-10 00:00:00,0.8096,0.8096,0.7806,0.7978,23992280.8
2024-11-10 04:00:00,0.7978,0.8231,0.792,0.8043,26623527.09
2024-11-10 08:00:00,0.8043,0.8373,0.8043,0.8312,24623399.78
2024-11-10 12:00:00,0.8312,0.8333,0.7784,0.8034,26948091.26
2024-11-10 16:00:00,0.8034,0.8098,0.7824,0.7854,24639807.59
2024-11-10 20:00:00,0.7854,0.7906,0.7477,0.7839,27862989.11
2024-11-11 00:00:00,0.7839,0.7951,0.7729,0.7897,24799822.22
2024-11-11 04:00:00,0.7897,0.7952,0.7479,0.765,29767731.78
2024-11-11 08:00:00,0.765,0.7822,0.7637,0.7748,22625267.87
2024-11-11 12:00:00,0.7748,0.7857,0.7545,0.7781,37340838.35
2024-11-11 16:00:00,0.7781,0.7983,0.775,0.783,33751759.46
2024-11-11 20:00:00,0.783,0.8081,0.7742,0.8067,30847637.68
2024-11-12 00:00:00,0.8067,0.8086,0.7723,0.7876,29146530.12
2024-11-12 04:00:00,0.7876,0.791,0.7725,0.7884,28769395.49
2024-11-12 08:00:00,0.7884,0.807,0.7115,0.7464,61460495.65
2024-11-12 12:00:00,0.7464,0.7522,0.719,0.7339,41428284.02
2024-11-12 16:00:00,0.7339,0.7445,0.7131,0.7388,28489440.26
2024-11-12 20:00:00,0.7388,0.7463,0.73,0.7333,19853799.24
2024-11-13 00:00:00,0.7333,0.7394,0.7007,0.7011,24602142.04
2024-11-13 04:00:00,0.7011,0.7067,0.6717,0.696,28129481.51
2024-11-13 08:00:00,0.696,0.7019,0.685,0.6901,25139329.35
2024-11-13 12:00:00,0.6901,0.7414,0.684,0.7395,59464842.01
2024-11-13 16:00:00,0.7395,0.7421,0.6974,0.6975,29752262.78
2024-11-13 20:00:00,0.6975,0.7093,0.6862,0.7068,25703452.08
2024-11-14 00:00:00,0.7068,0.7437,0.7023,0.7434,30455048.46
2024-11-14 04:00:00,0.7434,0.8,0.7382,0.7705,35465218.57
2024-11-14 08:00:00,0.7705,0.7735,0.7337,0.7416,28836392.24
2024-11-14 12:00:00,0.7416,0.7438,0.7017,0.7057,34464179.45
2024-11-14 16:00:00,0.7057,0.7331,0.7015,0.7228,21118247.71
2024-11-14 20:00:00,0.7228,0.7228,0.6921,0.6987,23000811.11
2024-11-15 00:00:00,0.6987,0.7088,0.6892,0.7008,21489659.91
2024-11-15 04:00:00,0.7008,0.7025,0.6809,0.6942,18551371.07
2024-11-15 08:00:00,0.6942,0.7109,0.6874,0.7082,20090970.52
2024-11-15 12:00:00,0.7082,0.7167,0.6811,0.6848,30162829.09
2024-11-15 16:00:00,0.6848,0.7066,0.6834,0.7035,29880963.79
2024-11-15 20:00:00,0.7035,0.7486,0.7033,0.7324,24880087.56
2024-11-16 00:00:00,0.7324,0.7444,0.7223,0.7438,17785635.05
2024-11-16 04:00:00,0.7438,0.749,0.7266,0.7309,18430098.04
2024-11-16 08:00:00,0.7309,0.7454,0.7229,0.745,23253926.3
2024-11-16 12:00:00,0.745,0.7498,0.7245,0.7304,29736173.51
2024-11-16 16:00:00,0.7304,0.7527,0.7283,0.7464,22964447.09
2024-11-16 20:00:00,0.7464,0.7556,0.7372,0.755,23132677.6
2024-11-17 00:00:00,0.755,0.7642,0.7128,0.7261,29962269.16
2024-11-17 04:00:00,0.7261,0.7476,0.7249,0.7439,24640078.49
2024-11-17 08:00:00,0.7439,0.7471,0.7137,0.7175,24366347.8
2024-11-17 12:00:00,0.7175,0.728,0.7145,0.7181,25561898.68
2024-11-17 16:00:00,0.7181,0.725,0.7072,0.7119,23501542.01
2024-11-17 20:00:00,0.7119,0.7164,0.7023,0.7119,24588037.54
2024-11-18 00:00:00,0.7119,0.7311,0.71,0.7298,22475505.67
2024-11-18 04:00:00,0.7298,0.7373,0.7233,0.7298,20310302.54
2024-11-18 08:00:00,0.7298,0.7329,0.7109,0.7123,26633111.57
2024-11-18 12:00:00,0.7123,0.7385,0.7092,0.7358,32241213.5
2024-11-18 16:00:00,0.7358,0.7381,0.7135,0.7233,31048474.12
2024-11-18 20:00:00,0.7233,0.7446,0.7214,0.7444,24366120.1
2024-11-19 00:00:00,0.7444,0.7565,0.737,0.7377,17780962.43
2024-11-19 04:00:00,0.7377,0.7384,0.7234,0.731,17379339.15
2024-11-19 08:00:00,0.731,0.7399,0.7233,0.7391,20248364.3
2024-11-19 12:00:00,0.7391,0.7516,0.7308,0.7464,30857954.29
2024-11-19 16:00:00,0.7464,0.7498,0.7358,0.744,27799294.18
2024-11-19 20:00:00,0.744,0.7489,0.7246,0.7353,22751278.12
2024-11-20 00:00:00,0.7353,0.7387,0.7163,0.7229,20640610.17
2024-11-20 04:00:00,0.7229,0.7342,0.7181,0.7315,18385517.66
2024-11-20 08:00:00,0.7315,0.7388,0.7236,0.7302,21427241.11
2024-11-20 12:00:00,0.7302,0.7422,0.7208,0.7343,30404873.82
2024-11-20 16:00:00,0.7343,0.7367,0.7033,0.7086,36568652.93
2024-11-20 20:00:00,0.7086,0.7258,0.7065,0.7209,17806582.01
2024-11-21 00:00:00,0.7209,0.7295,0.7063,0.7211,22643107.81
2024-11-21 04:00:00,0.7211,0.739,0.7211,0.7329,24833480.98
2024-11-21 08:00:00,0.7329,0.8,0.7328,0.7914,42701147.71
2024-11-21 12:00:00,0.7914,0.8135,0.7689,0.78,45555717.11
2024-11-21 16:00:00,0.78,0.8065,0.78,0.7864,25571224.88
2024-11-21 20:00:00,0.7864,0.7997,0.7858,0.7947,15648912.14
2024-11-22 00:00:00,0.7947,0.8176,0.7813,0.8147,20730703.72
2024-11-22 04:00:00,0.8147,0.8502,0.8126,0.831,27616499.03
2024-11-22 08:00:00,0.831,0.8588,0.831,0.8511,28027315.18
2024-11-22 12:00:00,0.8511,0.8667,0.8151,0.8417,32442718.04
2024-11-22 16:00:00,0.8417,0.8519,0.8362,0.8485,21251120.43
2024-11-22 20:00:00,0.8485,0.868,0.8461,0.863,14987110.6
2024-11-23 00:00:00,0.863,0.8652,0.8312,0.8485,24377033.02
2024-11-23 04:00:00,0.8485,0.8485,0.8361,0.8438,16733982.09
2024-11-23 08:00:00,0.8438,0.8588,0.842,0.8465,17344992.95
2024-11-23 12:00:00,0.8465,0.888,0.845,0.8737,24678460.03
2024-11-23 16:00:00,0.8737,0.8872,0.8331,0.8818,33413494.03
2024-11-23 20:00:00,0.8818,0.8842,0.8595,0.8665,19512940.57
2024-11-24 00:00:00,0.8665,0.8913,0.8638,0.8911,15270846.18
2024-11-24 04:00:00,0.8911,0.8936,0.8712,0.882,15554161.97
2024-11-24 08:00:00,0.882,0.8823,0.8314,0.8317,22753433.68
2024-11-24 12:00:00,0.8317,0.8372,0.7903,0.7948,35080544.3
2024-11-24 16:00:00,0.7948,0.8335,0.7923,0.8279,21330813.87
2024-11-24 20:00:00,0.8279,0.8571,0.8262,0.8542,17963497.45
2024-11-25 00:00:00,0.8542,0.8549,0.8249,0.8415,23899202.39
2024-11-25 04:00:00,0.8415,0.853,0.8401,0.8498,17184589.29
2024-11-25 08:00:00,0.8498,0.8907,0.8491,0.8691,22227690.78
2024-11-25 12:00:00,0.8691,0.8766,0.8187,0.8711,39846638.71
2024-11-25 16:00:00,0.8711,0.8783,0.8411,0.8523,24543811.26
2024-11-25 20:00:00,0.8523,0.8638,0.8261,0.8341,19726520.1
2024-11-26 00:00:00,0.8341,0.8451,0.8263,0.8352,18345377.08
2024-11-26 04:00:00,0.8352,0.8466,0.8274,0.8315,18382465.44
2024-11-26 08:00:00,0.8315,0.8319,0.7692,0.7894,36162228.95
2024-11-26 12:00:00,0.7894,0.8064,0.7785,0.7923,29237833.11
2024-11-26 16:00:00,0.7923,0.809,0.784,0.7968,27863367.51
2024-11-26 20:00:00,0.7968,0.8159,0.7942,0.8123,22232712.83
2024-11-27 00:00:00,0.8123,0.8225,0.8067,0.8176,21388308.99
2024-11-27 04:00:00,0.8176,0.8878,0.8171,0.8668,29760526.68
2024-11-27 08:00:00,0.8668,0.8693,0.8478,0.8529,25122362.8
2024-11-27 12:00:00,0.8529,0.8647,0.8386,0.8607,29092760.35
2024-11-27 16:00:00,0.8607,0.8705,0.8505,0.8651,21435234.19
2024-11-27 20:00:00,0.8651,0.8795,0.8615,0.8775,23012855.08
2024-11-28 00:00:00,0.8775,0.889,0.8497,0.8583,22237916.93
2024-11-28 04:00:00,0.8583,0.8696,0.8531,0.865,14920693.0
2024-11-28 08:00:00,0.865,0.8808,0.8549,0.8663,21287352.79
2024-11-28 12:00:00,0.8663,0.8757,0.8468,0.8482,24991727.78
2024-11-28 16:00:00,0.8482,0.8628,0.8471,0.862,15568499.18
2024-11-28 20:00:00,0.862,0.8705,0.8575,0.8687,14427545.67
2024-11-29 00:00:00,0.8687,0.8732,0.858,0.8701,17580304.34
2024-11-29 04:00:00,0.8701,0.8708,0.8532,0.8538,16930378.34
2024-11-29 08:00:00,0.8538,0.874,0.8538,0.871,15772641.57
2024-11-29 12:00:00,0.871,0.8817,0.8658,0.8683,20781582.52
2024-11-29 16:00:00,0.8683,0.8699,0.8556,0.8644,20423344.35
2024-11-29 20:00:00,0.8644,0.8783,0.8627,0.8761,13507076.39
2024-11-30 00:00:00,0.8761,0.8918,0.8657,0.8904,19367943.73
2024-11-30 04:00:00,0.8904,0.9178,0.8902,0.9131,26933665.14
2024-11-30 08:00:00,0.9131,0.9179,0.8915,0.8998,19908603.07
2024-11-30 12:00:00,0.8998,0.9087,0.8987,0.9034,17051671.28
2024-11-30 16:00:00,0.9034,0.9124,0.8967,0.9088,14944483.37
2024-11-30 20:00:00,0.9088,0.9088,0.897,0.9041,14947683.18
2024-12-01 00:00:00,0.9041,0.9189,0.8911,0.9187,27603889.74
2024-12-01 04:00:00,0.9187,0.9466,0.9178,0.943,27319304.7
2024-12-01 08:00:00,0.943,0.9675,0.9318,0.9353,22657345.23
2024-12-01 12:00:00,0.9353,0.9459,0.9282,0.9333,18896620.41
2024-12-01 16:00:00,0.9333,0.945,0.9311,0.9346,16039500.82
2024-12-01 20:00:00,0.9346,0.9378,0.919,0.9294,17741283.53
2024-12-02 00:00:00,0.9294,0.9404,0.9052,0.9074,23245181.38
2024-12-02 04:00:00,0.9074,0.9189,0.895,0.9068,28331741.2
2024-12-02 08:00:00,0.9068,0.9135,0.8606,0.8792,40485345.0
2024-12-02 12:00:00,0.8792,0.9163,0.8752,0.9078,28752051.07
2024-12-02 16:00:00,0.9078,0.9105,0.8667,0.8927,33488008.96
2024-12-02 20:00:00,0.8927,0.9105,0.8893,0.9101,22306837.64
2024-12-03 00:00:00,0.9101,0.919,0.8892,0.9128,21779842.97
2024-12-03 04:00:00,0.9128,0.9233,0.8946,0.9003,25048461.96
2024-12-03 08:00:00,0.9003,0.926,0.9001,0.9258,26454257.71
2024-12-03 12:00:00,0.9258,0.9271,0.8241,0.8711,47068785.96
2024-12-03 16:00:00,0.8711,0.8859,0.8631,0.8801,21713645.81
2024-12-03 20:00:00,0.8801,0.9118,0.8791,0.9081,19205684.06
2024-12-04 00:00:00,0.9081,0.9663,0.9037,0.958,32179169.7
2024-12-04 04:00:00,0.958,0.994,0.9263,0.983,32137597.75
2024-12-04 08:00:00,0.983,1.1709,0.9826,1.0918,73872361.09
2024-12-04 12:00:00,1.0918,1.1235,1.0506,1.0961,39673697.4
2024-12-04 16:00:00,1.0961,1.1221,1.0574,1.1064,36432392.11
2024-12-04 20:00:00,1.1064,1.1198,1.0446,1.0487,24547700.86
2024-12-05 00:00:00,1.0487,1.0499,0.9793,1.0059,40070809.0
2024-12-05 04:00:00,1.0059,1.0358,1.0016,1.0312,22408978.71
2024-12-05 08:00:00,1.0312,1.0739,1.0312,1.0716,20868715.49
2024-12-05 12:00:00,1.0716,1.1412,1.0693,1.0986,35983111.89
2024-12-05 16:00:00,1.0986,1.1532,1.0986,1.1196,32443029.98
2024-12-05 20:00:00,1.1196,1.1413,1.087,1.1214,32139240.6
2024-12-06 00:00:00,1.1214,1.1993,1.1167,1.1949,30933804.72
2024-12-06 04:00:00,1.1949,1.2398,1.1762,1.177,26751975.5
2024-12-06 08:00:00,1.177,1.1909,1.1309,1.1381,25827020.24
2024-12-06 12:00:00,1.1381,1.1807,1.1125,1.1636,27350118.82
2024-12-06 16:00:00,1.1636,1.1856,1.1606,1.1691,21316715.03
2024-12-06 20:00:00,1.1691,1.1714,1.1382,1.1464,16531991.48
2024-12-07 00:00:00,1.1464,1.1499,1.1293,1.1373,14952584.66
2024-12-07 04:00:00,1.1373,1.1466,1.1304,1.1385,13473649.96
2024-12-07 08:00:00,1.1385,1.1894,1.1307,1.1816,16104907.61
2024-12-07 12:00:00,1.1816,1.2033,1.1687,1.1758,17825167.93
2024-12-07 16:00:00,1.1758,1.1783,1.1676,1.1688,13473192.35
2024-12-07 20:00:00,1.1688,1.1709,1.1563,1.1601,11382355.03
2024-12-08 00:00:00,1.1601,1.1626,1.1533,1.1584,10836130.85
2024-12-08 04:00:00,1.1584,1.218,1.1565,1.1964,19206200.61
2024-12-08 08:00:00,1.1964,1.2327,1.1839,1.2257,23831386.16
2024-12-08 12:00:00,1.2257,1.3491,1.2125,1.3261,41653711.41
2024-12-08 16:00:00,1.3261,1.331,1.2384,1.2529,21941984.67
2024-12-08 20:00:00,1.2529,1.2702,1.2341,1.2672,11127276.4
2024-12-09 00:00:00,1.2672,1.2704,1.1879,1.1983,18454944.21
2024-12-09 04:00:00,1.1983,1.2104,1.1585,1.1965,19317816.3
2024-12-09 08:00:00,1.1965,1.2023,1.131,1.1333,28208492.99
2024-12-09 12:00:00,1.1333,1.2037,1.1251,1.1637,32977783.04
2024-12-09 16:00:00,1.1637,1.22,1.1567,1.2111,30712344.16
2024-12-09 20:00:00,1.2111,1.2134,0.9718,1.1393,52229665.08
2024-12-10 00:00:00,1.1393,1.1407,1.0296,1.0794,37880100.93
2024-12-10 04:00:00,1.0794,1.2334,1.065,1.1776,42184162.65
2024-12-10 08:00:00,1.1776,1.1963,1.1529,1.1551,24171813.16
2024-12-10 12:00:00,1.1551,1.2015,1.1265,1.1278,38045539.99
2024-12-10 16:00:00,1.1278,1.2159,1.1109,1.2109,46501881.3
2024-12-10 20:00:00,1.2109,1.2312,1.1809,1.1811,24786040.21
2024-12-11 00:00:00,1.1811,1.2157,1.138,1.1722,25473834.56
2024-12-11 04:00:00,1.1722,1.1815,1.1593,1.1605,16405965.97
2024-12-11 08:00:00,1.1605,1.2181,1.1599,1.2135,17527696.32
2024-12-11 12:00:00,1.2135,1.2692,1.2135,1.2663,24148715.45
2024-12-11 16:00:00,1.2663,1.3184,1.2641,1.3135,23945889.37
2024-12-11 20:00:00,1.3135,1.365,1.3071,1.3606,20933312.46
2024-12-12 00:00:00,1.3606,1.3831,1.2935,1.3501,21290535.41
2024-12-12 04:00:00,1.3501,1.3585,1.3114,1.3122,17647125.01
2024-12-12 08:00:00,1.3122,1.3544,1.2925,1.2972,17252901.84
2024-12-12 12:00:00,1.2972,1.3221,1.2903,1.2994,21380925.4
2024-12-12 16:00:00,1.2994,1.3076,1.2526,1.2568,19542479.04
2024-12-12 20:00:00,1.2568,1.2816,1.2528,1.2718,16157791.42
2024-12-13 00:00:00,1.2718,1.2824,1.2425,1.2761,14972115.52
2024-12-13 04:00:00,1.2761,1.2771,1.2472,1.2508,12402235.89
2024-12-13 08:00:00,1.2508,1.2773,1.25,1.2632,12485272.55
2024-12-13 12:00:00,1.2632,1.2735,1.2414,1.2437,14865634.23
2024-12-13 16:00:00,1.2437,1.2725,1.2425,1.263,13735764.09
2024-12-13 20:00:00,1.263,1.2698,1.251,1.2597,9557099.13
2024-12-14 00:00:00,1.2597,1.299,1.2539,1.2613,17289763.73
2024-12-14 04:00:00,1.2613,1.2634,1.2374,1.2416,12087686.13
2024-12-14 08:00:00,1.2416,1.2485,1.2244,1.2278,11994310.62
2024-12-14 12:00:00,1.2278,1.2285,1.1947,1.2201,16220017.55
2024-12-14 16:00:00,1.2201,1.234,1.2076,1.2265,16596216.42
2024-12-14 20:00:00,1.2265,1.2387,1.213,1.2323,11359413.76
2024-12-15 00:00:00,1.2323,1.2512,1.2212,1.2214,11895643.79
2024-12-15 04:00:00,1.2214,1.2381,1.1969,1.2002,12478005.64
2024-12-15 08:00:00,1.2002,1.2194,1.197,1.2172,9808725.7
2024-12-15 12:00:00,1.2172,1.2436,1.2126,1.2376,9929173.03
2024-12-15 16:00:00,1.2376,1.2445,1.2282,1.2311,8431957.49
2024-12-15 20:00:00,1.2311,1.2495,1.2056,1.2456,13016996.33
2024-12-16 00:00:00,1.2456,1.261,1.2159,1.2229,17517640.2
2024-12-16 04:00:00,1.2229,1.233,1.2101,1.2153,13935965.16
2024-12-16 08:00:00,1.2153,1.2158,1.1737,1.1783,15914972.11
2024-12-16 12:00:00,1.1783,1.2071,1.1765,1.2014,19391288.08
2024-12-16 16:00:00,1.2014,1.2363,1.1956,1.2355,20382685.31
2024-12-16 20:00:00,1.2355,1.2367,1.2102,1.2108,14481017.54
2024-12-17 00:00:00,1.2108,1.2322,1.1947,1.2304,15393295.48
2024-12-17 04:00:00,1.2304,1.252,1.2235,1.2449,15235209.94
2024-12-17 08:00:00,1.2449,1.2607,1.2356,1.2399,15490922.33
2024-12-17 12:00:00,1.2399,1.2414,1.204,1.2121,20778462.52
2024-12-17 16:00:00,1.2121,1.2316,1.2058,1.2147,17389765.01
2024-12-17 20:00:00,1.2147,1.2246,1.178,1.1898,14152646.45
2024-12-18 00:00:00,1.1898,1.1904,1.1657,1.1692,17274114.3
2024-12-18 04:00:00,1.1692,1.1695,1.146,1.1656,18717058.8
2024-12-18 08:00:00,1.1656,1.1994,1.1626,1.1945,16693097.73
2024-12-18 12:00:00,1.1945,1.1991,1.1683,1.177,19464358.16
2024-12-18 16:00:00,1.177,1.1929,1.1498,1.1498,21507193.95
2024-12-18 20:00:00,1.1498,1.1536,1.0737,1.0966,36674269.73
2024-12-19 00:00:00,1.0966,1.1483,1.0626,1.1455,28695986.97
2024-12-19 04:00:00,1.1455,1.1787,1.1351,1.1769,16943707.1
2024-12-19 08:00:00,1.1769,1.2613,1.1677,1.2482,32133139.73
2024-12-19 12:00:00,1.2482,1.2635,1.1838,1.1979,31523618.83
2024-12-19 16:00:00,1.1979,1.228,1.1247,1.1392,38663247.79
2024-12-19 20:00:00,1.1392,1.1991,1.1091,1.163,29626265.58
2024-12-20 00:00:00,1.163,1.1912,1.1403,1.1732,25546335.2
2024-12-20 04:00:00,1.1732,1.1885,1.1325,1.1538,28732209.15
2024-12-20 08:00:00,1.1538,1.1549,1.0,1.004,49284595.38
2024-12-20 12:00:00,1.004,1.2095,1.0017,1.1984,43587982.4
2024-12-20 16:00:00,1.1984,1.25,1.1823,1.2498,25433853.33
2024-12-20 20:00:00,1.2498,1.2775,1.1975,1.2764,21443041.78
2024-12-21 00:00:00,1.2764,1.2998,1.2598,1.277,17332199.2
2024-12-21 04:00:00,1.277,1.3327,1.2766,1.3035,19376476.41
2024-12-21 08:00:00,1.3035,1.3047,1.15,1.2181,27736686.69
2024-12-21 12:00:00,1.2181,1.2197,1.1599,1.1941,29481272.43
2024-12-21 16:00:00,1.1941,1.196,1.1517,1.1681,29412894.53
2024-12-21 20:00:00,1.1681,1.1799,1.1468,1.1602,21675055.0
2024-12-22 00:00:00,1.1602,1.1988,1.1451,1.1573,20477371.14
2024-12-22 04:00:00,1.1573,1.1604,1.1288,1.1441,18418748.98
2024-12-22 08:00:00,1.1441,1.1911,1.1431,1.1864,20275010.15
2024-12-22 12:00:00,1.1864,1.1919,1.155,1.1633,24246172.55
2024-12-22 16:00:00,1.1633,1.1831,1.156,1.1604,21977893.7
2024-12-22 20:00:00,1.1604,1.1812,1.1491,1.1657,18161115.27
2024-12-23 00:00:00,1.1657,1.2038,1.1456,1.2016,20504253.75
2024-12-23 04:00:00,1.2016,1.2083,1.1583,1.1749,16584054.7
2024-12-23 08:00:00,1.1749,1.1939,1.1711,1.1883,15473011.36
2024-12-23 12:00:00,1.1883,1.2026,1.1581,1.1598,19410175.61
2024-12-23 16:00:00,1.1598,1.1857,1.154,1.1811,19333548.28
2024-12-23 20:00:00,1.1811,1.2316,1.1796,1.2107,19439598.43
2024-12-24 00:00:00,1.2107,1.2126,1.181,1.2018,18059335.07
2024-12-24 04:00:00,1.2018,1.2091,1.1882,1.1918,15558088.13
2024-12-24 08:00:00,1.1918,1.2,1.1878,1.1984,15346691.75
2024-12-24 12:00:00,1.1984,1.2482,1.192,1.2451,22690316.53
2024-12-24 16:00:00,1.2451,1.25,1.2269,1.2282,18081931.17
2024-12-24 20:00:00,1.2282,1.2473,1.2147,1.2447,15413674.05
2024-12-25 00:00:00,1.2447,1.2457,1.2196,1.2229,14782891.1
2024-12-25 04:00:00,1.2229,1.2596,1.2189,1.2581,15556591.53
2024-12-25 08:00:00,1.2581,1.2853,1.2467,1.2558,23542106.89
2024-12-25 12:00:00,1.2558,1.2619,1.2341,1.2394,19887819.62
2024-12-25 16:00:00,1.2394,1.2497,1.2241,1.2471,15279080.47
2024-12-25 20:00:00,1.2471,1.2494,1.2262,1.2382,12619600.21
2024-12-26 00:00:00,1.2382,1.2444,1.2152,1.2252,14070736.16
2024-12-26 04:00:00,1.2252,1.2252,1.1931,1.1935,14939344.89
2024-12-26 08:00:00,1.1935,1.2,1.1704,1.1975,17801673.91
2024-12-26 12:00:00,1.1975,1.1975,1.1711,1.1848,17602668.33
2024-12-26 16:00:00,1.1848,1.1941,1.1688,1.1783,15423066.3
2024-12-26 20:00:00,1.1783,1.1853,1.1663,1.1743,13827217.58
2024-12-27 00:00:00,1.1743,1.2053,1.1702,1.1942,17555165.73
2024-12-27 04:00:00,1.1942,1.2002,1.1689,1.1698,17448716.8
2024-12-27 08:00:00,1.1698,1.2294,1.1696,1.2283,20765133.99
2024-12-27 12:00:00,1.2283,1.2402,1.1849,1.1952,21798076.16
2024-12-27 16:00:00,1.1952,1.2199,1.181,1.2102,19161825.09
2024-12-27 20:00:00,1.2102,1.2108,1.1838,1.1925,14505025.6
2024-12-28 00:00:00,1.1925,1.1976,1.1846,1.1918,10332341.75
2024-12-28 04:00:00,1.1918,1.2072,1.188,1.1968,8758106.51
2024-12-28 08:00:00,1.1968,1.2053,1.1914,1.1995,7262919.87
2024-12-28 12:00:00,1.1995,1.2186,1.1995,1.206,11312493.27
2024-12-28 16:00:00,1.206,1.2213,1.2052,1.2116,8540778.17
2024-12-28 20:00:00,1.2116,1.2171,1.2033,1.2121,5855396.19
2024-12-29 00:00:00,1.2121,1.2134,1.1983,1.2039,5101294.54
2024-12-29 04:00:00,1.2039,1.2111,1.1988,1.2101,3533501.85
2024-12-29 08:00:00,1.2101,1.2242,1.2054,1.2194,4485939.25
2024-12-29 12:00:00,1.2194,1.23,1.2066,1.2067,6422410.59
2024-12-29 16:00:00,1.2067,1.2091,1.1957,1.1962,5231239.08
2024-12-29 20:00:00,1.1962,1.2054,1.1856,1.2,5566276.59
2024-12-30 00:00:00,1.2,1.223,1.196,1.1975,10620038.87
2024-12-30 04:00:00,1.1975,1.2053,1.1914,1.1982,7538451.58
2024-12-30 08:00:00,1.1982,1.2182,1.1982,1.2055,10157002.66
2024-12-30 12:00:00,1.2055,1.2122,1.1744,1.1868,13837752.29
2024-12-30 16:00:00,1.1868,1.2169,1.1819,1.2131,15145384.27
2024-12-30 20:00:00,1.2131,1.2238,1.1914,1.2098,14121698.94
2024-12-31 00:00:00,1.2098,1.2219,1.1942,1.2076,15346676.22
2024-12-31 04:00:00,1.2076,1.2331,1.2076,1.2316,14068602.93
2024-12-31 08:00:00,1.2316,1.2653,1.2315,1.2604,18509135.36
2024-12-31 12:00:00,1.2604,1.2784,1.256,1.2654,19590569.18
2024-12-31 16:00:00,1.2654,1.2697,1.2386,1.256,13678550.84
2024-12-31 20:00:00,1.256,1.2607,1.2398,1.2523,10242765.23
2025-01-01 00:00:00,1.2523,1.2689,1.2464,1.2479,10522132.0
2025-01-01 04:00:00,1.2479,1.2622,1.2452,1.2607,7364039.69
2025-01-01 08:00:00,1.2607,1.285,1.2466,1.2707,16617990.54
2025-01-01 12:00:00,1.2707,1.3089,1.2704,1.279,18103373.99
2025-01-01 16:00:00,1.279,1.2835,1.2612,1.2777,11016560.23
2025-01-01 20:00:00,1.2777,1.2791,1.2541,1.2564,7634904.47
2025-01-02 00:00:00,1.2564,1.2912,1.2508,1.2863,10736756.4
2025-01-02 04:00:00,1.2863,1.3075,1.286,1.297,11962669.21
2025-01-02 08:00:00,1.297,1.3175,1.2925,1.3123,9308272.0
2025-01-02 12:00:00,1.3123,1.3712,1.3123,1.3427,24355020.15
2025-01-02 16:00:00,1.3427,1.3789,1.3291,1.3637,16392699.85
2025-01-02 20:00:00,1.3637,1.3688,1.3378,1.3491,9848171.15
2025-01-03 00:00:00,1.3491,1.387,1.3473,1.3482,13170637.23
2025-01-03 04:00:00,1.3482,1.3513,1.3196,1.3246,11844126.79
2025-01-03 08:00:00,1.3246,1.3828,1.3232,1.3751,14076016.76
2025-01-03 12:00:00,1.3751,1.3998,1.3607,1.3987,17659858.56
2025-01-03 16:00:00,1.3987,1.4114,1.3817,1.3951,15088740.19
2025-01-03 20:00:00,1.3951,1.3966,1.3742,1.3783,10227904.58
2025-01-04 00:00:00,1.3783,1.3808,1.357,1.3682,8768492.39
2025-01-04 04:00:00,1.3682,1.369,1.3561,1.366,7385407.96
2025-01-04 08:00:00,1.366,1.3929,1.3482,1.3575,12234595.65
2025-01-04 12:00:00,1.3575,1.3798,1.3502,1.3573,12207085.81
2025-01-04 16:00:00,1.3573,1.3752,1.3522,1.3663,9342585.32
2025-01-04 20:00:00,1.3663,1.3869,1.3663,1.3808,6454801.63
2025-01-05 00:00:00,1.3808,1.4133,1.3706,1.3738,11624895.07
2025-01-05 04:00:00,1.3738,1.3829,1.3659,1.3679,7902616.97
2025-01-05 08:00:00,1.3679,1.378,1.3568,1.3753,7238362.13
2025-01-05 12:00:00,1.3753,1.4044,1.3694,1.3996,9131516.3
2025-01-05 16:00:00,1.3996,1.405,1.3768,1.3794,7700866.38
2025-01-05 20:00:00,1.3794,1.3994,1.3713,1.3948,6672756.72
2025-01-06 00:00:00,1.3948,1.41,1.374,1.4068,12254147.32
2025-01-06 04:00:00,1.4068,1.4198,1.3392,1.3516,17345132.49
2025-01-06 08:00:00,1.3516,1.3645,1.3375,1.3592,12418360.87
2025-01-06 12:00:00,1.3592,1.3785,1.3458,1.3747,16064942.15
2025-01-06 16:00:00,1.3747,1.3828,1.3417,1.3612,13755917.27
2025-01-06 20:00:00,1.3612,1.3655,1.3485,1.3557,8678599.76
2025-01-07 00:00:00,1.3557,1.3598,1.342,1.3436,9691604.69
2025-01-07 04:00:00,1.3436,1.347,1.31,1.3169,12390318.01
2025-01-07 08:00:00,1.3169,1.3219,1.2906,1.2976,14420682.02
2025-01-07 12:00:00,1.2976,1.3104,1.258,1.2833,27208010.81
2025-01-07 16:00:00,1.2833,1.2999,1.26,1.2601,23131300.63
2025-01-07 20:00:00,1.2601,1.2787,1.257,1.2712,16168428.75
2025-01-08 00:00:00,1.2712,1.2918,1.2375,1.2476,20881774.82
2025-01-08 04:00:00,1.2476,1.2525,1.2091,1.2355,23738412.49
2025-01-08 08:00:00,1.2355,1.2574,1.2192,1.2279,20512293.32
2025-01-08 12:00:00,1.2279,1.2334,1.2071,1.2198,25199136.96
2025-01-08 16:00:00,1.2198,1.2219,1.1731,1.1922,31613707.59
2025-01-08 20:00:00,1.1922,1.213,1.1825,1.2127,18351639.61
2025-01-09 00:00:00,1.2127,1.2202,1.1932,1.1942,11586795.92
2025-01-09 04:00:00,1.1942,1.202,1.1622,1.1637,14346545.16
2025-01-09 08:00:00,1.1637,1.1826,1.1557,1.1695,20478298.07
2025-01-09 12:00:00,1.1695,1.1785,1.1284,1.1696,30278861.62
2025-01-09 16:00:00,1.1696,1.179,1.136,1.1382,24737030.71
2025-01-09 20:00:00,1.1382,1.1578,1.1271,1.1471,20454229.69
2025-01-10 00:00:00,1.1471,1.1692,1.1443,1.1609,14360424.92
2025-01-10 04:00:00,1.1609,1.1887,1.1585,1.1827,17439833.99
2025-01-10 08:00:00,1.1827,1.1989,1.1817,1.1881,15713571.41
2025-01-10 12:00:00,1.1881,1.2294,1.158,1.1823,32794446.78
2025-01-10 16:00:00,1.1823,1.2026,1.1717,1.1922,25454696.34
2025-01-10 20:00:00,1.1922,1.1926,1.1761,1.1824,13552817.16
2025-01-11 00:00:00,1.1824,1.1841,1.1614,1.1625,12571527.25
2025-01-11 04:00:00,1.1625,1.177,1.1578,1.1634,11327988.07
2025-01-11 08:00:00,1.1634,1.1763,1.1535,1.1715,14602589.84
2025-01-11 12:00:00,1.1715,1.1739,1.16,1.1609,11985331.33
2025-01-11 16:00:00,1.1609,1.1656,1.1548,1.1634,11930591.35
2025-01-11 20:00:00,1.1634,1.1797,1.1617,1.1655,11007128.19
2025-01-12 00:00:00,1.1655,1.1672,1.1585,1.1646,8799222.44
2025-01-12 04:00:00,1.1646,1.1679,1.154,1.1609,6090456.71
2025-01-12 08:00:00,1.1609,1.1647,1.1376,1.1496,10252335.69
2025-01-12 12:00:00,1.1496,1.1642,1.1459,1.1586,8990354.19
2025-01-12 16:00:00,1.1586,1.1609,1.1465,1.1484,7922943.42
2025-01-12 20:00:00,1.1484,1.151,1.1276,1.1398,8047067.32
2025-01-13 00:00:00,1.1398,1.1621,1.1204,1.1219,15400044.84
2025-01-13 04:00:00,1.1219,1.1293,1.0887,1.1009,17501030.96
2025-01-13 08:00:00,1.1009,1.102,1.0322,1.0324,19181915.75
2025-01-13 12:00:00,1.0324,1.0788,1.0086,1.0694,29546343.45
2025-01-13 16:00:00,1.0694,1.0769,1.0539,1.0722,21552684.97
2025-01-13 20:00:00,1.0722,1.1029,1.0661,1.0975,17211624.87
2025-01-14 00:00:00,1.0975,1.1238,1.094,1.1181,14729133.75
2025-01-14 04:00:00,1.1181,1.1257,1.1014,1.1024,12859897.43
2025-01-14 08:00:00,1.1024,1.1295,1.0997,1.1115,16934138.63
2025-01-14 12:00:00,1.1115,1.1131,1.0917,1.0957,20764670.89
2025-01-14 16:00:00,1.0957,1.1029,1.0856,1.0973,16485239.42
2025-01-14 20:00:00,1.0973,1.1169,1.0915,1.1055,11803231.87
2025-01-15 00:00:00,1.1055,1.1118,1.0941,1.1081,14882424.14
2025-01-15 04:00:00,1.1081,1.1118,1.0992,1.1062,12025274.89
2025-01-15 08:00:00,1.1062,1.1138,1.0711,1.0798,15591412.5
2025-01-15 12:00:00,1.0798,1.1312,1.0722,1.1193,22941973.41
2025-01-15 16:00:00,1.1193,1.1457,1.1193,1.1433,15507295.82
2025-01-15 20:00:00,1.1433,1.1531,1.1358,1.1467,13377097.14
2025-01-16 00:00:00,1.1467,1.1495,1.1202,1.1254,15671667.37
2025-01-16 04:00:00,1.1254,1.1489,1.1254,1.141,10181747.86
2025-01-16 08:00:00,1.141,1.1421,1.1087,1.1284,19421564.17
2025-01-16 12:00:00,1.1284,1.1457,1.1,1.1264,30396931.44
2025-01-16 16:00:00,1.1264,1.1404,1.1189,1.1397,18891421.65
2025-01-16 20:00:00,1.1397,1.1415,1.1087,1.1173,14655828.46
2025-01-17 00:00:00,1.1173,1.1447,1.1173,1.131,15561325.19
2025-01-17 04:00:00,1.131,1.1433,1.1272,1.1381,12644460.85
2025-01-17 08:00:00,1.1381,1.158,1.1364,1.1527,17631470.6
2025-01-17 12:00:00,1.1527,1.1537,1.1311,1.136,23621406.63
2025-01-17 16:00:00,1.136,1.14,1.1095,1.1169,17494861.9
2025-01-17 20:00:00,1.1169,1.1423,1.1148,1.1315,14058201.86
2025-01-18 00:00:00,1.1315,1.1371,1.0963,1.0999,14438472.16
2025-01-18 04:00:00,1.0999,1.1036,1.0613,1.0705,27473581.03
2025-01-18 08:00:00,1.0705,1.0721,1.0295,1.049,29684735.24
2025-01-18 12:00:00,1.049,1.0549,1.0314,1.0369,24288034.36
2025-01-18 16:00:00,1.0369,1.0492,1.0276,1.0468,22971492.91
2025-01-18 20:00:00,1.0468,1.0664,1.0357,1.0629,15299748.26
2025-01-19 00:00:00,1.0629,1.089,1.0577,1.066,16030197.12
2025-01-19 04:00:00,1.066,1.0732,1.05,1.0558,21586784.02
2025-01-19 08:00:00,1.0558,1.0574,0.971,0.9797,37777660.57
2025-01-19 12:00:00,0.9797,1.0475,0.9776,1.0346,35752759.94
2025-01-19 16:00:00,1.0346,1.05,1.0312,1.0405,19168654.2
2025-01-19 20:00:00,1.0405,1.0462,0.9297,0.9563,41464391.64
2025-01-20 00:00:00,0.9563,0.979,0.923,0.977,35766319.67
2025-01-20 04:00:00,0.977,1.0277,0.9645,1.0112,33023385.18
2025-01-20 08:00:00,1.0112,1.0171,0.9666,0.9809,22606430.58
2025-01-20 12:00:00,0.9809,0.982,0.9415,0.951,29928195.88
2025-01-20 16:00:00,0.951,1.0225,0.9405,1.0137,31888133.02
2025-01-20 20:00:00,1.0137,1.0387,1.001,1.0349,19875538.87
2025-01-21 00:00:00,1.0349,1.0619,1.0089,1.0569,24797648.94
2025-01-21 04:00:00,1.0569,1.0608,1.0257,1.0554,20486222.22
2025-01-21 08:00:00,1.0554,1.1069,1.0492,1.0865,25469331.68
2025-01-21 12:00:00,1.0865,1.126,1.082,1.1096,22867228.93
2025-01-21 16:00:00,1.1096,1.1296,1.0915,1.0959,17964551.68
2025-01-21 20:00:00,1.0959,1.1018,1.0787,1.0856,13913708.78
2025-01-22 00:00:00,1.0856,1.1087,1.0836,1.105,13226586.74
2025-01-22 04:00:00,1.105,1.1324,1.105,1.1251,15002168.06
2025-01-22 08:00:00,1.1251,1.1464,1.1156,1.1427,16479741.41
2025-01-22 12:00:00,1.1427,1.191,1.1426,1.1695,27864924.95
2025-01-22 16:00:00,1.1695,1.1747,1.1289,1.1334,14846332.99
2025-01-22 20:00:00,1.1334,1.1395,1.1017,1.1033,13613465.75
2025-01-23 00:00:00,1.1033,1.1037,1.0693,1.0818,13892643.38
2025-01-23 04:00:00,1.0818,1.125,1.0621,1.1235,12545140.52
2025-01-23 08:00:00,1.1235,1.1809,1.1203,1.1561,26838243.31
2025-01-23 12:00:00,1.1561,1.2026,1.1538,1.1938,26960417.04
2025-01-23 16:00:00,1.1938,1.2399,1.1932,1.2334,24594577.55
2025-01-23 20:00:00,1.2334,1.2857,1.2003,1.2325,28999095.43
2025-01-24 00:00:00,1.2325,1.2354,1.161,1.192,20286048.25
2025-01-24 04:00:00,1.192,1.2678,1.1844,1.2317,19249184.4
2025-01-24 08:00:00,1.2317,1.2429,1.2,1.2106,17598779.15
2025-01-24 12:00:00,1.2106,1.224,1.1878,1.1984,19045891.58
2025-01-24 16:00:00,1.1984,1.2154,1.1815,1.1848,16359636.92
2025-01-24 20:00:00,1.1848,1.1898,1.1701,1.1764,12636914.79
2025-01-25 00:00:00,1.1764,1.205,1.163,1.1966,12685500.46
2025-01-25 04:00:00,1.1966,1.2288,1.1794,1.1795,15926009.36
2025-01-25 08:00:00,1.1795,1.2144,1.1771,1.1966,14885545.3
2025-01-25 12:00:00,1.1966,1.2086,1.1878,1.2016,11811814.02
2025-01-25 16:00:00,1.2016,1.2096,1.1997,1.2031,8991107.76
2025-01-25 20:00:00,1.2031,1.2068,1.191,1.1968,6263115.07
2025-01-26 00:00:00,1.1968,1.2094,1.1939,1.2045,5992845.33
2025-01-26 04:00:00,1.2045,1.2109,1.1931,1.1966,5271275.04
2025-01-26 08:00:00,1.1966,1.2011,1.1732,1.1819,7319224.55
2025-01-26 12:00:00,1.1819,1.1889,1.1763,1.18,5506460.68
2025-01-26 16:00:00,1.18,1.1893,1.1761,1.1829,4079908.47
2025-01-26 20:00:00,1.1829,1.1839,1.1512,1.1544,8143444.33
2025-01-27 00:00:00,1.1544,1.1561,1.1035,1.1174,20655919.5
2025-01-27 04:00:00,1.1174,1.1175,1.0476,1.0757,25040883.55
2025-01-27 08:00:00,1.0757,1.1205,1.0655,1.1017,22810806.78
2025-01-27 12:00:00,1.1017,1.1357,1.08,1.1226,23605586.15
2025-01-27 16:00:00,1.1226,1.1261,1.0919,1.094,19902571.98
2025-01-27 20:00:00,1.094,1.1342,1.0926,1.1245,16504109.97
2025-01-28 00:00:00,1.1245,1.1419,1.1118,1.1388,15317482.57
2025-01-28 04:00:00,1.1388,1.1507,1.1234,1.1267,14713142.17
2025-01-28 08:00:00,1.1267,1.1344,1.1098,1.1128,14397770.34
2025-01-28 12:00:00,1.1128,1.1281,1.1033,1.1167,18855279.64
2025-01-28 16:00:00,1.1167,1.1184,1.092,1.0968,18842741.27
2025-01-28 20:00:00,1.0968,1.0977,1.0644,1.0734,17487785.14
2025-01-29 00:00:00,1.0734,1.0946,1.0733,1.092,13553117.81
2025-01-29 04:00:00,1.092,1.1002,1.0845,1.089,11263909.89
2025-01-29 08:00:00,1.089,1.097,1.0726,1.0834,12110154.15
2025-01-29 12:00:00,1.0834,1.0839,1.0622,1.0712,15455263.48
2025-01-29 16:00:00,1.0712,1.1082,1.0485,1.0891,22983716.36
2025-01-29 20:00:00,1.0891,1.1056,1.0742,1.0779,16060763.4
2025-01-30 00:00:00,1.0779,1.113,1.072,1.1126,15144963.82
2025-01-30 04:00:00,1.1126,1.1156,1.0927,1.0997,15149495.59
2025-01-30 08:00:00,1.0997,1.1666,1.0967,1.1654,23781476.68
2025-01-30 12:00:00,1.1654,1.1995,1.1538,1.1925,33108780.02
2025-01-30 16:00:00,1.1925,1.1943,1.1598,1.1824,17167503.6
2025-01-30 20:00:00,1.1824,1.1831,1.1609,1.1626,12080146.06
2025-01-31 00:00:00,1.1626,1.1878,1.1574,1.1688,14282374.21
2025-01-31 04:00:00,1.1688,1.2287,1.1645,1.208,20599016.44
2025-01-31 08:00:00,1.208,1.2118,1.1815,1.2071,16680148.26
2025-01-31 12:00:00,1.2071,1.2094,1.1812,1.2006,18518341.83
2025-01-31 16:00:00,1.2006,1.2278,1.1899,1.2267,21407043.58
2025-01-31 20:00:00,1.2267,1.2483,1.2097,1.2335,21252198.56
2025-02-01 00:00:00,1.2335,1.27,1.2277,1.2322,16748009.14
2025-02-01 04:00:00,1.2322,1.238,1.1977,1.2016,13975456.07
2025-02-01 08:00:00,1.2016,1.2214,1.1792,1.2126,16271715.32
2025-02-01 12:00:00,1.2126,1.216,1.179,1.1884,18115343.96
2025-02-01 16:00:00,1.1884,1.1936,1.1652,1.1803,16402624.86
2025-02-01 20:00:00,1.1803,1.1807,1.1381,1.1537,17331736.08
2025-02-02 00:00:00,1.1537,1.1866,1.1289,1.1304,21269302.96
2025-02-02 04:00:00,1.1304,1.1591,1.126,1.1272,18001697.21
2025-02-02 08:00:00,1.1272,1.1493,1.1141,1.1146,19738757.16
2025-02-02 12:00:00,1.1146,1.1392,1.109,1.1175,23043668.93
2025-02-02 16:00:00,1.1175,1.1192,1.0442,1.0826,43678558.9
2025-02-02 20:00:00,1.0826,1.0947,1.0077,1.0553,30143895.0
2025-02-03 00:00:00,1.0553,1.0562,0.8,0.9579,54195625.82
2025-02-03 04:00:00,0.9579,1.0595,0.9161,1.0498,28134670.29
2025-02-03 08:00:00,1.0498,1.0916,1.0145,1.0898,21984015.12
2025-02-03 12:00:00,1.0898,1.1463,1.0453,1.1369,27840742.79
2025-02-03 16:00:00,1.1369,1.333,1.1243,1.2321,37596436.6
2025-02-03 20:00:00,1.2321,1.2475,1.1828,1.2276,17602282.0
2025-02-04 00:00:00,1.2276,1.2321,1.1788,1.1845,17955238.95
2025-02-04 04:00:00,1.1845,1.1941,1.085,1.1004,28976044.91
2025-02-04 08:00:00,1.1004,1.1661,1.0903,1.1358,25045080.83
2025-02-04 12:00:00,1.1358,1.1795,1.1246,1.1471,31217264.08
2025-02-04 16:00:00,1.1471,1.1701,1.1273,1.1273,25473655.91
2025-02-04 20:00:00,1.1273,1.15,1.0963,1.1412,27654132.45
2025-02-05 00:00:00,1.1412,1.1526,1.1168,1.1256,17842819.5
2025-02-05 04:00:00,1.1256,1.1438,1.1065,1.1252,18641223.76
2025-02-05 08:00:00,1.1252,1.1554,1.1216,1.1438,18523378.19
2025-02-05 12:00:00,1.1438,1.1616,1.1348,1.1392,20463599.45
2025-02-05 16:00:00,1.1392,1.1458,1.1131,1.137,21568537.73
2025-02-05 20:00:00,1.137,1.1428,1.1195,1.1404,16629850.35
2025-02-06 00:00:00,1.1404,1.156,1.1363,1.148,17177180.27
2025-02-06 04:00:00,1.148,1.1662,1.1466,1.1527,13228814.6
2025-02-06 08:00:00,1.1527,1.1597,1.1217,1.1306,17448867.3
2025-02-06 12:00:00,1.1306,1.1314,1.09,1.0961,23352446.09
2025-02-06 16:00:00,1.0961,1.1133,1.0889,1.0927,19925572.09
2025-02-06 20:00:00,1.0927,1.11,1.083,1.0913,15334290.25
2025-02-07 00:00:00,1.0913,1.1125,1.0821,1.0895,18646354.46
2025-02-07 04:00:00,1.0895,1.1019,1.073,1.0864,16492596.42
2025-02-07 08:00:00,1.0864,1.0921,1.0732,1.091,15752535.76
2025-02-07 12:00:00,1.091,1.1285,1.0812,1.0849,23427054.68
2025-02-07 16:00:00,1.0849,1.0867,1.0552,1.0614,18537544.47
2025-02-07 20:00:00,1.0614,1.0619,1.0286,1.0548,16568985.59
2025-02-08 00:00:00,1.0548,1.0676,1.0503,1.0606,11083306.1
2025-02-08 04:00:00,1.0606,1.0677,1.0403,1.0627,13709175.45
2025-02-08 08:00:00,1.0627,1.0647,1.0492,1.0569,13675734.1
2025-02-08 12:00:00,1.0569,1.0629,1.0297,1.0387,17948707.57
2025-02-08 16:00:00,1.0387,1.054,1.0346,1.0493,14627192.99
2025-02-08 20:00:00,1.0493,1.0543,1.0425,1.0481,9515603.39
2025-02-09 00:00:00,1.0481,1.074,1.0417,1.0701,11661340.3
2025-02-09 04:00:00,1.0701,1.0715,1.0436,1.0489,11872172.43
2025-02-09 08:00:00,1.0489,1.0574,1.0335,1.0345,12153484.71
2025-02-09 12:00:00,1.0345,1.0405,1.015,1.0302,15744779.9
2025-02-09 16:00:00,1.0302,1.0377,1.0092,1.0156,13464279.75
2025-02-09 20:00:00,1.0156,1.0297,0.9839,1.0271,18279545.36
2025-02-10 00:00:00,1.0271,1.036,0.9952,1.0194,18713590.32
2025-02-10 04:00:00,1.0194,1.0325,1.0133,1.0301,14472909.95
2025-02-10 08:00:00,1.0301,1.0335,1.0196,1.0235,13472627.18
2025-02-10 12:00:00,1.0235,1.0351,1.013,1.0214,18447724.14
2025-02-10 16:00:00,1.0214,1.033,1.0184,1.025,15843624.91
2025-02-10 20:00:00,1.025,1.028,1.0162,1.0231,10212605.82
2025-02-11 00:00:00,1.0231,1.042,1.021,1.0418,12553442.92
2025-02-11 04:00:00,1.0418,1.0706,1.0366,1.0592,17545224.48
2025-02-11 08:00:00,1.0592,1.0699,1.0429,1.0565,15227586.14
2025-02-11 12:00:00,1.0565,1.0579,1.0263,1.0381,19185771.12
2025-02-11 16:00:00,1.0381,1.0422,1.0055,1.0097,18185600.62
2025-02-11 20:00:00,1.0097,1.0281,1.0086,1.0157,14896869.98
2025-02-12 00:00:00,1.0157,1.0288,1.012,1.0131,15677286.6
2025-02-12 04:00:00,1.0131,1.0239,1.0098,1.018,13952194.12
2025-02-12 08:00:00,1.018,1.0279,1.0111,1.0167,15915974.78
2025-02-12 12:00:00,1.0167,1.0293,0.9986,1.0257,27992523.87
2025-02-12 16:00:00,1.0257,1.0576,1.0134,1.0415,21017721.61
2025-02-12 20:00:00,1.0415,1.0593,1.0333,1.0519,16534113.45
2025-02-13 00:00:00,1.0519,1.0635,1.0453,1.0605,13845809.24
2025-02-13 04:00:00,1.0605,1.0613,1.0305,1.0336,13709580.86
2025-02-13 08:00:00,1.0336,1.0406,1.0213,1.0316,15065323.38
2025-02-13 12:00:00,1.0316,1.0399,1.0107,1.0313,20725347.06
2025-02-13 16:00:00,1.0313,1.0376,1.0211,1.0255,16735005.14
2025-02-13 20:00:00,1.0255,1.0389,1.0238,1.0341,11925670.0
2025-02-14 00:00:00,1.0341,1.0441,1.0324,1.0401,13743144.45
2025-02-14 04:00:00,1.0401,1.0414,1.0266,1.0297,11797742.03
2025-02-14 08:00:00,1.0297,1.0383,1.0235,1.0246,15670251.69
2025-02-14 12:00:00,1.0246,1.0402,1.0208,1.0358,18377748.36
2025-02-14 16:00:00,1.0358,1.0499,1.0275,1.0457,19380932.15
2025-02-14 20:00:00,1.0457,1.0478,1.0299,1.0391,12420242.77
2025-02-15 00:00:00,1.0391,1.0473,1.0323,1.0435,10865735.76
2025-02-15 04:00:00,1.0435,1.0504,1.0405,1.0465,9699701.18
2025-02-15 08:00:00,1.0465,1.0576,1.0373,1.041,11969444.52
2025-02-15 12:00:00,1.041,1.043,1.0291,1.0314,12794035.04
2025-02-15 16:00:00,1.0314,1.0413,1.0296,1.0315,10010810.68
2025-02-15 20:00:00,1.0315,1.0365,1.0299,1.0322,6430283.02
2025-02-16 00:00:00,1.0322,1.0377,1.0271,1.0288,5181103.52
2025-02-16 04:00:00,1.0288,1.0366,1.0265,1.028,4753198.16
2025-02-16 08:00:00,1.028,1.0375,1.0256,1.0369,5317883.14
2025-02-16 12:00:00,1.0369,1.0388,1.0223,1.0261,6735116.53
2025-02-16 16:00:00,1.0261,1.0309,1.0202,1.028,6398915.07
2025-02-16 20:00:00,1.028,1.03,1.0191,1.0217,6458603.83
2025-02-17 00:00:00,1.0217,1.0285,1.0175,1.0192,6541670.74
2025-02-17 04:00:00,1.0192,1.0243,1.016,1.0175,7931805.45
2025-02-17 08:00:00,1.0175,1.0374,1.0164,1.0332,10414934.83
2025-02-17 12:00:00,1.0332,1.0472,1.0304,1.037,13930862.03
2025-02-17 16:00:00,1.037,1.0507,1.0363,1.05,15380604.75
2025-02-17 20:00:00,1.05,1.0697,1.0493,1.0696,12310149.97
2025-02-18 00:00:00,1.0696,1.0861,1.0666,1.086,14601588.89
2025-02-18 04:00:00,1.086,1.0953,1.0459,1.0696,21211364.74
2025-02-18 08:00:00,1.0696,1.1059,1.0614,1.0975,20144605.08
2025-02-18 12:00:00,1.0975,1.1262,1.0973,1.1157,22589997.95
2025-02-18 16:00:00,1.1157,1.1228,1.0351,1.0463,23813410.58
2025-02-18 20:00:00,1.0463,1.0596,1.0426,1.046,15157960.61
2025-02-19 00:00:00,1.046,1.0499,1.0305,1.0344,13574775.12
2025-02-19 04:00:00,1.0344,1.0474,1.022,1.0453,13286599.86
2025-02-19 08:00:00,1.0453,1.0564,1.0448,1.0468,13811544.47
2025-02-19 12:00:00,1.0468,1.0481,1.0292,1.0324,16072641.44
2025-02-19 16:00:00,1.0324,1.0403,1.025,1.0302,15989712.33
2025-02-19 20:00:00,1.0302,1.0341,1.0242,1.0261,10220224.03
2025-02-20 00:00:00,1.0261,1.0384,1.0239,1.038,9246657.33
2025-02-20 04:00:00,1.038,1.0438,1.0266,1.0286,11353055.98
2025-02-20 08:00:00,1.0286,1.037,1.0247,1.0316,10268184.1
2025-02-20 12:00:00,1.0316,1.037,1.0232,1.0246,13135726.84
2025-02-20 16:00:00,1.0246,1.0378,1.0238,1.0371,11169818.33
2025-02-20 20:00:00,1.0371,1.0398,1.0244,1.0302,8116872.23
2025-02-21 00:00:00,1.0302,1.0443,1.0274,1.0393,8557336.05
2025-02-21 04:00:00,1.0393,1.043,1.0325,1.0345,7710715.77
2025-02-21 08:00:00,1.0345,1.0607,1.0315,1.0521,11536689.09
2025-02-21 12:00:00,1.0521,1.058,0.8939,0.9478,37531096.05
2025-02-21 16:00:00,0.9478,0.9713,0.8231,0.8591,46333295.33
2025-02-21 20:00:00,0.8591,0.9344,0.8527,0.8934,13616832.14
2025-02-22 00:00:00,0.8934,0.9089,0.8712,0.8826,11274527.6
2025-02-22 04:00:00,0.8826,0.9471,0.8722,0.9255,13551204.78
2025-02-22 08:00:00,0.9255,0.9406,0.9136,0.9294,11031377.98
2025-02-22 12:00:00,0.9294,0.9377,0.9246,0.9344,9571125.62
2025-02-22 16:00:00,0.9344,0.9367,0.8865,0.9068,10675844.19
2025-02-22 20:00:00,0.9068,0.9087,0.8927,0.9011,8133674.76
2025-02-23 00:00:00,0.9011,0.9191,0.8992,0.9013,8236922.04
2025-02-23 04:00:00,0.9013,0.9251,0.9007,0.9226,8484234.98
2025-02-23 08:00:00,0.9226,0.9232,0.9051,0.9163,7021240.77
2025-02-23 12:00:00,0.9163,0.925,0.9075,0.9107,5135895.37
2025-02-23 16:00:00,0.9107,0.9156,0.901,0.908,3927510.56
2025-02-23 20:00:00,0.908,0.9142,0.9015,0.9109,3984710.35
2025-02-24 00:00:00,0.9109,0.9139,0.8807,0.8874,5548988.57
2025-02-24 04:00:00,0.8874,0.9008,0.8829,0.8957,5302433.5
2025-02-24 08:00:00,0.8957,0.9006,0.8548,0.8689,6324660.5
2025-02-24 12:00:00,0.8689,0.8696,0.8353,0.8415,8164644.02
2025-02-24 16:00:00,0.8415,0.8588,0.8367,0.8439,7255005.84
2025-02-24 20:00:00,0.8439,0.8501,0.801,0.8082,8516512.57
2025-02-25 00:00:00,0.8082,0.8421,0.7994,0.813,10848420.03
2025-02-25 04:00:00,0.813,0.8158,0.7449,0.7763,13337131.91
2025-02-25 08:00:00,0.7763,0.7932,0.7634,0.7856,15195586.19
2025-02-25 12:00:00,0.7856,0.7977,0.7747,0.795,14174788.27
2025-02-25 16:00:00,0.795,0.7999,0.7856,0.7958,12411869.28
2025-02-25 20:00:00,0.7958,0.8114,0.7938,0.8032,10223228.28
2025-02-26 00:00:00,0.8032,0.8091,0.7961,0.8023,6953542.0
2025-02-26 04:00:00,0.8023,0.8078,0.793,0.7965,5378294.72
2025-02-26 08:00:00,0.7965,0.8012,0.7898,0.7945,6028083.04
2025-02-26 12:00:00,0.7945,0.7991,0.7623,0.7689,13576915.01
2025-02-26 16:00:00,0.7689,0.7715,0.7365,0.7416,19118231.96
2025-02-26 20:00:00,0.7416,0.7683,0.7335,0.7542,15726940.88
2025-02-27 00:00:00,0.7542,0.7617,0.748,0.7601,12446217.2
2025-02-27 04:00:00,0.7601,0.7654,0.7538,0.7618,8477937.29
2025-02-27 08:00:00,0.7618,0.7659,0.7527,0.7573,13524488.04
2025-02-27 12:00:00,0.7573,0.7639,0.7485,0.7566,13935972.56
2025-02-27 16:00:00,0.7566,0.7614,0.7497,0.7549,13648836.99
2025-02-27 20:00:00,0.7549,0.7574,0.7474,0.7568,10858983.83
2025-02-28 00:00:00,0.7568,0.759,0.7108,0.7177,20949790.65
2025-02-28 04:00:00,0.7177,0.7247,0.7,0.702,21192958.34
2025-02-28 08:00:00,0.702,0.7079,0.6912,0.7033,19351215.69
2025-02-28 12:00:00,0.7033,0.7327,0.6999,0.7285,21186926.24
2025-02-28 16:00:00,0.7285,0.7341,0.719,0.7227,18256458.64
2025-02-28 20:00:00,0.7227,0.7241,0.7141,0.715,10132197.4
2025-03-01 00:00:00,0.715,0.7375,0.7109,0.7336,9879099.71
2025-03-01 04:00:00,0.7336,0.7408,0.7322,0.7348,10057244.13
2025-03-01 08:00:00,0.7348,0.7661,0.7337,0.747,16426313.35
2025-03-01 12:00:00,0.747,0.7472,0.7313,0.7379,13747426.87
2025-03-01 16:00:00,0.7379,0.7516,0.7348,0.746,11013337.8
2025-03-01 20:00:00,0.746,0.7533,0.7395,0.7462,6544992.8
2025-03-02 00:00:00,0.7462,0.7473,0.7379,0.7426,5893836.0
2025-03-02 04:00:00,0.7426,0.7458,0.7377,0.7402,4386182.82
2025-03-02 08:00:00,0.7402,0.7447,0.7277,0.7378,5648208.36
2025-03-02 12:00:00,0.7378,0.7563,0.7346,0.7472,8846185.83
2025-03-02 16:00:00,0.7472,0.7914,0.7465,0.7835,22751252.95
2025-03-02 20:00:00,0.7835,0.7906,0.782,0.7883,12361569.86
2025-03-03 00:00:00,0.7883,0.789,0.7644,0.7667,11055922.79
2025-03-03 04:00:00,0.7667,0.7719,0.7583,0.7661,11177786.74
2025-03-03 08:00:00,0.7661,0.7714,0.7539,0.7638,14111141.58
2025-03-03 12:00:00,0.7638,0.77,0.746,0.7511,19615951.78
2025-03-03 16:00:00,0.7511,0.7561,0.7271,0.7282,34820215.39
2025-03-03 20:00:00,0.7282,0.7392,0.724,0.7339,22737628.77
2025-03-04 00:00:00,0.7339,0.7383,0.7033,0.7169,29408094.01
2025-03-04 04:00:00,0.7169,0.7265,0.714,0.7212,17713928.09
2025-03-04 08:00:00,0.7212,0.7258,0.7171,0.7194,14777210.99
2025-03-04 12:00:00,0.7194,0.7279,0.7065,0.7215,21561709.1
2025-03-04 16:00:00,0.7215,0.729,0.7039,0.7279,17838492.01
2025-03-04 20:00:00,0.7279,0.7314,0.7167,0.7253,13382952.1
2025-03-05 00:00:00,0.7253,0.7353,0.7222,0.7269,11566125.15
2025-03-05 04:00:00,0.7269,0.7356,0.726,0.7339,9083241.76
2025-03-05 08:00:00,0.7339,0.7425,0.732,0.7351,11702453.74
2025-03-05 12:00:00,0.7351,0.7431,0.7316,0.7363,18669296.46
2025-03-05 16:00:00,0.7363,0.7452,0.732,0.7423,14538621.75
2025-03-05 20:00:00,0.7423,0.7477,0.7398,0.746,8479130.92
2025-03-06 00:00:00,0.746,0.7494,0.7424,0.747,7329635.25
2025-03-06 04:00:00,0.747,0.7501,0.7419,0.7432,7435107.95
2025-03-06 08:00:00,0.7432,0.7469,0.7355,0.7462,10313691.31
2025-03-06 12:00:00,0.7462,0.7468,0.7338,0.7391,11848612.43
2025-03-06 16:00:00,0.7391,0.7405,0.7232,0.7292,13522946.71
2025-03-06 20:00:00,0.7292,0.7327,0.7227,0.7255,8306176.6
2025-03-07 00:00:00,0.7255,0.7331,0.7131,0.7213,14578034.03
2025-03-07 04:00:00,0.7213,0.7318,0.7198,0.7266,9635130.8
2025-03-07 08:00:00,0.7266,0.7316,0.7218,0.7268,9073599.94
2025-03-07 12:00:00,0.7268,0.7278,0.7106,0.7189,15875107.31
2025-03-07 16:00:00,0.7189,0.7216,0.7063,0.7123,14046101.39
2025-03-07 20:00:00,0.7123,0.7151,0.7051,0.708,10313686.35
2025-03-08 00:00:00,0.708,0.7124,0.7045,0.7091,6079973.67
2025-03-08 04:00:00,0.7091,0.7131,0.7051,0.7094,5082778.95
2025-03-08 08:00:00,0.7094,0.7099,0.6991,0.7004,4976215.81
2025-03-08 12:00:00,0.7004,0.7086,0.6979,0.705,5528127.4
2025-03-08 16:00:00,0.705,0.71,0.702,0.7089,4806607.92
2025-03-08 20:00:00,0.7089,0.7101,0.7058,0.7096,2541077.33
2025-03-09 00:00:00,0.7096,0.7103,0.7019,0.7048,3188435.63
2025-03-09 04:00:00,0.7048,0.7064,0.6962,0.7017,3837518.6
2025-03-09 08:00:00,0.7017,0.7018,0.6917,0.6942,3642497.91
2025-03-09 12:00:00,0.6942,0.6948,0.6748,0.6785,6001118.99
2025-03-09 16:00:00,0.6785,0.6832,0.6668,0.6701,8842795.4
2025-03-09 20:00:00,0.6701,0.6741,0.6597,0.6656,6856607.1
2025-03-10 00:00:00,0.6656,0.6731,0.659,0.6681,6998601.49
2025-03-10 04:00:00,0.6681,0.6743,0.6662,0.674,4145325.39
2025-03-10 08:00:00,0.674,0.7159,0.6738,0.7135,14903647.6
2025-03-10 12:00:00,0.7135,0.72,0.6869,0.7073,18697926.2
2025-03-10 16:00:00,0.7073,0.7077,0.6712,0.6848,19961508.66
2025-03-10 20:00:00,0.6848,0.6913,0.6806,0.6863,14865474.86
2025-03-11 00:00:00,0.6863,0.6905,0.6678,0.6791,19784224.71
2025-03-11 04:00:00,0.6791,0.6907,0.677,0.6875,11908895.95
2025-03-11 08:00:00,0.6875,0.7164,0.6867,0.7041,15916098.48
2025-03-11 12:00:00,0.7041,0.7112,0.6921,0.7043,20937046.52
2025-03-11 16:00:00,0.7043,0.7189,0.7025,0.7166,16304133.32
2025-03-11 20:00:00,0.7166,0.7221,0.7126,0.7151,9157076.61
2025-03-12 00:00:00,0.7151,0.7227,0.7107,0.7109,9306119.27
2025-03-12 04:00:00,0.7109,0.7199,0.7071,0.7184,11592615.72
2025-03-12 08:00:00,0.7184,0.7565,0.7183,0.7473,25212841.33
2025-03-12 12:00:00,0.7473,0.7615,0.7329,0.7457,22680604.71
2025-03-12 16:00:00,0.7457,0.7548,0.7428,0.7463,17414807.2
2025-03-12 20:00:00,0.7463,0.7539,0.7424,0.7535,9449076.35
2025-03-13 00:00:00,0.7535,0.7545,0.745,0.7528,8720026.63
2025-03-13 04:00:00,0.7528,0.7529,0.7416,0.7472,7863923.94
2025-03-13 08:00:00,0.7472,0.7544,0.7429,0.7485,10254828.73
2025-03-13 12:00:00,0.7485,0.75,0.7333,0.7342,12397355.34
2025-03-13 16:00:00,0.7342,0.7374,0.7217,0.7237,11795818.77
2025-03-13 20:00:00,0.7237,0.7304,0.7203,0.7279,6378654.47
2025-03-14 00:00:00,0.7279,0.7306,0.7209,0.7303,5569428.72
2025-03-14 04:00:00,0.7303,0.731,0.7204,0.7263,5341632.63
2025-03-14 08:00:00,0.7263,0.7287,0.7218,0.7259,4559969.06
2025-03-14 12:00:00,0.7259,0.7379,0.7248,0.7322,6639405.09
2025-03-14 16:00:00,0.7322,0.7396,0.731,0.7369,5550662.52
2025-03-14 20:00:00,0.7369,0.737,0.7314,0.734,3826798.0
2025-03-15 00:00:00,0.734,0.7373,0.7307,0.7348,4312024.93
2025-03-15 04:00:00,0.7348,0.7393,0.7332,0.7346,5631461.39
2025-03-15 08:00:00,0.7346,0.7466,0.7326,0.7453,5590599.07
2025-03-15 12:00:00,0.7453,0.7473,0.7417,0.7468,4318295.26
2025-03-15 16:00:00,0.7468,0.7541,0.742,0.7512,5267061.57
2025-03-15 20:00:00,0.7512,0.8137,0.7473,0.8006,13226779.99
2025-03-16 00:00:00,0.8006,0.8033,0.7815,0.7951,7723481.87
2025-03-16 04:00:00,0.7951,0.8069,0.7926,0.7933,6352409.42
2025-03-16 08:00:00,0.7933,0.8051,0.7884,0.7924,6410713.89
2025-03-16 12:00:00,0.7924,0.8223,0.7923,0.8169,12750408.38
2025-03-16 16:00:00,0.8169,0.8293,0.8107,0.8136,10926199.99
2025-03-16 20:00:00,0.8136,0.826,0.8079,0.8154,7270132.77
2025-03-17 00:00:00,0.8154,0.8363,0.8136,0.8342,6497984.65
2025-03-17 04:00:00,0.8342,0.8361,0.8163,0.826,6504719.41
2025-03-17 08:00:00,0.826,0.8388,0.8253,0.8356,7354640.46
2025-03-17 12:00:00,0.8356,0.8457,0.8278,0.8312,11756590.55
2025-03-17 16:00:00,0.8312,0.842,0.8217,0.8223,7893454.5
2025-03-17 20:00:00,0.8223,0.8231,0.8134,0.8193,5001996.34
2025-03-18 00:00:00,0.8193,0.83,0.8071,0.8248,6988753.87
2025-03-18 04:00:00,0.8248,0.8299,0.8168,0.8278,6234788.18
2025-03-18 08:00:00,0.8278,0.8286,0.8198,0.8216,5021061.54
2025-03-18 12:00:00,0.8216,0.8227,0.8052,0.8089,10575947.4
2025-03-18 16:00:00,0.8089,0.8143,0.8019,0.8038,4686460.07
2025-03-18 20:00:00,0.8038,0.8134,0.8,0.8122,2847125.38
2025-03-19 00:00:00,0.8122,0.8166,0.8004,0.8025,3843798.36
2025-03-19 04:00:00,0.8025,0.8088,0.7978,0.8047,4263779.86
2025-03-19 08:00:00,0.8047,0.8133,0.8005,0.8119,8890174.63
2025-03-19 12:00:00,0.8119,0.8223,0.8047,0.8192,11260300.54
2025-03-19 16:00:00,0.8192,0.8199,0.8062,0.8118,12158008.81
2025-03-19 20:00:00,0.8118,0.8217,0.8104,0.8212,8471392.98
2025-03-20 00:00:00,0.8212,0.8237,0.8111,0.8194,9370403.32
2025-03-20 04:00:00,0.8194,0.8212,0.8125,0.8133,6489097.23
2025-03-20 08:00:00,0.8133,0.8154,0.7993,0.8024,9880999.6
2025-03-20 12:00:00,0.8024,0.8054,0.7928,0.7934,12083706.32
2025-03-20 16:00:00,0.7934,0.801,0.7895,0.7974,16280595.35
2025-03-20 20:00:00,0.7974,0.798,0.7847,0.7925,11733560.15
2025-03-21 00:00:00,0.7925,0.7981,0.7907,0.7957,10834196.07
2025-03-21 04:00:00,0.7957,0.7962,0.7884,0.791,8502940.89
2025-03-21 08:00:00,0.791,0.7941,0.7767,0.7782,11173736.31
2025-03-21 12:00:00,0.7782,0.7849,0.7737,0.7794,14658299.9
2025-03-21 16:00:00,0.7794,0.7883,0.7773,0.7853,11661939.1
2025-03-21 20:00:00,0.7853,0.7862,0.7798,0.7824,7773414.81
2025-03-22 00:00:00,0.7824,0.7911,0.7824,0.7897,8428603.95
2025-03-22 04:00:00,0.7897,0.7922,0.7862,0.7876,7405480.83
2025-03-22 08:00:00,0.7876,0.7896,0.7853,0.7866,6625025.29
2025-03-22 12:00:00,0.7866,0.791,0.7832,0.7855,6803565.65
2025-03-22 16:00:00,0.7855,0.7891,0.7833,0.784,7018927.03
2025-03-22 20:00:00,0.784,0.79,0.7779,0.7897,6861100.3
2025-03-23 00:00:00,0.7897,0.7917,0.7869,0.7885,7124503.97
2025-03-23 04:00:00,0.7885,0.7902,0.7858,0.7859,5593034.59
2025-03-23 08:00:00,0.7859,0.789,0.7827,0.7872,5156834.67
2025-03-23 12:00:00,0.7872,0.7909,0.7846,0.789,4970436.86
2025-03-23 16:00:00,0.789,0.7912,0.7873,0.7891,4058403.87
2025-03-23 20:00:00,0.7891,0.7932,0.7878,0.7929,3853763.74
2025-03-24 00:00:00,0.7929,0.8542,0.7919,0.8398,32449808.95
2025-03-24 04:00:00,0.8398,0.8461,0.838,0.8438,16700720.74
2025-03-24 08:00:00,0.8438,0.8526,0.8354,0.8457,23365248.14
2025-03-24 12:00:00,0.8457,0.8491,0.8404,0.8475,17010003.15
2025-03-24 16:00:00,0.8475,0.8502,0.8216,0.8399,18413643.8
2025-03-24 20:00:00,0.8399,0.8443,0.8371,0.8434,16129952.98
2025-03-25 00:00:00,0.8434,0.8454,0.8357,0.8384,12757232.1
2025-03-25 04:00:00,0.8384,0.843,0.8357,0.8376,10048615.33
2025-03-25 08:00:00,0.8376,0.8451,0.8373,0.8422,12445520.56
2025-03-25 12:00:00,0.8422,0.846,0.8385,0.8437,12521975.55
2025-03-25 16:00:00,0.8437,0.8472,0.8403,0.8437,17071446.78
2025-03-25 20:00:00,0.8437,0.8476,0.8412,0.8447,14149142.99
2025-03-26 00:00:00,0.8447,0.8491,0.8433,0.8452,17706483.13
2025-03-26 04:00:00,0.8452,0.8476,0.8433,0.8451,10075244.5
2025-03-26 08:00:00,0.8451,0.8534,0.8446,0.845,9962405.16
2025-03-26 12:00:00,0.845,0.8502,0.8357,0.8466,16789648.79
2025-03-26 16:00:00,0.8466,0.8483,0.8393,0.845,15442071.03
2025-03-26 20:00:00,0.845,0.8467,0.8401,0.8426,16697440.36
2025-03-27 00:00:00,0.8426,0.8485,0.8422,0.8466,16008012.5
2025-03-27 04:00:00,0.8466,0.8484,0.8433,0.8479,8881288.95
2025-03-27 08:00:00,0.8479,0.849,0.8422,0.8446,9481760.53
2025-03-27 12:00:00,0.8446,0.8489,0.8399,0.8409,10711300.94
2025-03-27 16:00:00,0.8409,0.846,0.8401,0.8435,8472513.97
2025-03-27 20:00:00,0.8435,0.8453,0.839,0.841,8824043.13
2025-03-28 00:00:00,0.841,0.8462,0.8367,0.8421,14368901.45
2025-03-28 04:00:00,0.8421,0.8446,0.8253,0.8337,30834381.34
2025-03-28 08:00:00,0.8337,0.8414,0.8217,0.8228,25174060.43
2025-03-28 12:00:00,0.8228,0.8246,0.8144,0.8149,27037815.64
2025-03-28 16:00:00,0.8149,0.8271,0.8138,0.8209,13830891.72
2025-03-28 20:00:00,0.8209,0.8343,0.8192,0.8342,11297690.85
2025-03-29 00:00:00,0.8342,0.8372,0.8277,0.8333,13247709.28
2025-03-29 04:00:00,0.8333,0.8334,0.8193,0.8209,12477565.41
2025-03-29 08:00:00,0.8209,0.8225,0.8039,0.8054,18257363.76
2025-03-29 12:00:00,0.8054,0.8102,0.804,0.8052,15267712.86
2025-03-29 16:00:00,0.8052,0.8059,0.7988,0.8056,13819374.26
2025-03-29 20:00:00,0.8056,0.8086,0.8035,0.8074,8615847.45
2025-03-30 00:00:00,0.8074,0.8153,0.7968,0.8101,12287780.34
2025-03-30 04:00:00,0.8101,0.8148,0.8065,0.807,8827287.58
2025-03-30 08:00:00,0.807,0.8137,0.8061,0.8092,7204877.12
2025-03-30 12:00:00,0.8092,0.8104,0.7996,0.8005,7643851.85
2025-03-30 16:00:00,0.8005,0.8021,0.7892,0.7934,10316258.29
2025-03-30 20:00:00,0.7934,0.7973,0.7886,0.7932,7611548.28
2025-03-31 00:00:00,0.7932,0.7938,0.7734,0.7747,10206588.94
2025-03-31 04:00:00,0.7747,0.7854,0.7726,0.7836,10102449.27
2025-03-31 08:00:00,0.7836,0.7855,0.7675,0.7827,14449787.4
2025-03-31 12:00:00,0.7827,0.7972,0.7811,0.7912,19988573.46
2025-03-31 16:00:00,0.7912,0.8,0.788,0.7884,13205235.03
2025-03-31 20:00:00,0.7884,0.7948,0.7844,0.7926,12225549.43
2025-04-01 00:00:00,0.7926,0.7951,0.7804,0.7808,11065408.87
2025-04-01 04:00:00,0.7808,0.798,0.779,0.7947,13171866.02
2025-04-01 08:00:00,0.7947,0.8096,0.787,0.7882,20724822.23
2025-04-01 12:00:00,0.7882,0.8018,0.7778,0.7961,26759615.44
2025-04-01 16:00:00,0.7961,0.7984,0.79,0.792,19109363.14
2025-04-01 20:00:00,0.792,0.8041,0.7901,0.8007,13022863.67
2025-04-02 00:00:00,0.8007,0.8007,0.7812,0.7912,15885557.48
2025-04-02 04:00:00,0.7912,0.792,0.7813,0.7875,14910651.63
2025-04-02 08:00:00,0.7875,0.79,0.7836,0.7859,12831278.45
2025-04-02 12:00:00,0.7859,0.8081,0.7851,0.7961,24072660.44
2025-04-02 16:00:00,0.7961,0.8057,0.7951,0.8014,17167889.52
2025-04-02 20:00:00,0.8014,0.8077,0.7701,0.7761,33073143.11
2025-04-03 00:00:00,0.7761,0.7844,0.774,0.7781,19278617.13
2025-04-03 04:00:00,0.7781,0.7819,0.7638,0.7668,19082317.47
2025-04-03 08:00:00,0.7668,0.7689,0.7508,0.7511,28327440.54
2025-04-03 12:00:00,0.7511,0.7524,0.7333,0.7424,32972104.83
2025-04-03 16:00:00,0.7424,0.7497,0.7392,0.7426,26227690.64
2025-04-03 20:00:00,0.7426,0.7517,0.7408,0.7497,19535630.51
2025-04-04 00:00:00,0.7497,0.7513,0.742,0.7433,18726487.46
2025-04-04 04:00:00,0.7433,0.7495,0.741,0.7483,16458274.27
2025-04-04 08:00:00,0.7483,0.7549,0.7316,0.7354,29914635.99
2025-04-04 12:00:00,0.7354,0.7428,0.7283,0.7286,36579602.06
2025-04-04 16:00:00,0.7286,0.7408,0.7268,0.7381,30000380.44
2025-04-04 20:00:00,0.7381,0.7423,0.7348,0.74,21440102.37
2025-04-05 00:00:00,0.74,0.7415,0.73,0.7329,18160688.63
2025-04-05 04:00:00,0.7329,0.7406,0.7329,0.7381,16539929.28
2025-04-05 08:00:00,0.7381,0.7456,0.7335,0.7346,18686729.56
2025-04-05 12:00:00,0.7346,0.7388,0.7316,0.7345,17722840.84
2025-04-05 16:00:00,0.7345,0.7417,0.7337,0.7371,14056906.41
2025-04-05 20:00:00,0.7371,0.742,0.7325,0.7403,14061957.63
2025-04-06 00:00:00,0.7403,0.743,0.7361,0.7386,10138516.33
2025-04-06 04:00:00,0.7386,0.7419,0.7355,0.7362,9586771.25
2025-04-06 08:00:00,0.7362,0.7417,0.7351,0.7375,10348994.2
2025-04-06 12:00:00,0.7375,0.7383,0.7266,0.7288,11879743.41
2025-04-06 16:00:00,0.7288,0.7303,0.7151,0.7186,23156910.92
2025-04-06 20:00:00,0.7186,0.7194,0.6988,0.7058,24907409.92
2025-04-07 00:00:00,0.7058,0.7058,0.681,0.6876,36522650.06
2025-04-07 04:00:00,0.6876,0.694,0.6606,0.672,50921172.73
2025-04-07 08:00:00,0.672,0.6792,0.6676,0.6755,37346922.35
2025-04-07 12:00:00,0.6755,0.7066,0.6722,0.6914,53203553.8
2025-04-07 16:00:00,0.6914,0.6939,0.6856,0.687,30554019.36
2025-04-07 20:00:00,0.687,0.7038,0.6868,0.694,22577449.53
2025-04-08 00:00:00,0.694,0.7032,0.693,0.6957,20883607.31
2025-04-08 04:00:00,0.6957,0.7001,0.6891,0.6964,21258635.41
2025-04-08 08:00:00,0.6964,0.707,0.6924,0.7039,26755025.15
2025-04-08 12:00:00,0.7039,0.7065,0.6862,0.6881,34744998.52
2025-04-08 16:00:00,0.6881,0.6881,0.667,0.6699,35573835.17
2025-04-08 20:00:00,0.6699,0.6768,0.6664,0.6738,26491550.34
2025-04-09 00:00:00,0.6738,0.6748,0.6489,0.6501,38610258.89
2025-04-09 04:00:00,0.6501,0.6681,0.649,0.666,30678345.92
2025-04-09 08:00:00,0.666,0.6708,0.6569,0.6602,30889368.53
2025-04-09 12:00:00,0.6602,0.6699,0.6553,0.6673,38057382.85
2025-04-09 16:00:00,0.6673,0.7048,0.6637,0.7044,54273110.9
2025-04-09 20:00:00,0.7044,0.7144,0.7021,0.7139,27119376.04
2025-04-10 00:00:00,0.7139,0.7141,0.6879,0.6927,28108452.84
2025-04-10 04:00:00,0.6927,0.7032,0.6885,0.6921,25071163.13
2025-04-10 08:00:00,0.6921,0.6954,0.6839,0.6884,24216710.07
2025-04-10 12:00:00,0.6884,0.6964,0.6737,0.6779,42716359.14
2025-04-10 16:00:00,0.6779,0.6837,0.6751,0.6806,33426406.79
2025-04-10 20:00:00,0.6806,0.6842,0.6773,0.6813,19912061.96
2025-04-11 00:00:00,0.6813,0.6962,0.6754,0.695,27726862.0
2025-04-11 04:00:00,0.695,0.6986,0.6879,0.6961,24845332.13
2025-04-11 08:00:00,0.6961,0.6998,0.6878,0.6901,31944483.39
2025-04-11 12:00:00,0.6901,0.6969,0.6853,0.6943,29175109.71
2025-04-11 16:00:00,0.6943,0.7211,0.6908,0.7019,40197175.06
2025-04-11 20:00:00,0.7019,0.7063,0.6969,0.7006,19612783.64
2025-04-12 00:00:00,0.7006,0.7075,0.6976,0.7062,17608663.91
2025-04-12 04:00:00,0.7062,0.7109,0.7016,0.7075,25628024.69
2025-04-12 08:00:00,0.7075,0.7143,0.7063,0.7113,29118012.78
2025-04-12 12:00:00,0.7113,0.7203,0.7068,0.7183,31130752.69
2025-04-12 16:00:00,0.7183,0.721,0.7125,0.7157,28151957.01
2025-04-12 20:00:00,0.7157,0.7181,0.7023,0.7067,26331079.78
2025-04-13 00:00:00,0.7067,0.7129,0.7044,0.7097,24452511.45
2025-04-13 04:00:00,0.7097,0.7124,0.7021,0.7081,23456295.91
2025-04-13 08:00:00,0.7081,0.7126,0.7029,0.705,23626122.56
2025-04-13 12:00:00,0.705,0.7068,0.694,0.6949,24580007.49
2025-04-13 16:00:00,0.6949,0.7058,0.692,0.6939,26358081.01
2025-04-13 20:00:00,0.6939,0.6993,0.6877,0.6955,29049096.58
2025-04-14 00:00:00,0.6955,0.7032,0.6934,0.6943,30856681.36
2025-04-14 04:00:00,0.6943,0.7019,0.6878,0.6957,27878399.71
2025-04-14 08:00:00,0.6957,0.7005,0.6898,0.6952,30852376.79
2025-04-14 12:00:00,0.6952,0.7005,0.6865,0.6895,34685276.49
2025-04-14 16:00:00,0.6895,0.7,0.6885,0.6936,29046994.92
2025-04-14 20:00:00,0.6936,0.6964,0.6918,0.694,17815177.49
2025-04-15 00:00:00,0.694,0.699,0.6909,0.6982,17905637.73
2025-04-15 04:00:00,0.6982,0.7011,0.6928,0.6968,18930295.45
2025-04-15 08:00:00,0.6968,0.7005,0.6895,0.6986,20548434.38
2025-04-15 12:00:00,0.6986,0.707,0.6914,0.7034,37841621.54
2025-04-15 16:00:00,0.7034,0.71,0.6962,0.7,26383691.58
2025-04-15 20:00:00,0.7,0.7058,0.6961,0.7004,20125011.33
2025-04-16 00:00:00,0.7004,0.7073,0.696,0.7034,18891165.96
2025-04-16 04:00:00,0.7034,0.7054,0.6956,0.7017,21984283.02
2025-04-16 08:00:00,0.7017,0.7062,0.6929,0.7005,21227052.73
2025-04-16 12:00:00,0.7005,0.7014,0.6873,0.6951,27479343.09
2025-04-16 16:00:00,0.6951,0.7032,0.6901,0.7025,25015139.53
2025-04-16 20:00:00,0.7025,0.7055,0.6979,0.6986,20410153.5
2025-04-17 00:00:00,0.6986,0.7002,0.6954,0.6995,15973267.53
2025-04-17 04:00:00,0.6995,0.7029,0.6973,0.7017,17510270.37
2025-04-17 08:00:00,0.7017,0.7044,0.6992,0.7015,15846204.84
2025-04-17 12:00:00,0.7015,0.7054,0.6976,0.7043,17048753.34
2025-04-17 16:00:00,0.7043,0.7045,0.6931,0.6942,20302430.18
2025-04-17 20:00:00,0.6942,0.6952,0.6746,0.6794,26912177.75
2025-04-18 00:00:00,0.6794,0.6804,0.6646,0.6658,28172309.07
2025-04-18 04:00:00,0.6658,0.6703,0.6608,0.6617,20624645.79
2025-04-18 08:00:00,0.6617,0.6647,0.6585,0.6615,16731034.19
2025-04-18 12:00:00,0.6615,0.6695,0.6591,0.6648,18749526.93
2025-04-18 16:00:00,0.6648,0.6661,0.6551,0.6551,16408265.72
2025-04-18 20:00:00,0.6551,0.6609,0.6524,0.6573,17378267.54
2025-04-19 00:00:00,0.6573,0.662,0.656,0.6571,15707770.23
2025-04-19 04:00:00,0.6571,0.6595,0.6542,0.6569,13249550.85
2025-04-19 08:00:00,0.6569,0.67,0.6546,0.6615,22897858.14
2025-04-19 12:00:00,0.6615,0.6687,0.6594,0.6637,15369393.87
2025-04-19 16:00:00,0.6637,0.6672,0.661,0.6644,17390928.68
2025-04-19 20:00:00,0.6644,0.6667,0.661,0.6634,11061540.48
2025-04-20 00:00:00,0.6634,0.6714,0.6622,0.6713,12245727.54
2025-04-20 04:00:00,0.6713,0.6731,0.6625,0.6633,15388328.06
2025-04-20 08:00:00,0.6633,0.6656,0.6536,0.6545,15230459.81
2025-04-20 12:00:00,0.6545,0.6627,0.6541,0.6588,14929142.21
2025-04-20 16:00:00,0.6588,0.6629,0.6579,0.6622,12364514.0
2025-04-20 20:00:00,0.6622,0.6643,0.6578,0.6583,13074203.39
2025-04-21 00:00:00,0.6583,0.6678,0.6582,0.666,16469732.17
2025-04-21 04:00:00,0.666,0.6698,0.6636,0.6652,16150250.34
2025-04-21 08:00:00,0.6652,0.671,0.6643,0.6669,15866298.16
2025-04-21 12:00:00,0.6669,0.6681,0.6582,0.6638,22884656.09
2025-04-21 16:00:00,0.6638,0.6692,0.6574,0.6682,23554168.43
2025-04-21 20:00:00,0.6682,0.6701,0.6621,0.6659,16122108.88
2025-04-22 00:00:00,0.6659,0.6673,0.6573,0.6619,19181306.48
2025-04-22 04:00:00,0.6619,0.6656,0.6574,0.6616,13983306.04
2025-04-22 08:00:00,0.6616,0.6894,0.6557,0.6813,29322665.59
2025-04-22 12:00:00,0.6813,0.69,0.6796,0.6888,32412240.62
2025-04-22 16:00:00,0.6888,0.6921,0.6853,0.6914,26292244.0
2025-04-22 20:00:00,0.6914,0.7003,0.6877,0.6958,24274669.48
2025-04-23 00:00:00,0.6958,0.7026,0.6928,0.7013,24737438.24
2025-04-23 04:00:00,0.7013,0.7167,0.7007,0.7084,24158043.89
2025-04-23 08:00:00,0.7084,0.7145,0.7042,0.7062,22809374.17
2025-04-23 12:00:00,0.7062,0.7179,0.6995,0.7055,37869515.67
2025-04-23 16:00:00,0.7055,0.7058,0.6987,0.7005,24456788.21
2025-04-23 20:00:00,0.7005,0.7071,0.6994,0.703,18925578.2
2025-04-24 00:00:00,0.703,0.7065,0.6887,0.6895,24981012.48
2025-04-24 04:00:00,0.6895,0.6967,0.6883,0.6893,24151091.53
2025-04-24 08:00:00,0.6893,0.7044,0.6806,0.704,35940441.3
2025-04-24 12:00:00,0.704,0.72,0.6947,0.7039,39892294.53
2025-04-24 16:00:00,0.7039,0.7099,0.6991,0.7086,27155678.72
2025-04-24 20:00:00,0.7086,0.7681,0.7085,0.7305,41268671.1
2025-04-25 00:00:00,0.7305,0.7437,0.7301,0.7376,31798801.31
2025-04-25 04:00:00,0.7376,0.7402,0.729,0.7368,27840029.76
2025-04-25 08:00:00,0.7368,0.771,0.7362,0.7557,52094350.71
2025-04-25 12:00:00,0.7557,0.7564,0.741,0.7417,44495908.19
2025-04-25 16:00:00,0.7417,0.7478,0.7375,0.7449,28794750.23
2025-04-25 20:00:00,0.7449,0.7508,0.7384,0.7412,22333563.39
2025-04-26 00:00:00,0.7412,0.7498,0.7412,0.7465,18430740.72
2025-04-26 04:00:00,0.7465,0.7514,0.7425,0.7467,15356527.96
2025-04-26 08:00:00,0.7467,0.754,0.7395,0.7426,20351956.39
2025-04-26 12:00:00,0.7426,0.7459,0.7346,0.743,18887596.71
2025-04-26 16:00:00,0.743,0.7432,0.7389,0.7414,14291389.12
2025-04-26 20:00:00,0.7414,0.7433,0.737,0.7422,13184093.68
2025-04-27 00:00:00,0.7422,0.7455,0.7332,0.7343,15058503.8
2025-04-27 04:00:00,0.7343,0.7373,0.7258,0.7299,13949235.27
2025-04-27 08:00:00,0.7299,0.7327,0.7244,0.7248,10849467.36
2025-04-27 12:00:00,0.7248,0.7295,0.7227,0.7282,9920390.89
2025-04-27 16:00:00,0.7282,0.7331,0.7278,0.7302,9373952.42
2025-04-27 20:00:00,0.7302,0.7315,0.7232,0.724,8123608.72
2025-04-28 00:00:00,0.724,0.7282,0.721,0.728,9126611.9
2025-04-28 04:00:00,0.728,0.7369,0.7262,0.7332,10091273.0
2025-04-28 08:00:00,0.7332,0.7451,0.7329,0.7432,14170769.75
2025-04-28 12:00:00,0.7432,0.7437,0.7275,0.7298,16848203.21
2025-04-28 16:00:00,0.7298,0.7364,0.7252,0.7337,17872953.69
2025-04-28 20:00:00,0.7337,0.7351,0.7292,0.735,9366209.73
2025-04-29 00:00:00,0.735,0.7399,0.7332,0.737,11212966.19
2025-04-29 04:00:00,0.737,0.7399,0.7335,0.7371,9068966.56
2025-04-29 08:00:00,0.7371,0.7424,0.7312,0.7354,13878296.03
2025-04-29 12:00:00,0.7354,0.7395,0.728,0.7395,14145065.26
2025-04-29 16:00:00,0.7395,0.7418,0.7312,0.7316,14485182.25
2025-04-29 20:00:00,0.7316,0.737,0.7275,0.7306,12373920.63
2025-04-30 00:00:00,0.7306,0.7393,0.7298,0.7377,11694572.83
2025-04-30 04:00:00,0.7377,0.7399,0.732,0.7328,8865769.99
2025-04-30 08:00:00,0.7328,0.76,0.7325,0.7472,25788713.91
2025-04-30 12:00:00,0.7472,0.7477,0.7217,0.7292,35280463.82
2025-04-30 16:00:00,0.7292,0.7472,0.7192,0.7334,32619101.16
2025-04-30 20:00:00,0.7334,0.7423,0.733,0.7411,17575684.92
2025-05-01 00:00:00,0.7411,0.7463,0.7393,0.7461,12332109.37
2025-05-01 04:00:00,0.7461,0.7464,0.736,0.7394,11216316.82
2025-05-01 08:00:00,0.7394,0.7458,0.7366,0.7428,17669736.15
2025-05-01 12:00:00,0.7428,0.749,0.734,0.746,25373284.47
2025-05-01 16:00:00,0.746,0.7496,0.7401,0.7405,19961296.59
2025-05-01 20:00:00,0.7405,0.7409,0.7325,0.7363,15864970.14
2025-05-02 00:00:00,0.7363,0.7445,0.7361,0.7421,14915532.32
2025-05-02 04:00:00,0.7421,0.743,0.732,0.7325,15041654.79
2025-05-02 08:00:00,0.7325,0.7392,0.7322,0.7358,12425407.19
2025-05-02 12:00:00,0.7358,0.7409,0.7355,0.7372,13840978.52
2025-05-02 16:00:00,0.7372,0.7397,0.7327,0.7335,12447199.7
2025-05-02 20:00:00,0.7335,0.7373,0.7315,0.7361,9846935.25
2025-05-03 00:00:00,0.7361,0.7378,0.7338,0.7361,8421696.28
2025-05-03 04:00:00,0.7361,0.7397,0.7346,0.739,7830004.27
2025-05-03 08:00:00,0.739,0.7437,0.7326,0.7348,10098317.62
2025-05-03 12:00:00,0.7348,0.7394,0.7327,0.7339,8149379.39
2025-05-03 16:00:00,0.7339,0.7375,0.7287,0.7302,7222419.8
2025-05-03 20:00:00,0.7302,0.7333,0.7273,0.7296,6696191.35
2025-05-04 00:00:00,0.7296,0.733,0.7275,0.7307,7644225.35
2025-05-04 04:00:00,0.7307,0.7346,0.7294,0.7346,7726233.91
2025-05-04 08:00:00,0.7346,0.7366,0.7291,0.7302,6901555.08
2025-05-04 12:00:00,0.7302,0.7344,0.728,0.728,5438347.05
2025-05-04 16:00:00,0.728,0.7283,0.7216,0.7242,5705428.95
2025-05-04 20:00:00,0.7242,0.728,0.7192,0.7204,6084912.99
2025-05-05 00:00:00,0.7204,0.7217,0.7136,0.715,8667330.07
2025-05-05 04:00:00,0.715,0.7227,0.7147,0.7168,7441219.11
2025-05-05 08:00:00,0.7168,0.7237,0.7106,0.7118,9254386.51
2025-05-05 12:00:00,0.7118,0.714,0.7104,0.713,7404825.67
2025-05-05 16:00:00,0.713,0.7169,0.7118,0.7118,5959231.71
2025-05-05 20:00:00,0.7118,0.7185,0.7094,0.7167,8271760.07
2025-05-06 00:00:00,0.7167,0.7184,0.7124,0.7144,8059761.39
2025-05-06 04:00:00,0.7144,0.7167,0.7114,0.7129,7844116.41
2025-05-06 08:00:00,0.7129,0.7146,0.7044,0.7078,8670270.16
2025-05-06 12:00:00,0.7078,0.7082,0.7044,0.705,8613843.85
2025-05-06 16:00:00,0.705,0.7118,0.704,0.7099,7779241.18
2025-05-06 20:00:00,0.7099,0.7116,0.7013,0.7115,9416469.65
2025-05-07 00:00:00,0.7115,0.714,0.7091,0.7115,9589847.95
2025-05-07 04:00:00,0.7115,0.7134,0.7093,0.7134,6508887.09
2025-05-07 08:00:00,0.7134,0.7166,0.7103,0.7129,7598877.36
2025-05-07 12:00:00,0.7129,0.7133,0.7056,0.7064,10719650.72
2025-05-07 16:00:00,0.7064,0.7092,0.7047,0.7076,10798375.57
2025-05-07 20:00:00,0.7076,0.7133,0.7061,0.7118,7545760.52
2025-05-08 00:00:00,0.7118,0.7214,0.7107,0.7211,11253020.46
2025-05-08 04:00:00,0.7211,0.732,0.7211,0.7267,15467555.49
2025-05-08 08:00:00,0.7267,0.7367,0.7262,0.7294,13655571.18
2025-05-08 12:00:00,0.7294,0.7448,0.7274,0.7425,20295562.23
2025-05-08 16:00:00,0.7425,0.7462,0.7347,0.7444,23707286.5
2025-05-08 20:00:00,0.7444,0.7583,0.7436,0.7579,22007223.9
2025-05-09 00:00:00,0.7579,0.759,0.7487,0.749,18205390.8
2025-05-09 04:00:00,0.749,0.7782,0.7462,0.7726,27496886.0
2025-05-09 08:00:00,0.7726,0.7846,0.7606,0.7689,43955511.11
2025-05-09 12:00:00,0.7689,0.784,0.7598,0.7667,36936273.62
2025-05-09 16:00:00,0.7667,0.7723,0.7614,0.7636,23816820.09
2025-05-09 20:00:00,0.7636,0.7708,0.7609,0.7704,19559047.23
2025-05-10 00:00:00,0.7704,0.7763,0.7658,0.7707,23035632.44
2025-05-10 04:00:00,0.7707,0.7775,0.7686,0.7763,19501985.01
2025-05-10 08:00:00,0.7763,0.7782,0.7625,0.7627,26735391.72
2025-05-10 12:00:00,0.7627,0.7737,0.7625,0.7662,22561260.38
2025-05-10 16:00:00,0.7662,0.7781,0.7654,0.7754,22349647.08
2025-05-10 20:00:00,0.7754,0.7948,0.7729,0.7947,22293121.02
2025-05-11 00:00:00,0.7947,0.7973,0.775,0.7802,30474424.67
2025-05-11 04:00:00,0.7802,0.7854,0.7695,0.7721,20772940.17
2025-05-11 08:00:00,0.7721,0.7987,0.7721,0.7981,24750034.86
2025-05-11 12:00:00,0.7981,0.8266,0.7943,0.7948,39061248.22
2025-05-11 16:00:00,0.7948,0.802,0.7884,0.7988,26870005.33
2025-05-11 20:00:00,0.7988,0.8079,0.7942,0.8074,17857337.09
2025-05-12 00:00:00,0.8074,0.808,0.7908,0.7976,23272280.39
2025-05-12 04:00:00,0.7976,0.8188,0.795,0.8093,27926897.43
2025-05-12 08:00:00,0.8093,0.8374,0.8074,0.8132,35340677.78
2025-05-12 12:00:00,0.8132,0.8311,0.7971,0.7979,36962293.74
2025-05-12 16:00:00,0.7979,0.8096,0.7813,0.7934,31315397.07
2025-05-12 20:00:00,0.7934,0.8074,0.792,0.8038,20334046.94
2025-05-13 00:00:00,0.8038,0.8044,0.7784,0.7794,25937716.31
2025-05-13 04:00:00,0.7794,0.7889,0.7759,0.7856,20936443.15
2025-05-13 08:00:00,0.7856,0.7937,0.785,0.7913,22303969.44
2025-05-13 12:00:00,0.7913,0.8029,0.7845,0.802,29773094.81
2025-05-13 16:00:00,0.802,0.8254,0.8005,0.8206,35170633.43
2025-05-13 20:00:00,0.8206,0.8245,0.8136,0.816,22421009.48
2025-05-14 00:00:00,0.816,0.8195,0.7992,0.8029,28091005.8
2025-05-14 04:00:00,0.8029,0.8081,0.7999,0.801,21815994.98
2025-05-14 08:00:00,0.801,0.8046,0.7903,0.803,26122418.79
2025-05-14 12:00:00,0.803,0.8036,0.793,0.8004,25498329.38
2025-05-14 16:00:00,0.8004,0.8024,0.778,0.7859,29282118.96
2025-05-14 20:00:00,0.7859,0.7883,0.7798,0.7828,19122726.77
2025-05-15 00:00:00,0.7828,0.7903,0.7713,0.7722,24513083.05
2025-05-15 04:00:00,0.7722,0.7763,0.7522,0.7528,25733761.93
2025-05-15 08:00:00,0.7528,0.7646,0.7521,0.7588,24366609.7
2025-05-15 12:00:00,0.7588,0.7622,0.741,0.7542,29395977.19
2025-05-15 16:00:00,0.7542,0.764,0.7501,0.7569,27660296.18
2025-05-15 20:00:00,0.7569,0.762,0.7538,0.7582,21999936.2
2025-05-16 00:00:00,0.7582,0.7594,0.748,0.751,22610755.02
2025-05-16 04:00:00,0.751,0.753,0.7439,0.752,21508279.45
2025-05-16 08:00:00,0.752,0.7592,0.7442,0.7555,20694728.82
2025-05-16 12:00:00,0.7555,0.7591,0.7424,0.7507,25690903.32
2025-05-16 16:00:00,0.7507,0.755,0.746,0.7488,23501366.85
2025-05-16 20:00:00,0.7488,0.7496,0.737,0.7374,17678349.59
2025-05-17 00:00:00,0.7374,0.7406,0.7312,0.736,21300937.09
2025-05-17 04:00:00,0.736,0.7396,0.729,0.7314,16571151.08
2025-05-17 08:00:00,0.7314,0.7336,0.7271,0.7298,15793293.21
2025-05-17 12:00:00,0.7298,0.7343,0.7282,0.7318,13617127.87
2025-05-17 16:00:00,0.7318,0.7328,0.7216,0.7237,15968201.15
2025-05-17 20:00:00,0.7237,0.7276,0.7201,0.7252,13510377.22
2025-05-18 00:00:00,0.7252,0.7287,0.7244,0.7271,11014935.0
2025-05-18 04:00:00,0.7271,0.7345,0.7266,0.7329,12038664.3
2025-05-18 08:00:00,0.7329,0.7409,0.7326,0.7391,14634405.21
2025-05-18 12:00:00,0.7391,0.7485,0.737,0.7437,17971193.61
2025-05-18 16:00:00,0.7437,0.7498,0.7289,0.7289,23939655.41
2025-05-18 20:00:00,0.7289,0.7411,0.7242,0.7401,22956775.87
2025-05-19 00:00:00,0.7401,0.7415,0.7308,0.7314,21591454.99
2025-05-19 04:00:00,0.7314,0.7337,0.7273,0.7329,17878005.47
2025-05-19 08:00:00,0.7329,0.7335,0.7257,0.7327,17751541.9
2025-05-19 12:00:00,0.7327,0.7328,0.7242,0.7314,20440444.85
2025-05-19 16:00:00,0.7314,0.7347,0.7218,0.7275,20965613.43
2025-05-19 20:00:00,0.7275,0.7279,0.721,0.7273,18304997.84
2025-05-20 00:00:00,0.7273,0.737,0.7231,0.7346,25079478.35
2025-05-20 04:00:00,0.7346,0.74,0.7295,0.7308,24097799.22
2025-05-20 08:00:00,0.7308,0.7382,0.7293,0.7363,22987101.25
2025-05-20 12:00:00,0.7363,0.7458,0.7362,0.7456,24340614.98
2025-05-20 16:00:00,0.7456,0.7482,0.7389,0.7468,21838734.27
2025-05-20 20:00:00,0.7468,0.7526,0.743,0.7456,20813433.76
2025-05-21 00:00:00,0.7456,0.7467,0.7408,0.7464,13700310.04
2025-05-21 04:00:00,0.7464,0.7506,0.7418,0.7425,16713948.73
2025-05-21 08:00:00,0.7425,0.7491,0.7343,0.7399,21819444.21
2025-05-21 12:00:00,0.7399,0.7428,0.7375,0.7426,25710910.69
2025-05-21 16:00:00,0.7426,0.7505,0.7325,0.7413,34226548.26
2025-05-21 20:00:00,0.7413,0.7414,0.7353,0.7377,21861779.67
2025-05-22 00:00:00,0.7377,0.7462,0.7372,0.7451,23432329.88
2025-05-22 04:00:00,0.7451,0.7576,0.7427,0.7561,28368043.51
2025-05-22 08:00:00,0.7561,0.7679,0.7555,0.7555,32256764.18
2025-05-22 12:00:00,0.7555,0.7615,0.7529,0.7589,31193386.89
2025-05-22 16:00:00,0.7589,0.7662,0.757,0.7621,25281601.83
2025-05-22 20:00:00,0.7621,0.7664,0.7585,0.766,18513840.64
2025-05-23 00:00:00,0.766,0.7745,0.758,0.7741,25125128.47
2025-05-23 04:00:00,0.7741,0.7746,0.7549,0.7569,28907499.19
2025-05-23 08:00:00,0.7569,0.7655,0.739,0.7428,29155364.01
2025-05-23 12:00:00,0.7428,0.7476,0.7284,0.7425,38886084.01
2025-05-23 16:00:00,0.7425,0.7511,0.7393,0.745,25680233.66
2025-05-23 20:00:00,0.745,0.7462,0.7286,0.7296,24928761.99
2025-05-24 00:00:00,0.7296,0.7404,0.727,0.7388,24924642.5
2025-05-24 04:00:00,0.7388,0.7396,0.7335,0.7346,21866347.53
2025-05-24 08:00:00,0.7346,0.7411,0.7341,0.7397,22700529.54
2025-05-24 12:00:00,0.7397,0.7402,0.7351,0.7382,20803216.75
2025-05-24 16:00:00,0.7382,0.7392,0.7356,0.7366,18237657.0
2025-05-24 20:00:00,0.7366,0.7389,0.7319,0.7342,16828132.05
2025-05-25 00:00:00,0.7342,0.7374,0.7305,0.7354,19715723.9
2025-05-25 04:00:00,0.7354,0.7355,0.7259,0.7274,14061275.78
2025-05-25 08:00:00,0.7274,0.7279,0.7214,0.7241,16075736.86
2025-05-25 12:00:00,0.7241,0.7461,0.7238,0.7375,31261861.5
2025-05-25 16:00:00,0.7375,0.738,0.7328,0.7337,12892856.59
2025-05-25 20:00:00,0.7337,0.7364,0.7269,0.7319,12308787.05
2025-05-26 00:00:00,0.7319,0.7385,0.7304,0.7375,12416649.8
2025-05-26 04:00:00,0.7375,0.7387,0.7348,0.7362,10863830.47
2025-05-26 08:00:00,0.7362,0.741,0.7331,0.7349,15171823.08
2025-05-26 12:00:00,0.7349,0.7371,0.7316,0.7367,15762092.83
2025-05-26 16:00:00,0.7367,0.7374,0.7307,0.7351,13529556.62
2025-05-26 20:00:00,0.7351,0.7375,0.7335,0.7349,9935568.7
2025-05-27 00:00:00,0.7349,0.7355,0.7272,0.7275,12804317.53
2025-05-27 04:00:00,0.7275,0.7378,0.7273,0.7369,14355253.55
2025-05-27 08:00:00,0.7369,0.7405,0.7341,0.7398,15056531.26
2025-05-27 12:00:00,0.7398,0.7405,0.729,0.7327,19295003.69
2025-05-27 16:00:00,0.7327,0.7354,0.7277,0.7318,16293278.31
2025-05-27 20:00:00,0.7318,0.7331,0.7279,0.7305,12120937.19
2025-05-28 00:00:00,0.7305,0.7308,0.7229,0.7244,11867778.65
2025-05-28 04:00:00,0.7244,0.7286,0.7216,0.7254,11020649.22
2025-05-28 08:00:00,0.7254,0.7268,0.7211,0.726,12707482.09
2025-05-28 12:00:00,0.726,0.7284,0.7204,0.7214,16870998.55
2025-05-28 16:00:00,0.7214,0.7261,0.7196,0.7212,16048348.76
2025-05-28 20:00:00,0.7212,0.7282,0.7179,0.7271,16994012.91
2025-05-29 00:00:00,0.7271,0.7297,0.7237,0.7258,16023020.89
2025-05-29 04:00:00,0.7258,0.7262,0.7153,0.7184,14103561.32
2025-05-29 08:00:00,0.7184,0.7209,0.7088,0.7127,17863509.44
2025-05-29 12:00:00,0.7127,0.7138,0.6951,0.7005,23048001.67
2025-05-29 16:00:00,0.7005,0.7042,0.6984,0.6992,16658357.81
2025-05-29 20:00:00,0.6992,0.7044,0.6989,0.7003,12494886.9
2025-05-30 00:00:00,0.7003,0.7014,0.6677,0.6848,36304580.93
2025-05-30 04:00:00,0.6848,0.6905,0.6793,0.68,19627096.63
2025-05-30 08:00:00,0.68,0.6886,0.6743,0.6809,23153017.27
2025-05-30 12:00:00,0.6809,0.6826,0.6719,0.6757,23750788.59
2025-05-30 16:00:00,0.6757,0.6797,0.6573,0.6693,33828713.34
2025-05-30 20:00:00,0.6693,0.6772,0.6639,0.6702,24719431.7
2025-05-31 00:00:00,0.6702,0.6717,0.6627,0.6677,24588610.27
2025-05-31 04:00:00,0.6677,0.6752,0.6654,0.6733,19874297.9
2025-05-31 08:00:00,0.6733,0.6765,0.6646,0.6661,19618500.29
2025-05-31 12:00:00,0.6661,0.6738,0.665,0.6664,17601661.32
2025-05-31 16:00:00,0.6664,0.6764,0.6658,0.6732,16421850.74
2025-05-31 20:00:00,0.6732,0.6914,0.6726,0.6786,23149141.2
2025-06-01 00:00:00,0.6786,0.6834,0.6754,0.6801,13069812.88
2025-06-01 04:00:00,0.6801,0.6865,0.6797,0.6821,10644567.1
2025-06-01 08:00:00,0.6821,0.685,0.6724,0.6808,15640579.65
2025-06-01 12:00:00,0.6808,0.6846,0.6712,0.6799,15262192.42
2025-06-01 16:00:00,0.6799,0.6837,0.677,0.6807,13019284.56
2025-06-01 20:00:00,0.6807,0.6851,0.6796,0.6847,9364992.93
2025-06-02 00:00:00,0.6847,0.6848,0.6772,0.6807,11284697.89
2025-06-02 04:00:00,0.6807,0.6838,0.6776,0.6808,11356827.73
2025-06-02 08:00:00,0.6808,0.6897,0.6787,0.6795,17114577.64
2025-06-02 12:00:00,0.6795,0.6842,0.6756,0.6826,15619778.18
2025-06-02 16:00:00,0.6826,0.6845,0.6783,0.6793,13974786.74
2025-06-02 20:00:00,0.6793,0.6868,0.6792,0.6839,16146771.46
2025-06-03 00:00:00,0.6839,0.686,0.6788,0.6805,11143950.39
2025-06-03 04:00:00,0.6805,0.6861,0.6787,0.682,11635316.78
2025-06-03 08:00:00,0.682,0.6836,0.6797,0.6815,11772746.5
2025-06-03 12:00:00,0.6815,0.6863,0.6797,0.6806,13931956.7
2025-06-03 16:00:00,0.6806,0.6836,0.6793,0.683,11913204.14
2025-06-03 20:00:00,0.683,0.6831,0.6764,0.6782,10831314.45
2025-06-04 00:00:00,0.6782,0.6819,0.6776,0.6796,12868328.94
2025-06-04 04:00:00,0.6796,0.6828,0.6789,0.6811,11583404.44
2025-06-04 08:00:00,0.6811,0.6846,0.68,0.6815,11808042.72
2025-06-04 12:00:00,0.6815,0.6819,0.6728,0.6798,16670814.77
2025-06-04 16:00:00,0.6798,0.6799,0.6684,0.669,14443452.8
2025-06-04 20:00:00,0.669,0.6691,0.6606,0.6627,15583982.05
2025-06-05 00:00:00,0.6627,0.6688,0.6613,0.6649,12965539.63
2025-06-05 04:00:00,0.6649,0.6685,0.6575,0.6636,15169093.61
2025-06-05 08:00:00,0.6636,0.6646,0.6524,0.658,20754684.01
2025-06-05 12:00:00,0.658,0.6618,0.651,0.6585,23668648.4
2025-06-05 16:00:00,0.6585,0.659,0.6371,0.6433,20944670.15
2025-06-05 20:00:00,0.6433,0.6433,0.625,0.6308,38411084.7
2025-06-06 00:00:00,0.6308,0.6382,0.6246,0.6371,23829786.38
2025-06-06 04:00:00,0.6371,0.6408,0.634,0.6349,15602981.33
2025-06-06 08:00:00,0.6349,0.6395,0.6346,0.6356,12277602.15
2025-06-06 12:00:00,0.6356,0.6406,0.6329,0.6377,18744727.33
2025-06-06 16:00:00,0.6377,0.641,0.6339,0.6372,13424852.07
2025-06-06 20:00:00,0.6372,0.6406,0.6348,0.6362,10729955.98
2025-06-07 00:00:00,0.6362,0.6455,0.6352,0.6443,12589541.44
2025-06-07 04:00:00,0.6443,0.6499,0.6424,0.6489,13208044.77
2025-06-07 08:00:00,0.6489,0.6525,0.648,0.6506,10753646.58
2025-06-07 12:00:00,0.6506,0.653,0.6474,0.653,7860683.81
2025-06-07 16:00:00,0.653,0.6602,0.6508,0.6554,11248737.33
2025-06-07 20:00:00,0.6554,0.6572,0.6523,0.6526,6703705.33
2025-06-08 00:00:00,0.6526,0.6537,0.6497,0.6516,5673598.12
2025-06-08 04:00:00,0.6516,0.6533,0.6479,0.6485,4960140.68
2025-06-08 08:00:00,0.6485,0.6496,0.6412,0.6464,7312202.67
2025-06-08 12:00:00,0.6464,0.6528,0.6451,0.6495,7261867.3
2025-06-08 16:00:00,0.6495,0.6506,0.6464,0.6491,5707092.08
2025-06-08 20:00:00,0.6491,0.651,0.6442,0.6449,5947255.93
2025-06-09 00:00:00,0.6449,0.6501,0.6444,0.6497,7192500.43
2025-06-09 04:00:00,0.6497,0.6498,0.6445,0.647,6614625.98
2025-06-09 08:00:00,0.647,0.6536,0.646,0.6513,10200101.88
2025-06-09 12:00:00,0.6513,0.6542,0.6485,0.6514,11140069.76
2025-06-09 16:00:00,0.6514,0.6564,0.6506,0.6515,10845668.89
2025-06-09 20:00:00,0.6515,0.6586,0.6513,0.6572,11605029.32
2025-06-10 00:00:00,0.6572,0.6618,0.657,0.6583,12199646.35
2025-06-10 04:00:00,0.6583,0.6601,0.6551,0.6578,10162102.27
2025-06-10 08:00:00,0.6578,0.6716,0.6571,0.6712,16105774.87
2025-06-10 12:00:00,0.6712,0.6827,0.6676,0.6805,31576808.87
2025-06-10 16:00:00,0.6805,0.6835,0.6693,0.6748,22730408.03
2025-06-10 20:00:00,0.6748,0.6803,0.673,0.6794,19951574.28
2025-06-11 00:00:00,0.6794,0.6842,0.6768,0.6815,21289024.73
2025-06-11 04:00:00,0.6815,0.6859,0.679,0.6803,16894466.44
2025-06-11 08:00:00,0.6803,0.6808,0.6716,0.6739,24159421.0
2025-06-11 12:00:00,0.6739,0.6839,0.6716,0.6768,33647502.09
2025-06-11 16:00:00,0.6768,0.682,0.6744,0.6751,25389195.07
2025-06-11 20:00:00,0.6751,0.6774,0.6613,0.6668,22588817.14
2025-06-12 00:00:00,0.6668,0.6685,0.6615,0.6642,23469595.15
2025-06-12 04:00:00,0.6642,0.6658,0.6593,0.6611,23227405.4
2025-06-12 08:00:00,0.6611,0.6649,0.6563,0.6588,25985937.44
2025-06-12 12:00:00,0.6588,0.667,0.657,0.6595,24165895.32
2025-06-12 16:00:00,0.6595,0.6682,0.658,0.6587,24336619.21
2025-06-12 20:00:00,0.6587,0.6622,0.6537,0.6551,23250516.52
2025-06-13 00:00:00,0.6551,0.6551,0.6277,0.6415,54044580.94
2025-06-13 04:00:00,0.6415,0.6418,0.6312,0.6393,26687627.27
2025-06-13 08:00:00,0.6393,0.6454,0.6374,0.6407,30707763.13
2025-06-13 12:00:00,0.6407,0.6437,0.6351,0.641,28084791.67
2025-06-13 16:00:00,0.641,0.6444,0.6355,0.6393,28218421.42
2025-06-13 20:00:00,0.6393,0.6441,0.6392,0.6425,18817278.24
2025-06-14 00:00:00,0.6425,0.6451,0.6397,0.6437,17363323.84
2025-06-14 04:00:00,0.6437,0.6452,0.6404,0.6418,17055729.69
2025-06-14 08:00:00,0.6418,0.6476,0.6411,0.6465,15643965.25
2025-06-14 12:00:00,0.6465,0.6471,0.6355,0.6383,22571063.74
2025-06-14 16:00:00,0.6383,0.6386,0.6318,0.6351,23101568.12
2025-06-14 20:00:00,0.6351,0.6372,0.6317,0.6363,12850075.79
2025-06-15 00:00:00,0.6363,0.6373,0.6339,0.6363,8702778.75
2025-06-15 04:00:00,0.6363,0.6379,0.6321,0.6324,7805859.47
2025-06-15 08:00:00,0.6324,0.6343,0.6281,0.6296,10909357.04
2025-06-15 12:00:00,0.6296,0.6306,0.6202,0.6248,15365971.35
2025-06-15 16:00:00,0.6248,0.6263,0.6149,0.6207,18901142.66
2025-06-15 20:00:00,0.6207,0.622,0.6124,0.6219,15837312.51
2025-06-16 00:00:00,0.6219,0.624,0.6155,0.619,16369683.19
2025-06-16 04:00:00,0.619,0.6268,0.6189,0.6259,15332901.85
2025-06-16 08:00:00,0.6259,0.6355,0.6193,0.6289,26299756.12
2025-06-16 12:00:00,0.6289,0.6302,0.6247,0.6261,18200432.19
2025-06-16 16:00:00,0.6261,0.6297,0.6245,0.628,14599191.81
2025-06-16 20:00:00,0.628,0.6284,0.6167,0.6186,20846398.48
2025-06-17 00:00:00,0.6186,0.6219,0.6068,0.6203,30671418.92
2025-06-17 04:00:00,0.6203,0.6207,0.6133,0.6164,19964824.8
2025-06-17 08:00:00,0.6164,0.6226,0.6152,0.618,22834548.27
2025-06-17 12:00:00,0.618,0.6196,0.609,0.6127,25448341.18
2025-06-17 16:00:00,0.6127,0.6144,0.6015,0.6066,29471769.35
2025-06-17 20:00:00,0.6066,0.6071,0.5901,0.5933,25517103.64
2025-06-18 00:00:00,0.5933,0.608,0.5911,0.6058,24313696.56
2025-06-18 04:00:00,0.6058,0.6078,0.5964,0.5998,22714532.88
2025-06-18 08:00:00,0.5998,0.6036,0.5796,0.5849,37093368.72
2025-06-18 12:00:00,0.5849,0.5849,0.5569,0.5706,45105485.22
2025-06-18 16:00:00,0.5706,0.5915,0.5693,0.5883,35508924.63
2025-06-18 20:00:00,0.5883,0.6069,0.5866,0.6039,26583084.62
2025-06-19 00:00:00,0.6039,0.6126,0.6002,0.6108,23012666.27
2025-06-19 04:00:00,0.6108,0.6139,0.6058,0.6105,21219823.32
2025-06-19 08:00:00,0.6105,0.6235,0.61,0.6204,22483947.35
2025-06-19 12:00:00,0.6204,0.6367,0.6072,0.629,48003442.15
2025-06-19 16:00:00,0.629,0.6342,0.6244,0.6283,28184654.78
2025-06-19 20:00:00,0.6283,0.6341,0.6256,0.6311,15258402.99
2025-06-20 00:00:00,0.6311,0.6343,0.6243,0.6299,16740680.51
2025-06-20 04:00:00,0.6299,0.6305,0.6219,0.629,16004050.56
2025-06-20 08:00:00,0.629,0.6375,0.617,0.6354,20101564.16
2025-06-20 12:00:00,0.6354,0.6366,0.6245,0.6302,17627392.31
2025-06-20 16:00:00,0.6302,0.6315,0.6183,0.6277,26289150.42
2025-06-20 20:00:00,0.6277,0.6308,0.6217,0.6296,17980909.43
2025-06-21 00:00:00,0.6296,0.6349,0.6265,0.6296,18705757.8
2025-06-21 04:00:00,0.6296,0.6377,0.6295,0.6328,18820510.43
2025-06-21 08:00:00,0.6328,0.644,0.6324,0.6365,23107157.82
2025-06-21 12:00:00,0.6365,0.6405,0.6234,0.6283,27332883.07
2025-06-21 16:00:00,0.6283,0.6293,0.6116,0.6119,28882167.82
2025-06-21 20:00:00,0.6119,0.6185,0.6005,0.6143,31602002.81
2025-06-22 00:00:00,0.6143,0.6196,0.6097,0.6139,27805110.4
2025-06-22 04:00:00,0.6139,0.6184,0.6062,0.6073,22899055.07
2025-06-22 08:00:00,0.6073,0.6122,0.6059,0.6098,29256994.27
2025-06-22 12:00:00,0.6098,0.612,0.579,0.5867,47959727.15
2025-06-22 16:00:00,0.5867,0.5921,0.5791,0.5816,31508767.57
2025-06-22 20:00:00,0.5816,0.5895,0.5674,0.5881,32062035.91
2025-06-23 00:00:00,0.5881,0.5913,0.581,0.5857,23507951.58
2025-06-23 04:00:00,0.5857,0.5923,0.5804,0.5891,25538214.94
2025-06-23 08:00:00,0.5891,0.5914,0.5812,0.5849,22749402.75
2025-06-23 12:00:00,0.5849,0.592,0.58,0.5834,31352758.0
2025-06-23 16:00:00,0.5834,0.5941,0.5714,0.5926,35531242.56
2025-06-23 20:00:00,0.5926,0.6073,0.5916,0.604,35026389.71
2025-06-24 00:00:00,0.604,0.6134,0.6018,0.605,26033261.21
2025-06-24 04:00:00,0.605,0.6094,0.6017,0.6041,20340383.53
2025-06-24 08:00:00,0.6041,0.6113,0.6007,0.6046,21335316.98
2025-06-24 12:00:00,0.6046,0.6087,0.6031,0.6085,22846639.57
2025-06-24 16:00:00,0.6085,0.6178,0.6053,0.6077,27419472.27
2025-06-24 20:00:00,0.6077,0.6146,0.6075,0.6126,18442202.99
2025-06-25 00:00:00,0.6126,0.6155,0.6111,0.6115,16121971.86
2025-06-25 04:00:00,0.6115,0.6149,0.6094,0.6143,13412966.32
2025-06-25 08:00:00,0.6143,0.615,0.6041,0.6098,21859804.29
2025-06-25 12:00:00,0.6098,0.6135,0.6045,0.6075,27673757.15
2025-06-25 16:00:00,0.6075,0.6127,0.6063,0.6124,17822215.05
2025-06-25 20:00:00,0.6124,0.6143,0.6024,0.6062,15706696.9
2025-06-26 00:00:00,0.6062,0.6151,0.6046,0.61,19076503.77
2025-06-26 04:00:00,0.61,0.6113,0.6059,0.6092,15937806.66
2025-06-26 08:00:00,0.6092,0.6111,0.6046,0.6086,15230409.61
2025-06-26 12:00:00,0.6086,0.6132,0.6045,0.6084,23351543.03
2025-06-26 16:00:00,0.6084,0.6088,0.6041,0.6081,17470617.5
2025-06-26 20:00:00,0.6081,0.6101,0.5971,0.6022,17121174.11
2025-06-27 00:00:00,0.6022,0.6038,0.5933,0.6031,15838720.02
2025-06-27 04:00:00,0.6031,0.6033,0.5953,0.5958,14548473.81
2025-06-27 08:00:00,0.5958,0.6003,0.5943,0.5971,14140448.13
2025-06-27 12:00:00,0.5971,0.5998,0.5879,0.5978,22179196.57
2025-06-27 16:00:00,0.5978,0.6017,0.5894,0.5936,21533071.59
2025-06-27 20:00:00,0.5936,0.5999,0.5924,0.597,15666170.39
2025-06-28 00:00:00,0.597,0.6014,0.5942,0.5956,16871806.65
2025-06-28 04:00:00,0.5956,0.6005,0.5947,0.6005,10098550.3
2025-06-28 08:00:00,0.6005,0.602,0.5948,0.5994,13341239.34
2025-06-28 12:00:00,0.5994,0.5999,0.5916,0.5988,17357834.97
2025-06-28 16:00:00,0.5988,0.6093,0.5982,0.6038,23486857.51
2025-06-28 20:00:00,0.6038,0.611,0.6034,0.6076,18387290.07
2025-06-29 00:00:00,0.6076,0.6118,0.6032,0.6065,14674110.62
2025-06-29 04:00:00,0.6065,0.6153,0.6061,0.6136,12323195.58
2025-06-29 08:00:00,0.6136,0.6187,0.6134,0.6179,17286540.16
2025-06-29 12:00:00,0.6179,0.6187,0.6079,0.6101,15992940.88
2025-06-29 16:00:00,0.6101,0.614,0.5766,0.5862,32569029.55
2025-06-29 20:00:00,0.5862,0.6074,0.5826,0.6029,26080934.32
2025-06-30 00:00:00,0.6029,0.6045,0.596,0.597,17679836.49
2025-06-30 04:00:00,0.597,0.5994,0.5885,0.5934,16214403.57
2025-06-30 08:00:00,0.5934,0.5945,0.5793,0.5826,21225868.49
2025-06-30 12:00:00,0.5826,0.5857,0.5731,0.5828,23927983.9
2025-06-30 16:00:00,0.5828,0.5878,0.5806,0.5861,22983081.03
2025-06-30 20:00:00,0.5861,0.5933,0.5837,0.5892,17533793.87
2025-07-01 00:00:00,0.5892,0.5945,0.5827,0.5842,21923244.45
2025-07-01 04:00:00,0.5842,0.5851,0.5763,0.579,21695992.24
2025-07-01 08:00:00,0.579,0.5795,0.5623,0.5659,29854769.49
2025-07-01 12:00:00,0.5659,0.5697,0.56,0.5634,28636238.27
2025-07-01 16:00:00,0.5634,0.5665,0.5524,0.5603,28563880.63
2025-07-01 20:00:00,0.5603,0.566,0.5556,0.5635,22272673.92
2025-07-02 00:00:00,0.5635,0.577,0.5632,0.5743,26673659.39
2025-07-02 04:00:00,0.5743,0.5849,0.5733,0.578,28965394.48
2025-07-02 08:00:00,0.578,0.5829,0.5751,0.5758,19236777.9
2025-07-02 12:00:00,0.5758,0.584,0.5734,0.5818,19743485.95
2025-07-02 16:00:00,0.5818,0.59,0.5809,0.5874,24598565.9
2025-07-02 20:00:00,0.5874,0.5899,0.5822,0.5833,17241347.93
2025-07-03 00:00:00,0.5833,0.5906,0.5833,0.5853,17233088.81
2025-07-03 04:00:00,0.5853,0.5963,0.5834,0.5881,19604726.41
2025-07-03 08:00:00,0.5881,0.5918,0.5794,0.5841,23387994.04
2025-07-03 12:00:00,0.5841,0.5868,0.577,0.5775,27800152.33
2025-07-03 16:00:00,0.5775,0.5842,0.5775,0.5824,19904820.41
2025-07-03 20:00:00,0.5824,0.5885,0.5823,0.5873,16380825.65
2025-07-04 00:00:00,0.5873,0.588,0.5797,0.581,16523244.4
2025-07-04 04:00:00,0.581,0.5814,0.5601,0.5643,29174535.72
2025-07-04 08:00:00,0.5643,0.5656,0.5556,0.5601,32047280.54
2025-07-04 12:00:00,0.5601,0.5631,0.5558,0.5592,23776863.25
2025-07-04 16:00:00,0.5592,0.5631,0.5563,0.5611,23829100.18
2025-07-04 20:00:00,0.5611,0.5655,0.5591,0.5606,15304190.39
2025-07-05 00:00:00,0.5606,0.5654,0.5558,0.5641,17615289.23
2025-07-05 04:00:00,0.5641,0.5663,0.561,0.5645,18184084.93
2025-07-05 08:00:00,0.5645,0.57,0.5625,0.5629,16877101.1
2025-07-05 12:00:00,0.5629,0.5716,0.5626,0.566,18686146.51
2025-07-05 16:00:00,0.566,0.5683,0.5616,0.5645,18090989.63
2025-07-05 20:00:00,0.5645,0.5653,0.5627,0.5633,10863945.41
2025-07-06 00:00:00,0.5633,0.5649,0.5605,0.5616,8426856.53
2025-07-06 04:00:00,0.5616,0.5645,0.5589,0.5611,11436992.73
2025-07-06 08:00:00,0.5611,0.5644,0.5538,0.5631,12967639.65
2025-07-06 12:00:00,0.5631,0.5773,0.5615,0.5726,20208555.29
2025-07-06 16:00:00,0.5726,0.5749,0.5677,0.5732,18886558.37
2025-07-06 20:00:00,0.5732,0.5768,0.5693,0.5709,12864656.79
2025-07-07 00:00:00,0.5709,0.5752,0.5701,0.5704,10025786.32
2025-07-07 04:00:00,0.5704,0.5714,0.5667,0.5701,10510508.28
2025-07-07 08:00:00,0.5701,0.5764,0.57,0.5749,11551354.87
2025-07-07 12:00:00,0.5749,0.5772,0.5698,0.5699,16061007.09
2025-07-07 16:00:00,0.5699,0.5714,0.5631,0.5673,19048101.85
2025-07-07 20:00:00,0.5673,0.5679,0.5628,0.5676,13338982.63
2025-07-08 00:00:00,0.5676,0.5687,0.5539,0.5589,18184732.34
2025-07-08 04:00:00,0.5589,0.5749,0.5575,0.5702,19308796.65
2025-07-08 08:00:00,0.5702,0.5752,0.5606,0.5724,22535217.65
2025-07-08 12:00:00,0.5724,0.5731,0.5655,0.568,16050500.94
2025-07-08 16:00:00,0.568,0.5739,0.568,0.572,13203322.95
2025-07-08 20:00:00,0.572,0.5721,0.5658,0.569,12168687.25
2025-07-09 00:00:00,0.569,0.5708,0.5622,0.5697,14318577.81
2025-07-09 04:00:00,0.5697,0.5757,0.5692,0.5746,16535321.67
2025-07-09 08:00:00,0.5746,0.5901,0.5746,0.5884,26935060.52
2025-07-09 12:00:00,0.5884,0.5933,0.5856,0.5929,28402958.19
2025-07-09 16:00:00,0.5929,0.6113,0.5815,0.5945,51919312.7
2025-07-09 20:00:00,0.5945,0.5995,0.5903,0.5941,24065241.91
2025-07-10 00:00:00,0.5941,0.6006,0.5935,0.5995,18412998.53
2025-07-10 04:00:00,0.5995,0.6052,0.5985,0.6038,19847363.3
2025-07-10 08:00:00,0.6038,0.61,0.6002,0.6053,22272156.49
2025-07-10 12:00:00,0.6053,0.608,0.6006,0.6044,22212896.52
2025-07-10 16:00:00,0.6044,0.614,0.5895,0.6013,32816182.9
2025-07-10 20:00:00,0.6013,0.624,0.6012,0.6239,28690729.4
2025-07-11 00:00:00,0.6239,0.6392,0.6219,0.6379,32332483.13
2025-07-11 04:00:00,0.6379,0.6425,0.6315,0.6382,28079225.04
2025-07-11 08:00:00,0.6382,0.6447,0.6382,0.6421,24691808.78
2025-07-11 12:00:00,0.6421,0.6458,0.6342,0.635,35386325.06
2025-07-11 16:00:00,0.635,0.642,0.6232,0.6246,34349375.41
2025-07-11 20:00:00,0.6246,0.6294,0.6014,0.6143,31186985.39
2025-07-12 00:00:00,0.6143,0.6263,0.606,0.6246,23857701.34
2025-07-12 04:00:00,0.6246,0.6389,0.6243,0.6358,26521260.27
2025-07-12 08:00:00,0.6358,0.6425,0.6314,0.6383,23198520.28
2025-07-12 12:00:00,0.6383,0.647,0.6296,0.6342,34204189.53
2025-07-12 16:00:00,0.6342,0.6436,0.632,0.6407,20347182.56
2025-07-12 20:00:00,0.6407,0.6549,0.6392,0.6544,21585377.98
2025-07-13 00:00:00,0.6544,0.655,0.6469,0.6529,21418387.85
2025-07-13 04:00:00,0.6529,0.6676,0.6516,0.6675,22236993.66
2025-07-13 08:00:00,0.6675,0.6809,0.6616,0.6802,25733566.86
2025-07-13 12:00:00,0.6802,0.6904,0.6756,0.6886,29911426.18
2025-07-13 16:00:00,0.6886,0.6956,0.6827,0.6904,24255271.09
2025-07-13 20:00:00,0.6904,0.7028,0.6891,0.702,23091582.52
2025-07-14 00:00:00,0.702,0.7041,0.6961,0.6974,18072766.11
2025-07-14 04:00:00,0.6974,0.7057,0.6943,0.7046,20971993.43
2025-07-14 08:00:00,0.7046,0.7169,0.7005,0.7117,26269658.93
2025-07-14 12:00:00,0.7117,0.7277,0.7039,0.7093,36140008.52
2025-07-14 16:00:00,0.7093,0.7183,0.7059,0.7174,26712151.81
2025-07-14 20:00:00,0.7174,0.7255,0.7133,0.7252,19551831.95
2025-07-15 00:00:00,0.7252,0.7311,0.7152,0.719,27774135.53
2025-07-15 04:00:00,0.719,0.7227,0.7091,0.7146,24147561.47
2025-07-15 08:00:00,0.7146,0.7158,0.6923,0.6981,26312919.92
2025-07-15 12:00:00,0.6981,0.705,0.6919,0.7009,30556783.98
2025-07-15 16:00:00,0.7009,0.7135,0.7009,0.7033,23590434.25
2025-07-15 20:00:00,0.7033,0.7136,0.7022,0.7123,19743904.98
2025-07-16 00:00:00,0.7123,0.7149,0.7041,0.7047,16403282.57
2025-07-16 04:00:00,0.7047,0.7234,0.7035,0.7207,19308633.86
2025-07-16 08:00:00,0.7207,0.7334,0.7161,0.7287,28299105.01
2025-07-16 12:00:00,0.7287,0.7357,0.7247,0.7313,34085631.09
2025-07-16 16:00:00,0.7313,0.744,0.7291,0.7404,29187481.32
2025-07-16 20:00:00,0.7404,0.7435,0.7261,0.7319,26033618.91
2025-07-17 00:00:00,0.7319,0.7366,0.7256,0.7358,27118224.22
2025-07-17 04:00:00,0.7358,0.7512,0.7356,0.7502,25383506.17
2025-07-17 08:00:00,0.7502,0.7626,0.7465,0.7594,28536107.74
2025-07-17 12:00:00,0.7594,0.7678,0.7474,0.7675,32380360.99
2025-07-17 16:00:00,0.7675,0.781,0.7614,0.7715,31092236.07
2025-07-17 20:00:00,0.7715,0.7956,0.7652,0.7884,34278377.56
2025-07-18 00:00:00,0.7884,0.8507,0.7884,0.8454,59063842.23
2025-07-18 04:00:00,0.8454,0.8468,0.7236,0.7688,46118175.36
2025-07-18 08:00:00,0.7688,0.7868,0.7688,0.7787,31489468.33
2025-07-18 12:00:00,0.7787,0.7885,0.7661,0.7679,39675807.39
2025-07-18 16:00:00,0.7679,0.7782,0.7661,0.776,32751886.85
2025-07-18 20:00:00,0.776,0.7942,0.7661,0.7931,33028938.83
2025-07-19 00:00:00,0.7931,0.7992,0.7845,0.7977,29783568.47
2025-07-19 04:00:00,0.7977,0.7993,0.7601,0.7655,34357148.63
2025-07-19 08:00:00,0.7655,0.7824,0.7616,0.7775,28588894.82
2025-07-19 12:00:00,0.7775,0.7934,0.7772,0.7903,32441262.14
2025-07-19 16:00:00,0.7903,0.8101,0.79,0.8053,31011632.23
2025-07-19 20:00:00,0.8053,0.8081,0.7964,0.8024,24444146.57
2025-07-20 00:00:00,0.8024,0.8061,0.7956,0.7999,19940075.47
2025-07-20 04:00:00,0.7999,0.8064,0.7989,0.8011,15848916.85
2025-07-20 08:00:00,0.8011,0.8076,0.7989,0.8032,21557609.62
2025-07-20 12:00:00,0.8032,0.807,0.7998,0.8067,21153624.73
2025-07-20 16:00:00,0.8067,0.8153,0.806,0.8079,24555063.68
2025-07-20 20:00:00,0.8079,0.8142,0.7942,0.802,24841315.27
2025-07-21 00:00:00,0.802,0.8079,0.7924,0.8044,25225700.58
2025-07-21 04:00:00,0.8044,0.8081,0.8001,0.8062,21865848.99
2025-07-21 08:00:00,0.8062,0.8199,0.8045,0.8127,29932563.83
2025-07-21 12:00:00,0.8127,0.8252,0.8105,0.8184,36628600.27
2025-07-21 16:00:00,0.8184,0.822,0.7956,0.8031,39718119.35
2025-07-21 20:00:00,0.8031,0.8086,0.797,0.8015,23516023.83
2025-07-22 00:00:00,0.8015,0.8041,0.7872,0.7932,28712353.49
2025-07-22 04:00:00,0.7932,0.798,0.7773,0.7865,29888072.07
2025-07-22 08:00:00,0.7865,0.7943,0.7791,0.7939,25682873.86
2025-07-22 12:00:00,0.7939,0.8085,0.7859,0.8053,32643228.64
2025-07-22 16:00:00,0.8053,0.8198,0.8032,0.8138,35971619.13
2025-07-22 20:00:00,0.8138,0.8294,0.8137,0.8294,22790323.44
2025-07-23 00:00:00,0.8294,0.8309,0.8197,0.8274,22225111.97
2025-07-23 04:00:00,0.8274,0.8366,0.8261,0.8341,21770620.98
2025-07-23 08:00:00,0.8341,0.8346,0.8208,0.8296,22680065.0
2025-07-23 12:00:00,0.8296,0.8296,0.7924,0.8211,41808700.69
2025-07-23 16:00:00,0.8211,0.8211,0.795,0.8004,29042838.46
2025-07-23 20:00:00,0.8004,0.8032,0.7885,0.7909,23161578.86
2025-07-24 00:00:00,0.7909,0.7991,0.7885,0.7959,22308707.85
2025-07-24 04:00:00,0.7959,0.7964,0.7501,0.7554,37845514.97
2025-07-24 08:00:00,0.7554,0.7611,0.7479,0.7581,25717814.76
2025-07-24 12:00:00,0.7581,0.7658,0.7459,0.7623,30172994.52
2025-07-24 16:00:00,0.7623,0.7627,0.748,0.753,23199822.81
2025-07-24 20:00:00,0.753,0.7576,0.7443,0.7487,20927555.42
2025-07-25 00:00:00,0.7487,0.7496,0.7364,0.7408,28371680.7
2025-07-25 04:00:00,0.7408,0.7425,0.7336,0.7404,22080937.61
2025-07-25 08:00:00,0.7404,0.7517,0.7375,0.7484,25722386.44
2025-07-25 12:00:00,0.7484,0.7546,0.7463,0.7511,25406532.48
2025-07-25 16:00:00,0.7511,0.7579,0.7487,0.7537,21909374.69
2025-07-25 20:00:00,0.7537,0.7708,0.7536,0.7677,21500346.68
2025-07-26 00:00:00,0.7677,0.7696,0.7583,0.7645,19354605.21
2025-07-26 04:00:00,0.7645,0.7776,0.7644,0.7714,18575763.48
2025-07-26 08:00:00,0.7714,0.7842,0.7714,0.7776,20977345.34
2025-07-26 12:00:00,0.7776,0.79,0.7763,0.7894,16782914.99
2025-07-26 16:00:00,0.7894,0.7985,0.786,0.7979,18840285.72
2025-07-26 20:00:00,0.7979,0.7991,0.7908,0.7961,15387140.36
2025-07-27 00:00:00,0.7961,0.8071,0.7927,0.8022,15679602.41
2025-07-27 04:00:00,0.8022,0.8112,0.8007,0.8098,12363270.49
2025-07-27 08:00:00,0.8098,0.8213,0.8052,0.8175,18636005.04
2025-07-27 12:00:00,0.8175,0.8267,0.8144,0.8243,20865536.19
2025-07-27 16:00:00,0.8243,0.8285,0.8212,0.8241,14843340.42
2025-07-27 20:00:00,0.8241,0.8306,0.8241,0.8298,11844325.08
2025-07-28 00:00:00,0.8298,0.8347,0.8246,0.8341,17838374.74
2025-07-28 04:00:00,0.8341,0.8367,0.8305,0.8347,17243477.25
2025-07-28 08:00:00,0.8347,0.8367,0.8157,0.8232,25935157.35
2025-07-28 12:00:00,0.8232,0.8238,0.79,0.7999,34726353.9
2025-07-28 16:00:00,0.7999,0.8014,0.7925,0.7997,23308931.01
2025-07-28 20:00:00,0.7997,0.8035,0.7926,0.7965,20987084.09
2025-07-29 00:00:00,0.7965,0.7994,0.7748,0.7811,25188838.01
2025-07-29 04:00:00,0.7811,0.7926,0.7722,0.791,21327603.9
2025-07-29 08:00:00,0.791,0.794,0.7761,0.777,22243606.99
2025-07-29 12:00:00,0.777,0.786,0.7629,0.77,29376611.51
2025-07-29 16:00:00,0.77,0.7702,0.7549,0.7628,24051557.92
2025-07-29 20:00:00,0.7628,0.7653,0.7568,0.7632,18328512.93
2025-07-30 00:00:00,0.7632,0.7715,0.7593,0.7662,21277067.87
2025-07-30 04:00:00,0.7662,0.7782,0.7656,0.7738,14934468.17
2025-07-30 08:00:00,0.7738,0.7765,0.7526,0.7567,20722475.73
2025-07-30 12:00:00,0.7567,0.7602,0.7507,0.7572,21394314.66
2025-07-30 16:00:00,0.7572,0.7591,0.737,0.7529,26522188.85
2025-07-30 20:00:00,0.7529,0.7554,0.7412,0.749,17528722.1
2025-07-31 00:00:00,0.749,0.759,0.7489,0.7569,12031808.28
2025-07-31 04:00:00,0.7569,0.7799,0.7569,0.7716,19811437.78
2025-07-31 08:00:00,0.7716,0.7752,0.7595,0.7623,14115836.55
2025-07-31 12:00:00,0.7623,0.7629,0.7521,0.757,17743863.61
2025-07-31 16:00:00,0.757,0.7616,0.7444,0.7458,19834509.89
2025-07-31 20:00:00,0.7458,0.75,0.7391,0.7409,22132196.32
2025-08-01 00:00:00,0.7409,0.7444,0.731,0.7426,25490056.88
2025-08-01 04:00:00,0.7426,0.7426,0.7338,0.7355,20219140.83
2025-08-01 08:00:00,0.7355,0.7355,0.7162,0.7212,25497355.7
2025-08-01 12:00:00,0.7212,0.7242,0.7073,0.7124,28759765.78
2025-08-01 16:00:00,0.7124,0.7152,0.6988,0.7044,27400436.7
2025-08-01 20:00:00,0.7044,0.7085,0.6914,0.6976,27388147.83
2025-08-02 00:00:00,0.6976,0.7044,0.6963,0.6998,16789331.56
2025-08-02 04:00:00,0.6998,0.7046,0.6933,0.6971,18267689.9
2025-08-02 08:00:00,0.6971,0.7008,0.6893,0.6931,19606784.35
2025-08-02 12:00:00,0.6931,0.6937,0.6859,0.6871,19845522.73
2025-08-02 16:00:00,0.6871,0.6891,0.6772,0.6818,23879146.22
2025-08-02 20:00:00,0.6818,0.6876,0.681,0.6865,19449557.05
2025-08-03 00:00:00,0.6865,0.6919,0.68,0.691,17832090.68
2025-08-03 04:00:00,0.691,0.7061,0.6894,0.7018,21092699.77
2025-08-03 08:00:00,0.7018,0.7115,0.7017,0.7041,19147093.92
2025-08-03 12:00:00,0.7041,0.7052,0.6993,0.7037,13130393.61
2025-08-03 16:00:00,0.7037,0.7061,0.7029,0.7042,9471880.29
2025-08-03 20:00:00,0.7042,0.7111,0.7035,0.7092,8731283.47
2025-08-04 00:00:00,0.7092,0.7214,0.7081,0.7205,14409055.39
2025-08-04 04:00:00,0.7205,0.7343,0.7205,0.7257,22692240.72
2025-08-04 08:00:00,0.7257,0.7307,0.7238,0.7285,13265956.16
2025-08-04 12:00:00,0.7285,0.862,0.7277,0.8563,74768309.44
2025-08-04 16:00:00,0.8563,0.8792,0.8419,0.8543,45168633.86
2025-08-04 20:00:00,0.8543,0.8578,0.8364,0.8455,27317082.06
2025-08-05 00:00:00,0.8455,0.8482,0.8028,0.8029,28138897.36
2025-08-05 04:00:00,0.8029,0.9237,0.7952,0.8826,64355733.09
2025-08-05 08:00:00,0.8826,0.897,0.8666,0.8774,27363298.93
2025-08-05 12:00:00,0.8774,0.92,0.8668,0.9036,43712713.16
2025-08-05 16:00:00,0.9036,0.9518,0.9007,0.915,42215907.63
2025-08-05 20:00:00,0.915,0.9215,0.8833,0.9094,31473945.21
2025-08-06 00:00:00,0.9094,0.9453,0.8792,0.9391,47729741.87
2025-08-06 04:00:00,0.9391,0.9418,0.888,0.918,32842923.8
2025-08-06 08:00:00,0.918,0.9249,0.8692,0.8794,33729354.61
2025-08-06 12:00:00,0.8794,0.8922,0.8657,0.8913,26766102.85
2025-08-06 16:00:00,0.8913,0.8928,0.8712,0.8764,20293676.38
2025-08-06 20:00:00,0.8764,0.8798,0.8654,0.8724,18048354.03
2025-08-07 00:00:00,0.8724,0.8935,0.8675,0.8698,26606818.32
2025-08-07 04:00:00,0.8698,0.92,0.866,0.9134,34296753.9
2025-08-07 08:00:00,0.9134,0.9553,0.9119,0.9539,61912696.56
2025-08-07 12:00:00,0.9539,1.0636,0.933,1.034,65966207.1
2025-08-07 16:00:00,1.034,1.1075,1.0274,1.0834,50661886.1
2025-08-07 20:00:00,1.0834,1.0998,1.0405,1.0514,31057445.46
2025-08-08 00:00:00,1.0514,1.1337,1.0503,1.0655,37558461.22
2025-08-08 04:00:00,1.0655,1.086,1.0317,1.0388,31981955.07
2025-08-08 08:00:00,1.0388,1.056,1.0311,1.0533,26742339.32
2025-08-08 12:00:00,1.0533,1.0836,1.0488,1.0662,29511117.66
2025-08-08 16:00:00,1.0662,1.0872,1.0529,1.0756,25234589.8
2025-08-08 20:00:00,1.0756,1.0802,1.058,1.0595,16486830.32
2025-08-09 00:00:00,1.0595,1.0603,1.0377,1.0528,18685183.89
2025-08-09 04:00:00,1.0528,1.0744,1.0413,1.0577,22943524.38
2025-08-09 08:00:00,1.0577,1.0922,1.0473,1.0743,24738832.28
2025-08-09 12:00:00,1.0743,1.0771,1.0546,1.0609,24065439.96
2025-08-09 16:00:00,1.0609,1.0638,1.0504,1.0602,16605254.69
2025-08-09 20:00:00,1.0602,1.0699,1.0538,1.0639,14907151.6
2025-08-10 00:00:00,1.0639,1.093,1.0426,1.051,25355011.28
2025-08-10 04:00:00,1.051,1.0553,1.0173,1.0227,25172317.77
2025-08-10 08:00:00,1.0227,1.0345,1.0124,1.0294,25102238.71
2025-08-10 12:00:00,1.0294,1.0301,1.0133,1.0265,19633316.24
2025-08-10 16:00:00,1.0265,1.0387,1.025,1.028,14409435.44
2025-08-10 20:00:00,1.028,1.0348,1.0209,1.0276,12382837.13
2025-08-11 00:00:00,1.0276,1.0539,1.0227,1.0359,20188679.27
2025-08-11 04:00:00,1.0359,1.0598,1.0317,1.0425,24990835.66
2025-08-11 08:00:00,1.0425,1.0609,1.0132,1.0197,32622127.3
2025-08-11 12:00:00,1.0197,1.0215,0.9911,1.0053,32471355.0
2025-08-11 16:00:00,1.0053,1.0107,0.9767,0.9808,24653972.28
2025-08-11 20:00:00,0.9808,0.9831,0.9667,0.9726,19058318.54
2025-08-12 00:00:00,0.9726,0.9878,0.9301,0.9875,28545340.3
2025-08-12 04:00:00,0.9875,1.0409,0.9802,1.0268,36108417.85
2025-08-12 08:00:00,1.0268,1.052,1.0051,1.0336,32554960.48
2025-08-12 12:00:00,1.0336,1.04,1.0129,1.0275,27974835.85
2025-08-12 16:00:00,1.0275,1.0446,1.0241,1.0419,25306467.09
2025-08-12 20:00:00,1.0419,1.0477,1.0257,1.0283,23327573.93
2025-08-13 00:00:00,1.0283,1.0397,1.0202,1.0363,22979673.55
2025-08-13 04:00:00,1.0363,1.1195,1.033,1.1049,36690335.84
2025-08-13 08:00:00,1.1049,1.1398,1.0846,1.1077,36840887.71
2025-08-13 12:00:00,1.1077,1.1323,1.106,1.1183,30395352.42
2025-08-13 16:00:00,1.1183,1.1375,1.1127,1.1169,23660342.13
2025-08-13 20:00:00,1.1169,1.1259,1.11,1.1257,20635727.27
2025-08-14 00:00:00,1.1257,1.16,1.11,1.1162,31749213.91
2025-08-14 04:00:00,1.1162,1.1194,1.1029,1.1066,26564999.25
2025-08-14 08:00:00,1.1066,1.2065,1.1,1.1139,52390191.62
2025-08-14 12:00:00,1.1139,1.1262,1.0592,1.1059,33750204.49
2025-08-14 16:00:00,1.1059,1.114,1.082,1.1105,23148006.49
2025-08-14 20:00:00,1.1105,1.1189,1.0896,1.0919,22091607.68
2025-08-15 00:00:00,1.0919,1.0972,1.0789,1.0919,22647329.5
2025-08-15 04:00:00,1.0919,1.0978,1.069,1.0721,22120158.92
2025-08-15 08:00:00,1.0721,1.1487,1.0654,1.1424,30492939.36
2025-08-15 12:00:00,1.1424,1.1983,1.1257,1.1518,42224417.07
2025-08-15 16:00:00,1.1518,1.19,1.1412,1.1497,29541609.71
2025-08-15 20:00:00,1.1497,1.2029,1.1461,1.199,25905471.62
2025-08-16 00:00:00,1.199,1.2659,1.1936,1.2211,29843980.99
2025-08-16 04:00:00,1.2211,1.2336,1.1643,1.1727,23762502.23
2025-08-16 08:00:00,1.1727,1.3,1.1669,1.2997,36145967.83
2025-08-16 12:00:00,1.2997,1.3459,1.2444,1.3279,39075798.6
2025-08-16 16:00:00,1.3279,1.3316,1.2562,1.3151,27135048.08
2025-08-16 20:00:00,1.3151,1.3938,1.3137,1.3681,28132619.04
2025-08-17 00:00:00,1.3681,1.3938,1.3361,1.3678,28782064.22
2025-08-17 04:00:00,1.3678,1.4,1.351,1.3668,25124924.29
2025-08-17 08:00:00,1.3668,1.3677,1.3021,1.3135,20745507.75
2025-08-17 12:00:00,1.3135,1.3298,1.2819,1.326,18042226.63
2025-08-17 16:00:00,1.326,1.3311,1.2936,1.3007,14983469.04
2025-08-17 20:00:00,1.3007,1.314,1.2926,1.2938,10634493.47
2025-08-18 00:00:00,1.2938,1.2945,1.2301,1.2387,21168162.2
2025-08-18 04:00:00,1.2387,1.2539,1.2109,1.2375,23627110.4
2025-08-18 08:00:00,1.2375,1.2492,1.2009,1.23,24921521.82
2025-08-18 12:00:00,1.23,1.3119,1.2254,1.2912,47013713.69
2025-08-18 16:00:00,1.2912,1.3048,1.2733,1.289,27189755.07
2025-08-18 20:00:00,1.289,1.3299,1.2868,1.2975,23269008.51
2025-08-19 00:00:00,1.2975,1.3015,1.2728,1.287,22814825.18
2025-08-19 04:00:00,1.287,1.29,1.2463,1.2861,35465936.09
2025-08-19 08:00:00,1.2861,1.3993,1.2851,1.3852,54965067.17
2025-08-19 12:00:00,1.3852,1.4,1.3222,1.3562,37067540.93
2025-08-19 16:00:00,1.3562,1.3662,1.3306,1.364,28238293.04
2025-08-19 20:00:00,1.364,1.4006,1.353,1.3533,28827450.05
2025-08-20 00:00:00,1.3533,1.368,1.3347,1.3549,25798464.29
2025-08-20 04:00:00,1.3549,1.3998,1.3471,1.3708,27820847.57
2025-08-20 08:00:00,1.3708,1.3938,1.3357,1.3526,25117732.88
2025-08-20 12:00:00,1.3526,1.3593,1.2983,1.3218,33273587.69
2025-08-20 16:00:00,1.3218,1.3829,1.3199,1.3402,32008563.09
2025-08-20 20:00:00,1.3402,1.3415,1.3126,1.3266,27143106.08
2025-08-21 00:00:00,1.3266,1.3273,1.2457,1.2566,30815374.56
2025-08-21 04:00:00,1.2566,1.2858,1.2403,1.2681,28545331.04
2025-08-21 08:00:00,1.2681,1.2932,1.2513,1.2731,25077635.12
2025-08-21 12:00:00,1.2731,1.2977,1.2544,1.2698,27132402.63
2025-08-21 16:00:00,1.2698,1.2776,1.2421,1.2455,24148931.26
2025-08-21 20:00:00,1.2455,1.2556,1.2313,1.2436,18944986.78
2025-08-22 00:00:00,1.2436,1.2513,1.2282,1.2346,19693048.46
2025-08-22 04:00:00,1.2346,1.2674,1.2334,1.2596,22763401.83
2025-08-22 08:00:00,1.2596,1.3,1.2377,1.2402,29769719.28
2025-08-22 12:00:00,1.2402,1.3039,1.2299,1.2842,40366725.18
2025-08-22 16:00:00,1.2842,1.3248,1.2842,1.2975,32494347.17
2025-08-22 20:00:00,1.2975,1.3049,1.2791,1.3002,22356509.42
2025-08-23 00:00:00,1.3002,1.3349,1.2919,1.3207,30893285.56
2025-08-23 04:00:00,1.3207,1.33,1.2619,1.2707,31129277.62
2025-08-23 08:00:00,1.2707,1.2863,1.261,1.2671,25858897.09
2025-08-23 12:00:00,1.2671,1.2714,1.2296,1.2316,28761778.12
2025-08-23 16:00:00,1.2316,1.2466,1.2279,1.2325,23077639.68
2025-08-23 20:00:00,1.2325,1.2366,1.2067,1.2333,25000381.04
2025-08-24 00:00:00,1.2333,1.2565,1.2169,1.2565,23975628.45
2025-08-24 04:00:00,1.2565,1.2863,1.2513,1.2562,29511735.21
2025-08-24 08:00:00,1.2562,1.2573,1.2212,1.2251,28324296.1
2025-08-24 12:00:00,1.2251,1.2392,1.2,1.2339,27232314.41
2025-08-24 16:00:00,1.2339,1.2509,1.2045,1.2223,32029713.45
2025-08-24 20:00:00,1.2223,1.2262,1.205,1.2198,26587613.13
2025-08-25 00:00:00,1.2198,1.2348,1.2027,1.2182,28625375.51
2025-08-25 04:00:00,1.2182,1.219,1.1178,1.1291,38465768.88
2025-08-25 08:00:00,1.1291,1.1649,1.1251,1.1648,32131737.99
2025-08-25 12:00:00,1.1648,1.1907,1.1489,1.1781,32257691.36
2025-08-25 16:00:00,1.1781,1.1781,1.1422,1.1475,29942016.73
2025-08-25 20:00:00,1.1475,1.1525,1.1107,1.1343,32578905.55
2025-08-26 00:00:00,1.1343,1.1534,1.1045,1.1423,33109266.14
2025-08-26 04:00:00,1.1423,1.1763,1.1319,1.1335,32354263.88
2025-08-26 08:00:00,1.1335,1.159,1.1331,1.1541,30394028.46
2025-08-26 12:00:00,1.1541,1.197,1.145,1.1797,36825530.32
2025-08-26 16:00:00,1.1797,1.1975,1.1572,1.1906,30943306.27
2025-08-26 20:00:00,1.1906,1.1992,1.177,1.1823,25640306.51
2025-08-27 00:00:00,1.1823,1.2008,1.1657,1.1767,32132748.64
2025-08-27 04:00:00,1.1767,1.1873,1.1469,1.1544,29698940.06
2025-08-27 08:00:00,1.1544,1.1965,1.1543,1.1913,32595257.17
2025-08-27 12:00:00,1.1913,1.2378,1.1706,1.2206,40034157.82
2025-08-27 16:00:00,1.2206,1.2259,1.1893,1.1979,33315486.11
2025-08-27 20:00:00,1.1979,1.2169,1.1903,1.2042,33228202.41
2025-08-28 00:00:00,1.2042,1.2097,1.2002,1.2062,26062372.82
2025-08-28 04:00:00,1.2062,1.2769,1.2044,1.26,39484581.38
2025-08-28 08:00:00,1.26,1.277,1.2463,1.2704,32424738.74
2025-08-28 12:00:00,1.2704,1.2834,1.2238,1.2409,40839323.84
2025-08-28 16:00:00,1.2409,1.2924,1.224,1.2724,33905639.57
2025-08-28 20:00:00,1.2724,1.281,1.2469,1.2565,21937111.35
2025-08-29 00:00:00,1.2565,1.2759,1.2414,1.249,30313944.31
2025-08-29 04:00:00,1.249,1.2518,1.2106,1.2146,25790445.6
2025-08-29 08:00:00,1.2146,1.3346,1.1764,1.1852,67765181.22
2025-08-29 12:00:00,1.1852,1.2059,1.1408,1.1451,33392629.32
2025-08-29 16:00:00,1.1451,1.15,1.1154,1.1435,24244443.44
2025-08-29 20:00:00,1.1435,1.1465,1.1244,1.1325,18185212.29
2025-08-30 00:00:00,1.1325,1.1614,1.1127,1.1572,24502798.3
2025-08-30 04:00:00,1.1572,1.1861,1.1421,1.1844,27285689.75
2025-08-30 08:00:00,1.1844,1.1874,1.1735,1.1796,22946821.25
2025-08-30 12:00:00,1.1796,1.225,1.1576,1.2207,36403510.26
2025-08-30 16:00:00,1.2207,1.235,1.184,1.1862,26804327.42
2025-08-30 20:00:00,1.1862,1.2014,1.1669,1.1838,20794087.68
2025-08-31 00:00:00,1.1838,1.1933,1.1783,1.186,20571117.62
2025-08-31 04:00:00,1.186,1.1964,1.1754,1.183,15077876.84
2025-08-31 08:00:00,1.183,1.1933,1.179,1.1812,14222304.84
2025-08-31 12:00:00,1.1812,1.1832,1.1625,1.1758,12948046.38
2025-08-31 16:00:00,1.1758,1.1837,1.1717,1.1724,9326067.06
2025-08-31 20:00:00,1.1724,1.1779,1.1653,1.1691,6808988.66
2025-09-01 00:00:00,1.1691,1.1722,1.1512,1.1592,11345948.43
2025-09-01 04:00:00,1.1592,1.1716,1.1323,1.1714,18251514.52
2025-09-01 08:00:00,1.1714,1.1856,1.1502,1.1552,19486886.49
2025-09-01 12:00:00,1.1552,1.1615,1.1278,1.1313,16562890.6
2025-09-01 16:00:00,1.1313,1.1357,1.1241,1.1305,14076143.39
2025-09-01 20:00:00,1.1305,1.132,1.115,1.1294,13365561.97
2025-09-02 00:00:00,1.1294,1.1496,1.123,1.1431,15814758.35
2025-09-02 04:00:00,1.1431,1.1525,1.1414,1.1465,13607572.07
2025-09-02 08:00:00,1.1465,1.151,1.1351,1.1395,14362426.36
2025-09-02 12:00:00,1.1395,1.1443,1.105,1.1154,29882107.2
2025-09-02 16:00:00,1.1154,1.1247,1.1123,1.1197,21777441.04
2025-09-02 20:00:00,1.1197,1.1326,1.1181,1.1216,16057335.31
2025-09-03 00:00:00,1.1216,1.1219,1.1066,1.1156,17797248.33
2025-09-03 04:00:00,1.1156,1.1231,1.1087,1.1211,16978066.8
2025-09-03 08:00:00,1.1211,1.135,1.1121,1.1266,20683777.4
2025-09-03 12:00:00,1.1266,1.1281,1.1088,1.1151,28191941.86
2025-09-03 16:00:00,1.1151,1.1199,1.1087,1.1186,16496166.32
2025-09-03 20:00:00,1.1186,1.126,1.1126,1.1143,12379748.71
2025-09-04 00:00:00,1.1143,1.1232,1.1096,1.1117,14559500.7
2025-09-04 04:00:00,1.1117,1.1174,1.0778,1.106,23206610.77
2025-09-04 08:00:00,1.106,1.1279,1.1003,1.1188,28875289.15
2025-09-04 12:00:00,1.1188,1.1739,1.1181,1.1265,44991081.82
2025-09-04 16:00:00,1.1265,1.1517,1.1251,1.1371,25569602.79
2025-09-04 20:00:00,1.1371,1.1399,1.127,1.1357,15961033.78
2025-09-05 00:00:00,1.1357,1.1955,1.1322,1.1868,29376871.56
2025-09-05 04:00:00,1.1868,1.1985,1.1578,1.1788,22714140.13
2025-09-05 08:00:00,1.1788,1.1817,1.1636,1.1756,21335232.0
2025-09-05 12:00:00,1.1756,1.1955,1.164,1.1781,29511658.05
2025-09-05 16:00:00,1.1781,1.2,1.1669,1.1729,25752327.26
2025-09-05 20:00:00,1.1729,1.181,1.1707,1.1781,13146481.48
2025-09-06 00:00:00,1.1781,1.1851,1.1669,1.1768,14493249.01
2025-09-06 04:00:00,1.1768,1.1781,1.154,1.1606,16716673.41
2025-09-06 08:00:00,1.1606,1.1746,1.1605,1.1679,16997707.32
2025-09-06 12:00:00,1.1679,1.1733,1.1609,1.1644,13756278.08
2025-09-06 16:00:00,1.1644,1.1646,1.1481,1.1493,12795031.89
2025-09-06 20:00:00,1.1493,1.1542,1.145,1.1477,9184316.89
2025-09-07 00:00:00,1.1477,1.155,1.1452,1.1526,7720961.1
2025-09-07 04:00:00,1.1526,1.1554,1.1462,1.1505,8707039.44
2025-09-07 08:00:00,1.1505,1.1549,1.1432,1.1511,8666437.21
2025-09-07 12:00:00,1.1511,1.1564,1.148,1.156,7783238.6
2025-09-07 16:00:00,1.156,1.1599,1.1509,1.156,5305876.97
2025-09-07 20:00:00,1.156,1.1629,1.1533,1.1605,5312187.13
2025-09-08 00:00:00,1.1605,1.1688,1.1577,1.1654,8037211.69
2025-09-08 04:00:00,1.1654,1.1729,1.1456,1.1529,15077564.0
2025-09-08 08:00:00,1.1529,1.1652,1.1505,1.1633,15003938.01
2025-09-08 12:00:00,1.1633,1.1932,1.1589,1.181,19003621.63
2025-09-08 16:00:00,1.181,1.1846,1.1663,1.1735,21495335.78
2025-09-08 20:00:00,1.1735,1.2352,1.1697,1.1866,26350337.94
2025-09-09 00:00:00,1.1866,1.2218,1.182,1.1969,22204751.73
2025-09-09 04:00:00,1.1969,1.2375,1.19,1.2275,27780335.04
2025-09-09 08:00:00,1.2275,1.299,1.2246,1.2894,38857672.13
2025-09-09 12:00:00,1.2894,1.3028,1.2372,1.2476,31132991.86
2025-09-09 16:00:00,1.2476,1.3382,1.2279,1.3261,27055341.3
2025-09-09 20:00:00,1.3261,1.3589,1.3116,1.3483,26185574.33
2025-09-10 00:00:00,1.3483,1.3826,1.3101,1.3716,34975751.34
2025-09-10 04:00:00,1.3716,1.3856,1.3316,1.3784,34653927.88
2025-09-10 08:00:00,1.3784,1.467,1.3689,1.4472,47852070.08
2025-09-10 12:00:00,1.4472,1.5062,1.4442,1.4662,41765373.43
2025-09-10 16:00:00,1.4662,1.4892,1.4246,1.4488,26567596.16
2025-09-10 20:00:00,1.4488,1.506,1.4488,1.4783,25848467.89
2025-09-11 00:00:00,1.4783,1.5718,1.467,1.5704,33352545.42
2025-09-11 04:00:00,1.5704,1.6759,1.5574,1.6026,43885859.8
2025-09-11 08:00:00,1.6026,1.6521,1.5174,1.5454,32180845.88
2025-09-11 12:00:00,1.5454,1.6454,1.5333,1.5908,41523570.44
2025-09-11 16:00:00,1.5908,1.632,1.5816,1.6296,24697898.13
2025-09-11 20:00:00,1.6296,1.7,1.6095,1.6322,28677628.91
2025-09-12 00:00:00,1.6322,1.67,1.594,1.6088,23698521.83
2025-09-12 04:00:00,1.6088,1.6618,1.5667,1.6018,32054888.34
2025-09-12 08:00:00,1.6018,1.612,1.5706,1.5979,23257485.38
2025-09-12 12:00:00,1.5979,1.6427,1.5979,1.6052,26073584.48
2025-09-12 16:00:00,1.6052,1.644,1.5904,1.6398,22901518.69
2025-09-12 20:00:00,1.6398,1.7279,1.6356,1.7186,30365672.03
2025-09-13 00:00:00,1.7186,1.7627,1.6946,1.7125,27236181.33
2025-09-13 04:00:00,1.7125,1.765,1.7051,1.7202,25215821.23
2025-09-13 08:00:00,1.7202,1.7489,1.702,1.707,22736687.05
2025-09-13 12:00:00,1.707,1.7314,1.6855,1.6884,24367276.72
2025-09-13 16:00:00,1.6884,1.6988,1.5969,1.6367,24389855.28
2025-09-13 20:00:00,1.6367,1.6693,1.631,1.6481,21307414.82
2025-09-14 00:00:00,1.6481,1.6893,1.6175,1.6842,24500106.77
2025-09-14 04:00:00,1.6842,1.7012,1.634,1.6407,28306011.16
2025-09-14 08:00:00,1.6407,1.6575,1.6183,1.6198,22635699.17
2025-09-14 12:00:00,1.6198,1.6615,1.5383,1.5548,31183655.14
2025-09-14 16:00:00,1.5548,1.6228,1.5493,1.6074,20543323.66
2025-09-14 20:00:00,1.6074,1.6519,1.5905,1.6403,22633796.19
2025-09-15 00:00:00,1.6403,1.6878,1.6182,1.6781,27202888.28
2025-09-15 04:00:00,1.6781,1.683,1.628,1.6301,26546625.82
2025-09-15 08:00:00,1.6301,1.7277,1.596,1.7136,39684596.36
2025-09-15 12:00:00,1.7136,1.7307,1.6467,1.6584,34977997.87
2025-09-15 16:00:00,1.6584,1.6689,1.6286,1.6287,26998219.74
2025-09-15 20:00:00,1.6287,1.66,1.6227,1.6344,23011395.87
2025-09-16 00:00:00,1.6344,1.6344,1.6026,1.6081,25445260.76
2025-09-16 04:00:00,1.6081,1.6912,1.6005,1.6866,31913427.94
2025-09-16 08:00:00,1.6866,1.7146,1.6702,1.6845,38359225.48
2025-09-16 12:00:00,1.6845,1.7027,1.6433,1.6874,30118458.59
2025-09-16 16:00:00,1.6874,1.7396,1.6573,1.6586,32531378.91
2025-09-16 20:00:00,1.6586,1.777,1.6524,1.7398,31833466.02
2025-09-17 00:00:00,1.7398,1.7593,1.7231,1.7345,26094243.42
2025-09-17 04:00:00,1.7345,1.7451,1.6807,1.7107,23478528.83
2025-09-17 08:00:00,1.7107,1.714,1.6714,1.6782,23585272.95
2025-09-17 12:00:00,1.6782,1.6878,1.6291,1.634,25562074.39
2025-09-17 16:00:00,1.634,1.6852,1.6312,1.6757,30285642.93
2025-09-17 20:00:00,1.6757,1.7164,1.6435,1.6969,28647985.77
2025-09-18 00:00:00,1.6969,1.7079,1.6735,1.701,23090666.55
2025-09-18 04:00:00,1.701,1.7223,1.672,1.6749,24051837.83
2025-09-18 08:00:00,1.6749,1.7686,1.6668,1.7602,29289019.51
2025-09-18 12:00:00,1.7602,1.8351,1.7581,1.8243,36094672.27
2025-09-18 16:00:00,1.8243,1.8619,1.7764,1.8177,29632811.01
2025-09-18 20:00:00,1.8177,1.8303,1.7726,1.774,23599536.66
2025-09-19 00:00:00,1.774,1.805,1.7448,1.7455,22087060.76
2025-09-19 04:00:00,1.7455,1.7629,1.7178,1.7246,25932894.89
2025-09-19 08:00:00,1.7246,1.75,1.6854,1.6874,23412165.85
2025-09-19 12:00:00,1.6874,1.7178,1.647,1.6648,22371287.98
2025-09-19 16:00:00,1.6648,1.6903,1.65,1.6532,20076815.39
2025-09-19 20:00:00,1.6532,1.6654,1.6424,1.6491,14715394.43
2025-09-20 00:00:00,1.6491,1.6646,1.6393,1.6502,14718936.65
2025-09-20 04:00:00,1.6502,1.6767,1.6458,1.6715,15633704.49
2025-09-20 08:00:00,1.6715,1.7038,1.6621,1.7034,15220244.35
2025-09-20 12:00:00,1.7034,1.7332,1.6957,1.7058,20223325.0
2025-09-20 16:00:00,1.7058,1.7328,1.681,1.687,16524352.99
2025-09-20 20:00:00,1.687,1.6972,1.6677,1.6712,10242056.19
2025-09-21 00:00:00,1.6712,1.6834,1.6643,1.6716,7629227.16
2025-09-21 04:00:00,1.6716,1.6727,1.6437,1.6442,12097346.61
2025-09-21 08:00:00,1.6442,1.652,1.551,1.5595,19803073.15
2025-09-21 12:00:00,1.5595,1.5834,1.5492,1.5748,13331662.29
2025-09-21 16:00:00,1.5748,1.5793,1.5449,1.5661,12050907.23
2025-09-21 20:00:00,1.5661,1.5848,1.551,1.5516,9644857.98
2025-09-22 00:00:00,1.5516,1.5637,1.4938,1.5216,24035578.58
2025-09-22 04:00:00,1.5216,1.6432,1.4478,1.6118,42796292.13
2025-09-22 08:00:00,1.6118,1.6462,1.5757,1.621,28438302.19
2025-09-22 12:00:00,1.621,1.6981,1.6107,1.6652,32035754.94
2025-09-22 16:00:00,1.6652,1.7148,1.6556,1.6705,29792432.8
2025-09-22 20:00:00,1.6705,1.746,1.6691,1.7337,27094142.03
2025-09-23 00:00:00,1.7337,1.749,1.6475,1.6984,31768995.54
2025-09-23 04:00:00,1.6984,1.7648,1.6819,1.7543,29935263.81
2025-09-23 08:00:00,1.7543,1.8285,1.7387,1.8064,36015303.09
2025-09-23 12:00:00,1.8064,1.8517,1.778,1.8483,38867159.07
2025-09-23 16:00:00,1.8483,1.9102,1.7925,1.8033,42883140.82
2025-09-23 20:00:00,1.8033,1.8362,1.7628,1.7634,24241634.27
2025-09-24 00:00:00,1.7634,1.7969,1.7141,1.7141,24904475.83
2025-09-24 04:00:00,1.7141,1.8488,1.7039,1.8429,30367466.68
2025-09-24 08:00:00,1.8429,1.85,1.78,1.8101,28221470.08
2025-09-24 12:00:00,1.8101,1.8198,1.7126,1.7526,29475546.64
2025-09-24 16:00:00,1.7526,1.756,1.6843,1.6929,23745916.15
2025-09-24 20:00:00,1.6929,1.7285,1.6725,1.7276,18843292.23
2025-09-25 00:00:00,1.7276,1.7298,1.6475,1.6631,24926064.04
2025-09-25 04:00:00,1.6631,1.6671,1.6035,1.6206,27903325.86
2025-09-25 08:00:00,1.6206,1.72,1.6192,1.6608,29726039.66
2025-09-25 12:00:00,1.6608,1.6693,1.5801,1.5954,34388004.29
2025-09-25 16:00:00,1.5954,1.6753,1.5627,1.6345,33978583.39
2025-09-25 20:00:00,1.6345,1.6634,1.5975,1.5978,23867094.24
2025-09-26 00:00:00,1.5978,1.6897,1.5825,1.6878,31326827.34
2025-09-26 04:00:00,1.6878,1.7099,1.6623,1.6971,28863451.9
2025-09-26 08:00:00,1.6971,1.7176,1.6476,1.688,31206986.39
2025-09-26 12:00:00,1.688,1.7317,1.6401,1.6557,33735196.48
2025-09-26 16:00:00,1.6557,1.7436,1.6529,1.7007,27345349.62
2025-09-26 20:00:00,1.7007,1.7575,1.6926,1.7523,22930624.51
2025-09-27 00:00:00,1.7523,1.837,1.7355,1.7875,35150621.32
2025-09-27 04:00:00,1.7875,1.8084,1.7162,1.7849,31005264.6
2025-09-27 08:00:00,1.7849,1.8432,1.7566,1.8071,32820248.12
2025-09-27 12:00:00,1.8071,1.8123,1.7538,1.7844,23519852.73
2025-09-27 16:00:00,1.7844,1.7932,1.7455,1.7527,18171488.18
2025-09-27 20:00:00,1.7527,1.7593,1.709,1.7108,16388924.55
2025-09-28 00:00:00,1.7108,1.764,1.6976,1.7374,17813687.19
2025-09-28 04:00:00,1.7374,1.7516,1.7262,1.7273,15280599.85
2025-09-28 08:00:00,1.7273,1.7309,1.681,1.7108,16222698.89
2025-09-28 12:00:00,1.7108,1.747,1.6979,1.7373,14619851.02
2025-09-28 16:00:00,1.7373,1.7699,1.7306,1.7645,12626433.53
2025-09-28 20:00:00,1.7645,1.8026,1.7489,1.7835,14063131.36
2025-09-29 00:00:00,1.7835,1.793,1.7371,1.7427,12965236.36
2025-09-29 04:00:00,1.7427,1.8224,1.7256,1.8204,18772200.8
2025-09-29 08:00:00,1.8204,1.888,1.8153,1.8289,25119084.05
2025-09-29 12:00:00,1.8289,1.9322,1.8219,1.901,23710818.25
2025-09-29 16:00:00,1.901,1.9231,1.8678,1.8975,11010324.69
2025-09-29 20:00:00,1.8975,1.95,1.8242,1.9191,11717014.91
2025-09-30 00:00:00,1.9191,1.9259,1.8304,1.8383,9851942.07
2025-09-30 04:00:00,1.8383,1.8612,1.81,1.844,8390574.57
2025-09-30 08:00:00,1.844,1.9053,1.7914,1.8116,19447477.9
2025-09-30 12:00:00,1.8116,1.821,1.7402,1.7505,18641636.5
2025-09-30 16:00:00,1.7505,1.7845,1.7318,1.7792,13317193.04
2025-09-30 20:00:00,1.7792,1.8104,1.7544,1.767,7212054.97
2025-10-01 00:00:00,1.767,1.7912,1.7372,1.777,8901211.54
2025-10-01 04:00:00,1.777,1.8338,1.7747,1.7988,14185576.7
2025-10-01 08:00:00,1.7988,1.88,1.7915,1.8772,16494913.15
2025-10-01 12:00:00,1.8772,1.929,1.843,1.895,20073885.23
2025-10-01 16:00:00,1.895,1.9467,1.8751,1.8776,20220476.51
2025-10-01 20:00:00,1.8776,1.9,1.8663,1.8986,8478483.12
2025-10-02 00:00:00,1.8986,1.9513,1.8721,1.8979,12715137.45
2025-10-02 04:00:00,1.8979,1.95,1.8764,1.9345,12635133.75
2025-10-02 08:00:00,1.9345,1.9861,1.9327,1.9843,13392776.31
2025-10-02 12:00:00,1.9843,2.0,1.9178,1.9676,19155500.88
2025-10-02 16:00:00,1.9676,1.9747,1.9371,1.959,10635628.38
2025-10-02 20:00:00,1.959,1.992,1.9583,1.9757,7544354.31
2025-10-03 00:00:00,1.9757,1.9809,1.94,1.9409,7305940.34
2025-10-03 04:00:00,1.9409,1.9723,1.92,1.9249,7812080.65
2025-10-03 08:00:00,1.9249,1.9747,1.902,1.9523,10400923.68
2025-10-03 12:00:00,1.9523,1.9716,1.93,1.9572,9825228.38
2025-10-03 16:00:00,1.9572,1.9792,1.93,1.9335,11293988.14
2025-10-03 20:00:00,1.9335,1.945,1.9128,1.926,5951633.53
2025-10-04 00:00:00,1.926,1.9262,1.9035,1.9116,4124853.42
2025-10-04 04:00:00,1.9116,1.98,1.9111,1.9519,8933610.19
2025-10-04 08:00:00,1.9519,1.9662,1.9319,1.9438,8183962.44
2025-10-04 12:00:00,1.9438,1.9522,1.9179,1.9445,5350894.63
2025-10-04 16:00:00,1.9445,1.9665,1.943,1.953,4923913.32
2025-10-04 20:00:00,1.953,1.9779,1.9496,1.9615,4374021.01
2025-10-05 00:00:00,1.9615,1.9999,1.9509,1.9918,6079040.37
2025-10-05 04:00:00,1.9918,2.0566,1.9668,2.0501,12419035.9
2025-10-05 08:00:00,2.0501,2.0971,2.0188,2.0959,14296738.17
2025-10-05 12:00:00,2.0959,2.1299,2.0547,2.0694,17628380.43
2025-10-05 16:00:00,2.0694,2.0832,2.0532,2.0658,7570450.36
2025-10-05 20:00:00,2.0658,2.1276,2.06,2.1172,7341166.04
2025-10-06 00:00:00,2.1172,2.1628,2.0937,2.0977,12300236.96
2025-10-06 04:00:00,2.0977,2.165,2.0887,2.1561,11102664.43
2025-10-06 08:00:00,2.1561,2.2951,2.12,2.2918,19041228.07
2025-10-06 12:00:00,2.2918,2.451,2.2741,2.3915,36033004.27
2025-10-06 16:00:00,2.3915,2.4444,2.3696,2.3895,20561277.28
2025-10-06 20:00:00,2.3895,2.477,2.301,2.4759,19891257.42
2025-10-07 00:00:00,2.4759,2.4834,2.3311,2.3337,13693490.33
2025-10-07 04:00:00,2.3337,2.3705,2.2031,2.2558,19235873.17
2025-10-07 08:00:00,2.2558,2.3798,2.2493,2.3261,15506738.94
2025-10-07 12:00:00,2.3261,2.3734,2.2274,2.2964,18903404.8
2025-10-07 16:00:00,2.2964,2.4002,2.2624,2.3959,18566642.54
2025-10-07 20:00:00,2.3959,2.4525,2.2959,2.2972,18192476.29
2025-10-08 00:00:00,2.2972,2.3921,2.2719,2.2771,15993779.72
2025-10-08 04:00:00,2.2771,2.4279,2.276,2.3882,17836608.73
2025-10-08 08:00:00,2.3882,2.4789,2.3613,2.4318,19932379.04
2025-10-08 12:00:00,2.4318,2.563,2.4201,2.5089,27742072.36
2025-10-08 16:00:00,2.5089,2.8168,2.4811,2.7174,32420586.22
2025-10-08 20:00:00,2.7174,2.7288,2.6129,2.6865,14937915.98
2025-10-09 00:00:00,2.6865,2.8777,2.684,2.7101,26842035.62
2025-10-09 04:00:00,2.7101,2.8335,2.6718,2.6808,22301182.88
2025-10-09 08:00:00,2.6808,2.6808,2.505,2.5824,24875947.67
2025-10-09 12:00:00,2.5824,2.633,2.4172,2.429,23082831.54
2025-10-09 16:00:00,2.429,2.4499,2.2898,2.3575,23363326.6
2025-10-09 20:00:00,2.3575,2.4174,2.3224,2.3398,14291633.53
2025-10-10 00:00:00,2.3398,2.4076,2.2581,2.2867,14971437.42
2025-10-10 04:00:00,2.2867,2.3723,2.1537,2.1913,18949699.71
2025-10-10 08:00:00,2.1913,2.2813,2.17,2.2155,19440647.02
2025-10-10 12:00:00,2.2155,2.2664,1.9988,2.043,31558058.85
2025-10-10 16:00:00,2.043,2.1379,2.0011,2.0486,29734025.8
2025-10-10 20:00:00,2.0486,2.0551,1.1631,1.7185,109815545.39
2025-10-11 00:00:00,1.7185,1.8424,1.6278,1.7412,46269172.7
2025-10-11 04:00:00,1.7412,1.88,1.7399,1.7925,35131543.97
2025-10-11 08:00:00,1.7925,1.8618,1.739,1.7885,27914598.96
2025-10-11 12:00:00,1.7885,1.8132,1.6442,1.7069,30038970.46
2025-10-11 16:00:00,1.7069,1.7281,1.5819,1.5919,24100132.38
2025-10-11 20:00:00,1.5919,1.64,1.5243,1.6224,26767463.09
2025-10-12 00:00:00,1.6224,1.64,1.5,1.5752,25311721.8
2025-10-12 04:00:00,1.5752,1.6899,1.5655,1.6634,24042941.13
2025-10-12 08:00:00,1.6634,1.8552,1.6416,1.8062,33037125.8
2025-10-12 12:00:00,1.8062,2.2029,1.7999,2.1269,63870820.97
2025-10-12 16:00:00,2.1269,2.3067,2.094,2.1957,49846386.18
2025-10-12 20:00:00,2.1957,2.293,2.1095,2.2432,32248466.74
2025-10-13 00:00:00,2.2432,2.2486,2.045,2.0579,28728562.29
2025-10-13 04:00:00,2.0579,2.25,1.953,2.1955,39346759.32
2025-10-13 08:00:00,2.1955,2.2285,2.045,2.0777,32735945.96
2025-10-13 12:00:00,2.0777,2.1916,2.0022,2.0523,38932774.48
2025-10-13 16:00:00,2.0523,2.15,1.9754,2.1262,35571479.04
2025-10-13 20:00:00,2.1262,2.1689,2.1003,2.1171,22695756.36
2025-10-14 00:00:00,2.1171,2.1754,2.0231,2.0242,25243610.43
2025-10-14 04:00:00,2.0242,2.0599,1.8974,1.9265,25853693.81
2025-10-14 08:00:00,1.9265,1.933,1.766,1.8592,29314420.26
2025-10-14 12:00:00,1.8592,1.9766,1.7938,1.9758,29963518.79
2025-10-14 16:00:00,1.9758,2.065,1.9128,1.9674,28452356.88
2025-10-14 20:00:00,1.9674,2.0253,1.96,1.9747,13080324.15
2025-10-15 00:00:00,1.9747,2.0343,1.9198,1.9285,16942104.77
2025-10-15 04:00:00,1.9285,1.9552,1.8733,1.9417,16638003.7
2025-10-15 08:00:00,1.9417,2.005,1.9168,1.953,18368144.0
2025-10-15 12:00:00,1.953,1.9654,1.825,1.8409,21561082.36
2025-10-15 16:00:00,1.8409,1.8974,1.8155,1.8434,17200991.82
2025-10-15 20:00:00,1.8434,1.8547,1.787,1.8129,18617075.23
2025-10-16 00:00:00,1.8129,1.8589,1.7752,1.8405,14522777.47
2025-10-16 04:00:00,1.8405,1.8959,1.8118,1.8639,13393707.09
2025-10-16 08:00:00,1.8639,1.8824,1.7502,1.864,19448247.45
2025-10-16 12:00:00,1.864,1.9177,1.7174,1.7249,24744260.95
2025-10-16 16:00:00,1.7249,1.7516,1.6706,1.7174,25628144.07
2025-10-16 20:00:00,1.7174,1.7449,1.66,1.7142,14116034.09
2025-10-17 00:00:00,1.7142,1.736,1.6868,1.7063,10791546.2
2025-10-17 04:00:00,1.7063,1.7095,1.5149,1.5177,23208496.21
2025-10-17 08:00:00,1.5177,1.6435,1.5101,1.6096,28203170.85
2025-10-17 12:00:00,1.6096,1.625,1.5232,1.5926,23012331.08
2025-10-17 16:00:00,1.5926,1.6151,1.5692,1.5855,14639957.14
2025-10-17 20:00:00,1.5855,1.6339,1.5788,1.6032,8342079.47
2025-10-18 00:00:00,1.6032,1.671,1.5914,1.6665,9179295.67
2025-10-18 04:00:00,1.6665,1.6807,1.6171,1.6504,11556813.47
2025-10-18 08:00:00,1.6504,1.6675,1.63,1.656,8667217.6
2025-10-18 12:00:00,1.656,1.6637,1.6005,1.6242,9835941.13
2025-10-18 16:00:00,1.6242,1.6442,1.5806,1.6418,8524244.16
2025-10-18 20:00:00,1.6418,1.6722,1.6312,1.6685,7009379.03
2025-10-19 00:00:00,1.6685,1.7737,1.6438,1.77,10592217.63
2025-10-19 04:00:00,1.77,1.789,1.7133,1.7311,12956455.83
2025-10-19 08:00:00,1.7311,1.8039,1.6941,1.7648,17304063.57
2025-10-19 12:00:00,1.7648,1.89,1.745,1.8415,17299929.74
2025-10-19 16:00:00,1.8415,1.8594,1.8174,1.836,9669471.77
2025-10-19 20:00:00,1.836,1.9098,1.8213,1.8625,12939099.34
2025-10-20 00:00:00,1.8625,1.9384,1.8045,1.9289,15321630.52
2025-10-20 04:00:00,1.9289,1.9619,1.8729,1.8792,14246539.22
2025-10-20 08:00:00,1.8792,1.9148,1.8025,1.8297,14584800.86
2025-10-20 12:00:00,1.8297,1.865,1.7988,1.8225,11465812.74
2025-10-20 16:00:00,1.8225,1.8392,1.7452,1.7828,12310948.96
2025-10-20 20:00:00,1.7828,1.8335,1.775,1.8105,6459317.56
2025-10-21 00:00:00,1.8105,1.8138,1.7419,1.748,8798586.36
2025-10-21 04:00:00,1.748,1.7617,1.6927,1.7456,13940028.9
2025-10-21 08:00:00,1.7456,1.7467,1.6945,1.7246,10438702.85
2025-10-21 12:00:00,1.7246,1.849,1.7055,1.8338,17794214.22
2025-10-21 16:00:00,1.8338,1.8484,1.7133,1.7262,14332894.56
2025-10-21 20:00:00,1.7262,1.7339,1.62,1.6301,11403729.84
2025-10-22 00:00:00,1.6301,1.6472,1.5735,1.5868,11390890.33
2025-10-22 04:00:00,1.5868,1.6079,1.5667,1.6052,10257877.85
2025-10-22 08:00:00,1.6052,1.631,1.5791,1.6108,12487441.38
2025-10-22 12:00:00,1.6108,1.66,1.6086,1.6388,12955636.35
2025-10-22 16:00:00,1.6388,1.6678,1.6048,1.6296,9581647.73
2025-10-22 20:00:00,1.6296,1.6386,1.53,1.5948,10231706.78
2025-10-23 00:00:00,1.5948,1.6681,1.5815,1.6482,8072988.06
2025-10-23 04:00:00,1.6482,1.7031,1.6371,1.6773,10456833.04
2025-10-23 08:00:00,1.6773,1.713,1.6633,1.6715,8648975.77
2025-10-23 12:00:00,1.6715,1.7087,1.6522,1.6791,11712965.44
2025-10-23 16:00:00,1.6791,1.7197,1.6685,1.6795,9473381.37
2025-10-23 20:00:00,1.6795,1.6916,1.6581,1.6851,4504197.6
2025-10-24 00:00:00,1.6851,1.725,1.6658,1.6778,7207155.92
2025-10-24 04:00:00,1.6778,1.715,1.671,1.692,8314396.69
2025-10-24 08:00:00,1.692,1.71,1.6684,1.6824,7618493.93
2025-10-24 12:00:00,1.6824,1.7321,1.611,1.6241,17101142.38
2025-10-24 16:00:00,1.6241,1.6582,1.6105,1.6487,7925662.43
2025-10-24 20:00:00,1.6487,1.6612,1.6375,1.6444,4489942.65
2025-10-25 00:00:00,1.6444,1.6566,1.6241,1.6326,5580789.59
2025-10-25 04:00:00,1.6326,1.6499,1.6213,1.643,5852602.49
2025-10-25 08:00:00,1.643,1.6663,1.6401,1.6527,5535864.72
2025-10-25 12:00:00,1.6527,1.6608,1.6326,1.6367,6082488.19
2025-10-25 16:00:00,1.6367,1.6822,1.6321,1.674,5294961.57
2025-10-25 20:00:00,1.674,1.68,1.6547,1.6593,4035971.32
2025-10-26 00:00:00,1.6593,1.6793,1.6279,1.632,6385660.92
2025-10-26 04:00:00,1.632,1.6633,1.6302,1.6619,3441610.68
2025-10-26 08:00:00,1.6619,1.7972,1.6538,1.79,13659723.69
2025-10-26 12:00:00,1.79,1.7994,1.7271,1.7519,11017842.61
2025-10-26 16:00:00,1.7519,1.7567,1.7351,1.7449,4706386.99
2025-10-26 20:00:00,1.7449,1.8,1.7244,1.7744,8546944.03
2025-10-27 00:00:00,1.7744,1.7962,1.6996,1.7218,9579139.91
2025-10-27 04:00:00,1.7218,1.7586,1.7166,1.7273,11140199.17
2025-10-27 08:00:00,1.7273,1.7296,1.675,1.6963,10662239.56
2025-10-27 12:00:00,1.6963,1.6999,1.65,1.6816,10098326.02
2025-10-27 16:00:00,1.6816,1.7233,1.681,1.6953,7684787.69
2025-10-27 20:00:00,1.6953,1.6954,1.653,1.6642,6564520.51
2025-10-28 00:00:00,1.6642,1.6921,1.6599,1.6756,6542317.72
2025-10-28 04:00:00,1.6756,1.6756,1.5825,1.6338,9821791.91
2025-10-28 08:00:00,1.6338,1.6608,1.6243,1.6455,6343859.29
2025-10-28 12:00:00,1.6455,1.6853,1.6257,1.6357,8725405.15
2025-10-28 16:00:00,1.6357,1.6547,1.5934,1.6044,8306451.04
2025-10-28 20:00:00,1.6044,1.614,1.577,1.6076,7857092.32
2025-10-29 00:00:00,1.6076,1.6171,1.5864,1.593,5221993.25
2025-10-29 04:00:00,1.593,1.596,1.55,1.5649,9941442.3
2025-10-29 08:00:00,1.5649,1.603,1.5605,1.597,5441592.37
2025-10-29 12:00:00,1.597,1.6118,1.56,1.5749,7394202.7
2025-10-29 16:00:00,1.5749,1.617,1.5518,1.6047,11685655.33
2025-10-29 20:00:00,1.6047,1.6309,1.5811,1.5852,5594396.09
2025-10-30 00:00:00,1.5852,1.6381,1.5739,1.6191,6793480.19
2025-10-30 04:00:00,1.6191,1.6198,1.552,1.6129,9864271.34
2025-10-30 08:00:00,1.6129,1.6141,1.5384,1.5594,7584550.7
2025-10-30 12:00:00,1.5594,1.5633,1.4678,1.4726,16322981.35
2025-10-30 16:00:00,1.4726,1.4832,1.3744,1.3829,17556804.09
2025-10-30 20:00:00,1.3829,1.4469,1.3776,1.4401,9031859.26
2025-10-31 00:00:00,1.4401,1.4563,1.4134,1.4289,8084158.87
2025-10-31 04:00:00,1.4289,1.4769,1.4276,1.4674,7336790.17
2025-10-31 08:00:00,1.4674,1.4737,1.4358,1.4658,6843743.53
2025-10-31 12:00:00,1.4658,1.4964,1.4478,1.4751,9035778.4
2025-10-31 16:00:00,1.4751,1.4781,1.4209,1.4678,8843885.11
2025-10-31 20:00:00,1.4678,1.47,1.4472,1.4547,3803233.23
2025-11-01 00:00:00,1.4547,1.4671,1.4336,1.4369,5054786.23
2025-11-01 04:00:00,1.4369,1.4521,1.4242,1.4521,5758245.8
2025-11-01 08:00:00,1.4521,1.4586,1.4341,1.449,4788317.63
2025-11-01 12:00:00,1.449,1.4508,1.4044,1.4324,6600895.64
2025-11-01 16:00:00,1.4324,1.4509,1.4291,1.4408,5111398.64
2025-11-01 20:00:00,1.4408,1.4459,1.422,1.4429,2997528.63
2025-11-02 00:00:00,1.4429,1.4436,1.4156,1.4182,3939876.59
2025-11-02 04:00:00,1.4182,1.4605,1.4167,1.454,5962415.0
2025-11-02 08:00:00,1.454,1.463,1.4142,1.4399,6028003.86
2025-11-02 12:00:00,1.4399,1.44,1.3978,1.3985,6943375.18
2025-11-02 16:00:00,1.3985,1.4114,1.3861,1.4033,5300718.12
2025-11-02 20:00:00,1.4033,1.4348,1.4004,1.4306,3797918.76
2025-11-03 00:00:00,1.4306,1.4331,1.3,1.3011,12519008.15
2025-11-03 04:00:00,1.3011,1.3188,1.268,1.2901,12056160.52
2025-11-03 08:00:00,1.2901,1.3048,1.2725,1.2863,23228237.9
2025-11-03 12:00:00,1.2863,1.3024,1.1869,1.2226,20201501.85
2025-11-03 16:00:00,1.2226,1.2692,1.2151,1.2215,10376256.8
2025-11-03 20:00:00,1.2215,1.2387,1.1867,1.2285,9922143.08
2025-11-04 00:00:00,1.2285,1.2611,1.2172,1.2495,10598851.35
2025-11-04 04:00:00,1.2495,1.2557,1.17,1.1847,17171882.17
2025-11-04 08:00:00,1.1847,1.2487,1.1777,1.2426,13739852.45
2025-11-04 12:00:00,1.2426,1.2736,1.2196,1.2361,13028222.34
2025-11-04 16:00:00,1.2361,1.2646,1.1895,1.2582,18122408.91
2025-11-04 20:00:00,1.2582,1.331,1.1938,1.2708,28814469.7
2025-11-05 00:00:00,1.2708,1.2781,1.207,1.2566,14882496.37
2025-11-05 04:00:00,1.2566,1.2929,1.2518,1.2887,8338230.75
2025-11-05 08:00:00,1.2887,1.289,1.2335,1.2662,10946710.81
2025-11-05 12:00:00,1.2662,1.2844,1.2548,1.2783,9459957.22
2025-11-05 16:00:00,1.2783,1.2874,1.2641,1.2787,6949555.73
2025-11-05 20:00:00,1.2787,1.286,1.2394,1.2484,6212068.28
2025-11-06 00:00:00,1.2484,1.2484,1.2,1.2277,9188376.86
2025-11-06 04:00:00,1.2277,1.2412,1.2011,1.2117,7947806.62
2025-11-06 08:00:00,1.2117,1.2372,1.2034,1.2331,6738489.72
2025-11-06 12:00:00,1.2331,1.2451,1.2024,1.2225,10207242.97
2025-11-06 16:00:00,1.2225,1.238,1.2055,1.2299,6951646.96
2025-11-06 20:00:00,1.2299,1.239,1.2056,1.2121,4593877.19
2025-11-07 00:00:00,1.2121,1.2438,1.2085,1.2361,7563414.82
2025-11-07 04:00:00,1.2361,1.2816,1.2288,1.2809,7581935.73
2025-11-07 08:00:00,1.2809,1.3462,1.2363,1.2606,17467196.78
2025-11-07 12:00:00,1.2606,1.2985,1.2205,1.2934,14176604.31
2025-11-07 16:00:00,1.2934,1.3599,1.29,1.3427,18180086.2
2025-11-07 20:00:00,1.3427,1.3445,1.2899,1.2924,6742624.28
2025-11-08 00:00:00,1.2924,1.3035,1.2597,1.2604,9081324.31
2025-11-08 04:00:00,1.2604,1.3101,1.26,1.3053,10477194.19
2025-11-08 08:00:00,1.3053,1.3362,1.2925,1.3151,7797970.45
2025-11-08 12:00:00,1.3151,1.3236,1.2602,1.2786,9065357.26
2025-11-08 16:00:00,1.2786,1.3466,1.2714,1.3227,8501756.21
2025-11-08 20:00:00,1.3227,1.3669,1.3223,1.3368,4614630.12
2025-11-09 00:00:00,1.3368,1.3564,1.3084,1.3186,5861001.87
2025-11-09 04:00:00,1.3186,1.342,1.2971,1.3209,8919181.41
2025-11-09 08:00:00,1.3209,1.3404,1.2825,1.3092,13009591.93
2025-11-09 12:00:00,1.3092,1.3589,1.285,1.33,14598505.13
2025-11-09 16:00:00,1.33,1.3485,1.3093,1.3419,11277311.9
2025-11-09 20:00:00,1.3419,1.3602,1.3253,1.3359,4926496.21
2025-11-10 00:00:00,1.3359,1.3754,1.3213,1.3495,8128332.82
2025-11-10 04:00:00,1.3495,1.353,1.3308,1.3426,6715255.12
2025-11-10 08:00:00,1.3426,1.3524,1.3129,1.3386,9758192.77
2025-11-10 12:00:00,1.3386,1.3461,1.3006,1.3066,7665127.04
2025-11-10 16:00:00,1.3066,1.3196,1.2878,1.3143,5911684.69
2025-11-10 20:00:00,1.3143,1.326,1.2956,1.3212,4086425.08
2025-11-11 00:00:00,1.3212,1.3404,1.3023,1.3276,6413028.64
2025-11-11 04:00:00,1.3276,1.3302,1.2768,1.2774,7220429.57
2025-11-11 08:00:00,1.2774,1.2838,1.2329,1.2577,14541407.6
2025-11-11 12:00:00,1.2577,1.2751,1.2459,1.261,8864472.72
2025-11-11 16:00:00,1.261,1.2725,1.2471,1.2519,5755232.82
2025-11-11 20:00:00,1.2519,1.2564,1.2358,1.2379,4135107.65
2025-11-12 00:00:00,1.2379,1.2542,1.2297,1.2481,4925812.95
2025-11-12 04:00:00,1.2481,1.268,1.2451,1.2538,3408490.28
2025-11-12 08:00:00,1.2538,1.2922,1.2534,1.2861,5919392.46
2025-11-12 12:00:00,1.2861,1.3058,1.247,1.2533,10219286.47
2025-11-12 16:00:00,1.2533,1.2813,1.2358,1.2527,12223420.73
2025-11-12 20:00:00,1.2527,1.2743,1.2514,1.2645,4344022.45
2025-11-13 00:00:00,1.2645,1.2883,1.2609,1.2775,4944796.86
2025-11-13 04:00:00,1.2775,1.3022,1.2738,1.2883,5293132.18
2025-11-13 08:00:00,1.2883,1.3058,1.2751,1.281,7258832.42
2025-11-13 12:00:00,1.281,1.295,1.252,1.2538,9724479.86
2025-11-13 16:00:00,1.2538,1.2592,1.192,1.2011,10390137.58
2025-11-13 20:00:00,1.2011,1.2342,1.1913,1.2234,5166733.21
2025-11-14 00:00:00,1.2234,1.2245,1.2036,1.2079,5689212.86
2025-11-14 04:00:00,1.2079,1.2401,1.1588,1.2212,14450296.12
2025-11-14 08:00:00,1.2212,1.2212,1.1661,1.1753,7006707.48
2025-11-14 12:00:00,1.1753,1.2067,1.1562,1.1971,11971053.65
2025-11-14 16:00:00,1.1971,1.21,1.1868,1.2015,5495779.19
2025-11-14 20:00:00,1.2015,1.2015,1.1621,1.1708,5256759.0
2025-11-15 00:00:00,1.1708,1.204,1.1694,1.1991,4550505.31
2025-11-15 04:00:00,1.1991,1.2089,1.1953,1.2003,3014092.99
2025-11-15 08:00:00,1.2003,1.2005,1.1718,1.1838,4436974.08
2025-11-15 12:00:00,1.1838,1.2022,1.1826,1.1966,3529702.9
2025-11-15 16:00:00,1.1966,1.2082,1.1888,1.198,3568126.34
2025-11-15 20:00:00,1.198,1.2021,1.1893,1.2021,2113656.13
2025-11-16 00:00:00,1.2021,1.2188,1.1926,1.2163,4688949.69
2025-11-16 04:00:00,1.2163,1.22,1.2074,1.2163,3692135.28
2025-11-16 08:00:00,1.2163,1.22,1.2003,1.2023,5016247.17
2025-11-16 12:00:00,1.2023,1.2061,1.175,1.1763,6026580.61
2025-11-16 16:00:00,1.1763,1.2067,1.1726,1.194,8818290.9
2025-11-16 20:00:00,1.194,1.2012,1.1671,1.193,5551056.36
2025-11-17 00:00:00,1.193,1.2026,1.181,1.1916,4505714.6
2025-11-17 04:00:00,1.1916,1.1985,1.1855,1.1958,2909227.76
2025-11-17 08:00:00,1.1958,1.2019,1.1926,1.1986,3057471.89
2025-11-17 12:00:00,1.1986,1.21,1.1611,1.1682,10477090.92
2025-11-17 16:00:00,1.1682,1.1707,1.1011,1.1026,11520026.28
2025-11-17 20:00:00,1.1026,1.1151,1.0967,1.1073,6270274.73
2025-11-18 00:00:00,1.1073,1.1115,1.0483,1.0767,11742294.68
2025-11-18 04:00:00,1.0767,1.0903,1.0537,1.0779,8814377.76
2025-11-18 08:00:00,1.0779,1.0933,1.0708,1.0817,6372088.55
2025-11-18 12:00:00,1.0817,1.1147,1.0673,1.1111,9035729.98
2025-11-18 16:00:00,1.1111,1.1392,1.1029,1.109,8300370.23
2025-11-18 20:00:00,1.109,1.1152,1.0947,1.1096,3732909.42
2025-11-19 00:00:00,1.1096,1.1292,1.0965,1.1217,5240770.42
2025-11-19 04:00:00,1.1217,1.1287,1.0855,1.1157,5782722.95
2025-11-19 08:00:00,1.1157,1.1252,1.1036,1.1201,4659339.16
2025-11-19 12:00:00,1.1201,1.1287,1.099,1.0992,8018627.65
2025-11-19 16:00:00,1.0992,1.1069,1.0521,1.0637,9816039.0
2025-11-19 20:00:00,1.0637,1.119,1.0604,1.1188,6548468.15
2025-11-20 00:00:00,1.1188,1.1273,1.1052,1.113,4597086.05
2025-11-20 04:00:00,1.113,1.1145,1.097,1.1115,5084504.96
2025-11-20 08:00:00,1.1115,1.1137,1.096,1.1076,5289528.48
2025-11-20 12:00:00,1.1076,1.1153,1.076,1.077,7750745.46
2025-11-20 16:00:00,1.077,1.079,1.0373,1.0514,11664048.93
2025-11-20 20:00:00,1.0514,1.0717,1.0416,1.0436,4966207.48
2025-11-21 00:00:00,1.0436,1.0575,1.015,1.0258,8466495.32
2025-11-21 04:00:00,1.0258,1.0273,0.86,0.9434,15237257.29
2025-11-21 08:00:00,0.9434,0.9552,0.9108,0.9143,10143628.09
2025-11-21 12:00:00,0.9143,0.9461,0.887,0.927,13557553.67
2025-11-21 16:00:00,0.927,0.9683,0.9147,0.9398,10717639.43
2025-11-21 20:00:00,0.9398,0.9524,0.9233,0.9474,7147112.18
2025-11-22 00:00:00,0.9474,0.9604,0.9458,0.9549,4944773.31
2025-11-22 04:00:00,0.9549,0.9691,0.9324,0.9587,7781663.58
2025-11-22 08:00:00,0.9587,0.9667,0.9396,0.9539,6314478.13
2025-11-22 12:00:00,0.9539,0.9696,0.9483,0.9686,5704414.03
2025-11-22 16:00:00,0.9686,0.9913,0.9677,0.9887,5271107.12
2025-11-22 20:00:00,0.9887,0.9975,0.9764,0.9875,4675224.41
2025-11-23 00:00:00,0.9875,1.021,0.9873,1.0204,5390916.45
2025-11-23 04:00:00,1.0204,1.066,1.0075,1.0222,11654168.7
2025-11-23 08:00:00,1.0222,1.0389,1.0019,1.0129,7705309.89
2025-11-23 12:00:00,1.0129,1.0269,1.0065,1.0157,8485279.22
2025-11-23 16:00:00,1.0157,1.0262,1.0089,1.0191,6360768.93
2025-11-23 20:00:00,1.0191,1.035,1.0154,1.0158,4137644.6
2025-11-24 00:00:00,1.0158,1.0365,1.0063,1.0298,6454398.42
2025-11-24 04:00:00,1.0298,1.0309,1.0115,1.0192,5930493.66
2025-11-24 08:00:00,1.0192,1.0269,1.008,1.0108,6780457.93
2025-11-24 12:00:00,1.0108,1.0108,0.9784,0.9926,8604261.57
2025-11-24 16:00:00,0.9926,1.0335,0.9926,1.0177,9477031.33
2025-11-24 20:00:00,1.0177,1.0314,1.0177,1.0217,4320441.17
2025-11-25 00:00:00,1.0217,1.0304,1.0064,1.0127,3896828.04
2025-11-25 04:00:00,1.0127,1.0207,1.0,1.0029,4840467.71
2025-11-25 08:00:00,1.0029,1.0152,0.9797,1.0014,7626083.21
2025-11-25 12:00:00,1.0014,1.0189,0.9845,1.0072,9345948.33
2025-11-25 16:00:00,1.0072,1.0256,1.0039,1.0143,6823617.51
2025-11-25 20:00:00,1.0143,1.0319,1.0069,1.0263,4302174.7
2025-11-26 00:00:00,1.0263,1.0339,1.0116,1.0136,2878034.68
2025-11-26 04:00:00,1.0136,1.0175,1.0074,1.0134,2721903.88
2025-11-26 08:00:00,1.0134,1.0139,0.9978,1.0026,4427155.0
2025-11-26 12:00:00,1.0026,1.0076,0.993,1.0018,6231933.3
2025-11-26 16:00:00,1.0018,1.0541,1.0014,1.0473,8799760.53
2025-11-26 20:00:00,1.0473,1.0778,1.0417,1.0697,5738692.96
2025-11-27 00:00:00,1.0697,1.0916,1.0633,1.0739,6016328.1
2025-11-27 04:00:00,1.0739,1.0787,1.0485,1.0488,4402552.16
2025-11-27 08:00:00,1.0488,1.0799,1.0437,1.0629,6755618.49
2025-11-27 12:00:00,1.0629,1.0762,1.0556,1.0742,4479204.44
2025-11-27 16:00:00,1.0742,1.0832,1.071,1.0796,3508738.5
2025-11-27 20:00:00,1.0796,1.0809,1.0616,1.0632,2506462.79
2025-11-28 00:00:00,1.0632,1.0636,1.0446,1.058,2907246.24
2025-11-28 04:00:00,1.058,1.0744,1.035,1.0582,7170061.72
2025-11-28 08:00:00,1.0582,1.1014,1.0582,1.096,6102473.8
2025-11-28 12:00:00,1.096,1.1068,1.07,1.085,8544032.74
2025-11-28 16:00:00,1.085,1.0853,1.0403,1.0714,7852242.39
2025-11-28 20:00:00,1.0714,1.0796,1.0659,1.0756,2875903.81
2025-11-29 00:00:00,1.0756,1.0845,1.0699,1.0705,2189414.11
2025-11-29 04:00:00,1.0705,1.1031,1.06,1.0696,7520186.73
2025-11-29 08:00:00,1.0696,1.1002,1.0684,1.0872,6715587.34
2025-11-29 12:00:00,1.0872,1.0951,1.0488,1.0857,7977718.05
2025-11-29 16:00:00,1.0857,1.0862,1.0651,1.0696,3456506.5
2025-11-29 20:00:00,1.0696,1.11,1.0695,1.087,5672859.93
2025-11-30 00:00:00,1.087,1.0915,1.0736,1.0833,2533172.49
2025-11-30 04:00:00,1.0833,1.12,1.05,1.1032,11506869.46
2025-11-30 08:00:00,1.1032,1.1237,1.0813,1.0853,8059552.27
2025-11-30 12:00:00,1.0853,1.13,1.0824,1.0974,13114863.39
2025-11-30 16:00:00,1.0974,1.125,1.0861,1.0913,14197340.69
2025-11-30 20:00:00,1.0913,1.0985,1.0654,1.0661,3477687.5
2025-12-01 00:00:00,1.0661,1.069,0.9855,0.9858,11105499.29
2025-12-01 04:00:00,0.9858,1.0047,0.9673,1.0038,5641398.47
2025-12-01 08:00:00,1.0038,1.0065,0.9851,0.986,6056070.29
2025-12-01 12:00:00,0.986,0.9864,0.948,0.9627,9215029.9
2025-12-01 16:00:00,0.9627,0.9749,0.9577,0.9709,5094772.56
2025-12-01 20:00:00,0.9709,0.988,0.95,0.9754,7399665.41
2025-12-02 00:00:00,0.9754,1.0113,0.9691,0.9928,5160202.1
2025-12-02 04:00:00,0.9928,0.9965,0.9646,0.983,6698236.4
2025-12-02 08:00:00,0.983,1.01,0.9673,0.9833,17206709.91
2025-12-02 12:00:00,0.9833,1.0395,0.9819,1.0353,8908710.64
2025-12-02 16:00:00,1.0353,1.0445,1.024,1.0301,7309829.23
2025-12-02 20:00:00,1.0301,1.038,1.019,1.0249,4578682.53
2025-12-03 00:00:00,1.0249,1.04,1.0231,1.0371,4066229.55
2025-12-03 04:00:00,1.0371,1.0607,1.0367,1.0419,6284586.53
2025-12-03 08:00:00,1.0419,1.075,1.038,1.0628,8674926.25
2025-12-03 12:00:00,1.0628,1.0757,1.0409,1.0641,8373309.22
2025-12-03 16:00:00,1.0641,1.0833,1.0568,1.0785,4987809.22
2025-12-03 20:00:00,1.0785,1.1129,1.0784,1.1056,4514071.72
2025-12-04 00:00:00,1.1056,1.1347,1.0897,1.1012,10415750.69
2025-12-04 04:00:00,1.1012,1.1013,1.0825,1.0914,3293547.21
2025-12-04 08:00:00,1.0914,1.093,1.0765,1.0805,4970221.84
2025-12-04 12:00:00,1.0805,1.0824,1.0474,1.0682,8102837.12
2025-12-04 16:00:00,1.0682,1.0886,1.0433,1.0585,10595904.68
2025-12-04 20:00:00,1.0585,1.0624,1.0503,1.0569,2938886.49
2025-12-05 00:00:00,1.0569,1.09,1.0542,1.0641,7036361.95
2025-12-05 04:00:00,1.0641,1.0704,1.0565,1.0699,3085705.76
2025-12-05 08:00:00,1.0699,1.0796,1.0416,1.0641,6572808.16
2025-12-05 12:00:00,1.0641,1.0687,1.0473,1.0557,5945307.75
2025-12-05 16:00:00,1.0557,1.1044,1.0232,1.0944,18481250.81
2025-12-05 20:00:00,1.0944,1.098,1.0829,1.0884,2905589.63
2025-12-06 00:00:00,1.0884,1.1042,1.0559,1.0906,5446318.61
2025-12-06 04:00:00,1.0906,1.0959,1.063,1.0657,4677765.02
2025-12-06 08:00:00,1.0657,1.0769,1.0599,1.0734,4043171.03
2025-12-06 12:00:00,1.0734,1.0894,1.068,1.0834,4089200.26
2025-12-06 16:00:00,1.0834,1.0855,1.0575,1.0648,5974580.18
2025-12-06 20:00:00,1.0648,1.0723,1.0616,1.0652,1969310.83
2025-12-07 00:00:00,1.0652,1.0777,1.0633,1.0743,1789293.77
2025-12-07 04:00:00,1.0743,1.09,1.055,1.0717,4971249.93
2025-12-07 08:00:00,1.0717,1.0889,1.0665,1.0867,3876724.78
2025-12-07 12:00:00,1.0867,1.1003,1.068,1.0913,6527628.73
2025-12-07 16:00:00,1.0913,1.1347,1.0849,1.1285,8263527.12
2025-12-07 20:00:00,1.1285,1.1304,1.0848,1.0953,4254880.31
2025-12-08 00:00:00,1.0953,1.12,1.0799,1.1146,7411423.75
2025-12-08 04:00:00,1.1146,1.1219,1.111,1.116,2662868.55
2025-12-08 08:00:00,1.116,1.1398,1.1156,1.1356,4583099.39
2025-12-08 12:00:00,1.1356,1.1378,1.1045,1.1156,8776837.15
2025-12-08 16:00:00,1.1156,1.1214,1.0828,1.0953,15275366.71
2025-12-08 20:00:00,1.0953,1.1109,1.0929,1.0936,2955325.96
2025-12-09 00:00:00,1.0936,1.13,1.0868,1.1287,9359135.76
2025-12-09 04:00:00,1.1287,1.1366,1.0981,1.1135,5830601.13
2025-12-09 08:00:00,1.1135,1.1135,1.1026,1.1074,4148148.44
2025-12-09 12:00:00,1.1074,1.1336,1.103,1.1289,5707077.37
2025-12-09 16:00:00,1.1289,1.1557,1.095,1.1333,28205440.61
2025-12-09 20:00:00,1.1333,1.1333,1.104,1.1136,3742168.95
2025-12-10 00:00:00,1.1136,1.1628,1.1,1.1476,13010436.07
2025-12-10 04:00:00,1.1476,1.1712,1.1419,1.1483,5275104.21
2025-12-10 08:00:00,1.1483,1.1683,1.1414,1.1538,6857086.74
2025-12-10 12:00:00,1.1538,1.1897,1.1476,1.1649,8545923.44
2025-12-10 16:00:00,1.1649,1.18,1.1398,1.171,21425541.66
2025-12-10 20:00:00,1.171,1.189,1.1477,1.1656,5678050.85
2025-12-11 00:00:00,1.1656,1.1724,1.117,1.1341,8692627.24
2025-12-11 04:00:00,1.1341,1.1502,1.1232,1.1452,4359141.85
2025-12-11 08:00:00,1.1452,1.1536,1.1373,1.15,4402532.75
2025-12-11 12:00:00,1.15,1.1503,1.1237,1.1355,5713282.08
2025-12-11 16:00:00,1.1355,1.1667,1.1271,1.1531,7135199.18
2025-12-11 20:00:00,1.1531,1.1988,1.1529,1.1982,5521662.09
2025-12-12 00:00:00,1.1982,1.21,1.1698,1.208,9106644.41
2025-12-12 04:00:00,1.208,1.2305,1.1937,1.2027,7561727.52
2025-12-12 08:00:00,1.2027,1.2762,1.2016,1.2756,7381386.07
2025-12-12 12:00:00,1.2756,1.2758,1.2155,1.2228,9558415.01
2025-12-12 16:00:00,1.2228,1.2483,1.2166,1.2269,8240828.53
2025-12-12 20:00:00,1.2269,1.2621,1.226,1.2524,4302842.74
2025-12-13 00:00:00,1.2524,1.2751,1.2371,1.2614,6073057.84
2025-12-13 04:00:00,1.2614,1.2631,1.2401,1.2403,3431817.51
2025-12-13 08:00:00,1.2403,1.2872,1.2377,1.2866,8464149.75
2025-12-13 12:00:00,1.2866,1.2911,1.2577,1.27,5983185.61
2025-12-13 16:00:00,1.27,1.281,1.2641,1.2648,3322735.57
2025-12-13 20:00:00,1.2648,1.336,1.252,1.3297,8805862.3
2025-12-14 00:00:00,1.3297,1.3523,1.3163,1.3174,6543546.17
2025-12-14 04:00:00,1.3174,1.3189,1.276,1.2999,7025053.5
2025-12-14 08:00:00,1.2999,1.3089,1.2729,1.2807,6273472.1
2025-12-14 12:00:00,1.2807,1.3245,1.2798,1.2896,7408685.28
2025-12-14 16:00:00,1.2896,1.32,1.2796,1.3029,8950333.21
2025-12-14 20:00:00,1.3029,1.3051,1.2368,1.2491,6258835.47
2025-12-15 00:00:00,1.2491,1.305,1.2252,1.2984,10877545.77
2025-12-15 04:00:00,1.2984,1.318,1.2886,1.2991,7921771.0
2025-12-15 08:00:00,1.2991,1.304,1.2713,1.2776,6093354.3
2025-12-15 12:00:00,1.2776,1.2874,1.2163,1.2376,12845356.08
2025-12-15 16:00:00,1.2376,1.285,1.2297,1.2734,17155534.69
2025-12-15 20:00:00,1.2734,1.3023,1.245,1.2884,11348643.04
2025-12-16 00:00:00,1.2884,1.2994,1.2382,1.2487,5562799.17
2025-12-16 04:00:00,1.2487,1.285,1.244,1.2671,5398429.11
2025-12-16 08:00:00,1.2671,1.2676,1.2396,1.2436,6607952.37
2025-12-16 12:00:00,1.2436,1.2632,1.2316,1.2595,7752426.16
2025-12-16 16:00:00,1.2595,1.2693,1.2448,1.2486,5181802.62
2025-12-16 20:00:00,1.2486,1.28,1.244,1.2468,7894085.15
2025-12-17 00:00:00,1.2468,1.3334,1.2379,1.3115,12582344.98
2025-12-17 04:00:00,1.3115,1.32,1.2782,1.2848,6537968.12
2025-12-17 08:00:00,1.2848,1.2942,1.2583,1.2694,5963140.69
2025-12-17 12:00:00,1.2694,1.304,1.2631,1.2666,9032351.32
2025-12-17 16:00:00,1.2666,1.2746,1.2188,1.2202,8198364.58
2025-12-17 20:00:00,1.2202,1.2261,1.1901,1.2118,5568208.93
2025-12-18 00:00:00,1.2118,1.2125,1.1784,1.1785,3843356.86
2025-12-18 04:00:00,1.1785,1.2198,1.1741,1.2196,4541937.44
2025-12-18 08:00:00,1.2196,1.226,1.2066,1.2234,4151543.8
2025-12-18 12:00:00,1.2234,1.2395,1.2121,1.2314,7426603.08
2025-12-18 16:00:00,1.2314,1.2364,1.1767,1.1798,8148710.6
2025-12-18 20:00:00,1.1798,1.1935,1.142,1.1463,5252541.11
2025-12-19 00:00:00,1.1463,1.1677,1.1276,1.1589,5630315.96
2025-12-19 04:00:00,1.1589,1.177,1.1405,1.1751,6926578.15
2025-12-19 08:00:00,1.1751,1.1751,1.1611,1.165,6013881.54
2025-12-19 12:00:00,1.165,1.1669,1.1304,1.1345,7667797.43
2025-12-19 16:00:00,1.1345,1.175,1.1329,1.1536,10150758.7
2025-12-19 20:00:00,1.1536,1.1632,1.144,1.1528,4209399.7
2025-12-20 00:00:00,1.1528,1.1566,1.1373,1.1384,3305086.22
2025-12-20 04:00:00,1.1384,1.1455,1.1287,1.1445,4217620.11
2025-12-20 08:00:00,1.1445,1.148,1.1336,1.1435,5875009.64
2025-12-20 12:00:00,1.1435,1.167,1.139,1.165,9400235.98
2025-12-20 16:00:00,1.165,1.1869,1.1581,1.1861,5281570.94
2025-12-20 20:00:00,1.1861,1.1986,1.1792,1.1923,4535936.83
2025-12-21 00:00:00,1.1923,1.1967,1.174,1.1767,3519902.31
2025-12-21 04:00:00,1.1767,1.1787,1.1578,1.1754,4827745.1
2025-12-21 08:00:00,1.1754,1.1879,1.17,1.1855,6805230.44
2025-12-21 12:00:00,1.1855,1.1873,1.1541,1.1631,7167861.92
2025-12-21 16:00:00,1.1631,1.173,1.1512,1.1685,5453389.37
2025-12-21 20:00:00,1.1685,1.1756,1.1598,1.1751,4281456.02
2025-12-22 00:00:00,1.1751,1.1843,1.1553,1.1608,5324705.4
2025-12-22 04:00:00,1.1608,1.1798,1.1556,1.1774,10609284.73
2025-12-22 08:00:00,1.1774,1.1884,1.164,1.1673,7634876.21
2025-12-22 12:00:00,1.1673,1.1767,1.1378,1.144,6899838.83
2025-12-22 16:00:00,1.144,1.148,1.104,1.1131,5653081.45
2025-12-22 20:00:00,1.1131,1.1147,1.103,1.1093,3764278.08
2025-12-23 00:00:00,1.1093,1.1195,1.105,1.1123,4495253.09
2025-12-23 04:00:00,1.1123,1.1166,1.0706,1.0887,5594214.91
2025-12-23 08:00:00,1.0887,1.0891,1.0718,1.0792,3309277.59
2025-12-23 12:00:00,1.0792,1.0824,1.0438,1.0503,6472367.69
2025-12-23 16:00:00,1.0503,1.0648,1.047,1.0558,3895703.43
2025-12-23 20:00:00,1.0558,1.0614,1.0502,1.0586,2650258.29
2025-12-24 00:00:00,1.0586,1.0657,1.0114,1.0187,5832100.13
2025-12-24 04:00:00,1.0187,1.0465,1.0107,1.0396,4962200.17
2025-12-24 08:00:00,1.0396,1.0407,1.0255,1.0394,3401840.86
2025-12-24 12:00:00,1.0394,1.0441,1.0273,1.0394,3592672.24
2025-12-24 16:00:00,1.0394,1.0403,1.0233,1.0372,3617304.48
2025-12-24 20:00:00,1.0372,1.0477,1.0343,1.0384,1986931.48
2025-12-25 00:00:00,1.0384,1.056,1.0356,1.046,2387598.57
2025-12-25 04:00:00,1.046,1.0537,1.0442,1.052,1649368.07
2025-12-25 08:00:00,1.052,1.059,1.0404,1.0497,3159603.84
2025-12-25 12:00:00,1.0497,1.06,1.0252,1.0416,4151980.53
2025-12-25 16:00:00,1.0416,1.0519,1.0341,1.0461,2810342.59
2025-12-25 20:00:00,1.0461,1.0501,1.0292,1.0328,3159327.33
2025-12-26 00:00:00,1.0328,1.056,1.019,1.0463,3778639.55
2025-12-26 04:00:00,1.0463,1.0525,1.0384,1.0403,2858501.67
2025-12-26 08:00:00,1.0403,1.0477,1.0376,1.0397,4043125.98
2025-12-26 12:00:00,1.0397,1.0509,1.03,1.0342,3785283.2
2025-12-26 16:00:00,1.0342,1.0485,1.0291,1.0475,3512123.89
2025-12-26 20:00:00,1.0475,1.0576,1.0352,1.0448,2918955.07
2025-12-27 00:00:00,1.0448,1.0539,1.041,1.0492,1456311.81
2025-12-27 04:00:00,1.0492,1.0531,1.045,1.0495,2710011.48
2025-12-27 08:00:00,1.0495,1.0596,1.0412,1.0465,3742092.21
2025-12-27 12:00:00,1.0465,1.0472,1.038,1.0407,2367887.24
2025-12-27 16:00:00,1.0407,1.0553,1.036,1.0477,3558190.99
2025-12-27 20:00:00,1.0477,1.0649,1.0465,1.0619,2697582.12
2025-12-28 00:00:00,1.0619,1.0641,1.048,1.0491,1912110.85
2025-12-28 04:00:00,1.0491,1.0577,1.0427,1.0493,3000980.99
2025-12-28 08:00:00,1.0493,1.05,1.0392,1.0398,4280232.02
2025-12-28 12:00:00,1.0398,1.0434,1.0332,1.0352,2621934.7
2025-12-28 16:00:00,1.0352,1.0398,1.0296,1.0307,3166802.99
2025-12-28 20:00:00,1.0307,1.0421,1.0288,1.041,2653972.62
2025-12-29 00:00:00,1.041,1.061,1.0336,1.0579,3518411.79
2025-12-29 04:00:00,1.0579,1.067,1.0442,1.0446,3218632.13
2025-12-29 08:00:00,1.0446,1.0498,1.0323,1.0341,3352077.11
2025-12-29 12:00:00,1.0341,1.0344,0.992,1.0207,6597213.11
2025-12-29 16:00:00,1.0207,1.0217,1.0054,1.0075,2589881.67
2025-12-29 20:00:00,1.0075,1.0157,1.0011,1.0146,3724073.64
2025-12-30 00:00:00,1.0146,1.0149,0.9948,0.9956,2638617.73
2025-12-30 04:00:00,0.9956,0.9977,0.98,0.9857,2832671.48
2025-12-30 08:00:00,0.9857,0.9982,0.9801,0.983,3115715.19
2025-12-30 12:00:00,0.983,0.991,0.9764,0.9874,2915586.81
2025-12-30 16:00:00,0.9874,0.99,0.9683,0.9718,2875979.43
2025-12-30 20:00:00,0.9718,0.9718,0.96,0.9688,2549041.68
2025-12-31 00:00:00,0.9688,0.9745,0.9554,0.9561,2022310.08
2025-12-31 04:00:00,0.9561,0.966,0.9552,0.9605,2137526.51
2025-12-31 08:00:00,0.9605,0.9699,0.9522,0.9672,2831909.24
2025-12-31 12:00:00,0.9672,0.9781,0.964,0.9777,2129032.2
2025-12-31 16:00:00,0.9777,0.9789,0.95,0.9615,3474351.23
2025-12-31 20:00:00,0.9615,0.9689,0.954,0.9638,1327031.7
2026-01-01 00:00:00,0.9638,0.9722,0.961,0.962,1311047.9
2026-01-01 04:00:00,0.962,0.9667,0.9575,0.9599,926220.09
2026-01-01 08:00:00,0.9599,0.968,0.9586,0.9674,1621236.24
2026-01-01 12:00:00,0.9674,0.969,0.9593,0.9656,2337454.72
2026-01-01 16:00:00,0.9656,0.9725,0.961,0.9687,1963660.7
2026-01-01 20:00:00,0.9687,0.975,0.965,0.9739,1486682.93
2026-01-02 00:00:00,0.9739,0.9772,0.9665,0.9763,1155443.06
2026-01-02 04:00:00,0.9763,0.9864,0.971,0.9794,1629733.36
2026-01-02 08:00:00,0.9794,0.997,0.975,0.9888,3699221.92
2026-01-02 12:00:00,0.9888,0.9954,0.9754,0.9945,3814365.27
2026-01-02 16:00:00,0.9945,1.016,0.9926,1.0158,6923567.36
2026-01-02 20:00:00,1.0158,1.0204,1.0122,1.0147,4347562.33
2026-01-03 00:00:00,1.0147,1.0238,1.0147,1.021,1728488.49
2026-01-03 04:00:00,1.021,1.0216,0.988,0.9918,4434508.37
2026-01-03 08:00:00,0.9918,1.0,0.9801,0.9855,4951624.08
2026-01-03 12:00:00,0.9855,0.9999,0.9829,0.9927,2044757.93
2026-01-03 16:00:00,0.9927,0.9974,0.99,0.994,2531683.91
2026-01-03 20:00:00,0.994,1.0255,0.9882,1.0198,4938787.63
2026-01-04 00:00:00,1.0198,1.0538,1.0193,1.0396,4739525.1
2026-01-04 04:00:00,1.0396,1.0518,1.0267,1.0331,3715915.51
2026-01-04 08:00:00,1.0331,1.0709,1.0301,1.0552,5220595.87
2026-01-04 12:00:00,1.0552,1.068,1.044,1.067,5525910.65
2026-01-04 16:00:00,1.067,1.085,1.0448,1.0513,7065528.33
2026-01-04 20:00:00,1.0513,1.0596,1.034,1.0437,4572894.29
2026-01-05 00:00:00,1.0437,1.0763,1.0421,1.0537,4527034.61
2026-01-05 04:00:00,1.0537,1.0555,1.0387,1.0493,2881262.78
2026-01-05 08:00:00,1.0493,1.06,1.0489,1.0517,3993908.8
2026-01-05 12:00:00,1.0517,1.0843,1.0468,1.0839,8442720.07
2026-01-05 16:00:00,1.0839,1.0849,1.0618,1.0687,5774367.74
2026-01-05 20:00:00,1.0687,1.0852,1.0681,1.0788,7821937.95
2026-01-06 00:00:00,1.0788,1.12,1.0749,1.1128,4677704.11
2026-01-06 04:00:00,1.1128,1.1143,1.0717,1.0758,3783781.99
2026-01-06 08:00:00,1.0758,1.1389,1.0757,1.1377,6793442.27
2026-01-06 12:00:00,1.1377,1.1703,1.1079,1.1115,12779688.58
2026-01-06 16:00:00,1.1115,1.115,1.0579,1.0932,10534973.9
2026-01-06 20:00:00,1.0932,1.1179,1.0862,1.1156,11322900.7
2026-01-07 00:00:00,1.1156,1.1199,1.0877,1.1011,3838606.74
2026-01-07 04:00:00,1.1011,1.1026,1.066,1.0757,4232701.59
2026-01-07 08:00:00,1.0757,1.0869,1.03,1.0498,8551400.58
2026-01-07 12:00:00,1.0498,1.0511,1.0171,1.0275,10307655.36
2026-01-07 16:00:00,1.0275,1.0428,1.02,1.0291,6120880.11
2026-01-07 20:00:00,1.0291,1.0387,1.0249,1.0341,5914200.85
2026-01-08 00:00:00,1.0341,1.0402,1.02,1.0213,2511966.78
2026-01-08 04:00:00,1.0213,1.032,0.9953,1.0125,4988074.85
2026-01-08 08:00:00,1.0125,1.0147,0.9895,0.9934,6372773.37
2026-01-08 12:00:00,0.9934,1.0,0.9793,0.9998,5884052.11
2026-01-08 16:00:00,0.9998,1.0104,0.9968,0.9987,5994430.36
2026-01-08 20:00:00,0.9987,1.0078,0.9945,1.0001,3099666.79
2026-01-09 00:00:00,1.0001,1.0015,0.9818,0.9906,2613816.91
2026-01-09 04:00:00,0.9906,0.998,0.9864,0.9914,3076315.24
2026-01-09 08:00:00,0.9914,0.9987,0.9826,0.9841,2906771.16
2026-01-09 12:00:00,0.9841,0.9975,0.9798,0.9897,6661832.73
2026-01-09 16:00:00,0.9897,0.9965,0.9433,0.959,9331963.07
2026-01-09 20:00:00,0.959,0.9658,0.9532,0.9649,3971988.58
2026-01-10 00:00:00,0.9649,0.9703,0.963,0.9693,1472223.69
2026-01-10 04:00:00,0.9693,0.9835,0.9669,0.9779,2609261.5
2026-01-10 08:00:00,0.9779,0.9856,0.9769,0.985,2179615.43
2026-01-10 12:00:00,0.985,0.9875,0.9768,0.9857,4844467.11
2026-01-10 16:00:00,0.9857,0.9861,0.98,0.9841,2624087.58
2026-01-10 20:00:00,0.9841,0.9845,0.9769,0.9787,2163374.29
2026-01-11 00:00:00,0.9787,0.9803,0.9759,0.9791,852986.44
2026-01-11 04:00:00,0.9791,0.9825,0.9785,0.9823,1799944.87
2026-01-11 08:00:00,0.9823,0.9831,0.9739,0.9802,1813195.16
2026-01-11 12:00:00,0.9802,0.9909,0.9798,0.984,3213152.43
2026-01-11 16:00:00,0.984,0.9914,0.9838,0.9846,3326790.88
2026-01-11 20:00:00,0.9846,0.9868,0.9788,0.9857,5387701.41
2026-01-12 00:00:00,0.9857,0.9964,0.9824,0.9911,2990480.62
2026-01-12 04:00:00,0.9911,0.9969,0.9834,0.9847,2423260.01
2026-01-12 08:00:00,0.9847,0.986,0.9746,0.977,4278946.03
2026-01-12 12:00:00,0.977,0.9775,0.928,0.9559,8798767.63
2026-01-12 16:00:00,0.9559,0.9618,0.9463,0.9537,4091288.99
2026-01-12 20:00:00,0.9537,0.9584,0.9408,0.9447,6409665.7
2026-01-13 00:00:00,0.9447,0.953,0.9437,0.9497,1312483.58
2026-01-13 04:00:00,0.9497,0.9607,0.9495,0.9545,3776331.46
2026-01-13 08:00:00,0.9545,0.9657,0.9544,0.9607,4494978.63
2026-01-13 12:00:00,0.9607,0.9706,0.9582,0.9654,4428580.19
2026-01-13 16:00:00,0.9654,0.9701,0.9573,0.9695,4405164.52
2026-01-13 20:00:00,0.9695,0.9988,0.9668,0.9888,13049967.53
2026-01-14 00:00:00,0.9888,0.995,0.9826,0.9946,2993183.45
2026-01-14 04:00:00,0.9946,0.9979,0.9859,0.9902,6144725.91
2026-01-14 08:00:00,0.9902,0.9944,0.9801,0.9817,7603609.25
2026-01-14 12:00:00,0.9817,0.9962,0.9807,0.9892,7844279.3
2026-01-14 16:00:00,0.9892,1.0257,0.976,0.9892,13061905.51
2026-01-14 20:00:00,0.9892,0.994,0.9746,0.9775,7195884.77
2026-01-15 00:00:00,0.9775,0.9776,0.9462,0.9482,5562609.07
2026-01-15 04:00:00,0.9482,0.9812,0.9464,0.9748,7870228.83
2026-01-15 08:00:00,0.9748,0.976,0.9649,0.969,4419129.23
2026-01-15 12:00:00,0.969,0.9756,0.9548,0.9639,5939061.26
2026-01-15 16:00:00,0.9639,0.9687,0.9556,0.9628,4394136.97
2026-01-15 20:00:00,0.9628,0.9661,0.9588,0.9632,8870612.91
2026-01-16 00:00:00,0.9632,0.9654,0.9586,0.9593,1261784.43
2026-01-16 04:00:00,0.9593,0.9619,0.9193,0.946,7822939.22
2026-01-16 08:00:00,0.946,0.9578,0.9452,0.955,3506791.9
2026-01-16 12:00:00,0.955,0.9561,0.9296,0.9335,3415375.5
2026-01-16 16:00:00,0.9335,0.9413,0.9324,0.9373,2999148.5
2026-01-16 20:00:00,0.9373,0.9516,0.9349,0.9499,7179261.51
2026-01-17 00:00:00,0.9499,0.9527,0.9474,0.9477,1238357.41
2026-01-17 04:00:00,0.9477,0.9499,0.9442,0.9488,921891.07
2026-01-17 08:00:00,0.9488,0.9541,0.9308,0.9463,2701882.23
2026-01-17 12:00:00,0.9463,0.9657,0.9456,0.9594,2118523.86
2026-01-17 16:00:00,0.9594,0.9608,0.956,0.9591,1140334.55
2026-01-17 20:00:00,0.9591,0.9593,0.9485,0.9503,14338628.64
2026-01-18 00:00:00,0.9503,0.9521,0.9459,0.9518,2652648.84
2026-01-18 04:00:00,0.9518,0.9532,0.9474,0.948,1156863.09
2026-01-18 08:00:00,0.948,0.9591,0.9475,0.9547,1623809.64
2026-01-18 12:00:00,0.9547,0.9549,0.9432,0.9512,1916974.85
2026-01-18 16:00:00,0.9512,0.9661,0.9503,0.9613,1691074.59
2026-01-18 20:00:00,0.9613,0.9786,0.9464,0.9467,13721691.06
2026-01-19 00:00:00,0.9467,0.9467,0.86,0.9184,54967351.89
2026-01-19 04:00:00,0.9184,0.9353,0.9176,0.9249,4958098.81
2026-01-19 08:00:00,0.9249,0.9334,0.9203,0.9224,3003574.96
2026-01-19 12:00:00,0.9224,0.9307,0.911,0.9135,3723064.02
2026-01-19 16:00:00,0.9135,0.9282,0.9121,0.9229,3214695.13
2026-01-19 20:00:00,0.9229,0.9256,0.9066,0.9157,12799757.86
2026-01-20 00:00:00,0.9157,0.9184,0.9022,0.9087,4402732.22
2026-01-20 04:00:00,0.9087,0.911,0.8852,0.8951,8878025.86
2026-01-20 08:00:00,0.8951,0.9194,0.8765,0.9131,7355079.54
2026-01-20 12:00:00,0.9131,0.9299,0.88,0.886,12175186.23
2026-01-20 16:00:00,0.886,0.898,0.8718,0.8817,5516318.08
2026-01-20 20:00:00,0.8817,0.8841,0.8701,0.8709,7926056.8
2026-01-21 00:00:00,0.8709,0.8865,0.8683,0.8853,3510956.62
2026-01-21 04:00:00,0.8853,0.8896,0.8813,0.8822,1766581.43
2026-01-21 08:00:00,0.8822,0.8856,0.8729,0.8743,4316317.24
2026-01-21 12:00:00,0.8743,0.89,0.869,0.8893,9016620.41
2026-01-21 16:00:00,0.8893,0.894,0.86,0.8933,12359195.37
2026-01-21 20:00:00,0.8933,0.8985,0.8851,0.8897,6798289.51
2026-01-22 00:00:00,0.8897,0.9044,0.8885,0.8941,2581960.53
2026-01-22 04:00:00,0.8941,0.8999,0.8905,0.8937,3003548.46
2026-01-22 08:00:00,0.8937,0.9011,0.8778,0.8809,6778249.92
2026-01-22 12:00:00,0.8809,0.8859,0.8721,0.875,6553321.01
2026-01-22 16:00:00,0.875,0.8843,0.874,0.8829,6127056.28
2026-01-22 20:00:00,0.8829,0.8855,0.8771,0.8828,5751062.81
2026-01-23 00:00:00,0.8828,0.8866,0.8789,0.886,6070646.34
2026-01-23 04:00:00,0.886,0.8912,0.8826,0.8839,3234511.44
2026-01-23 08:00:00,0.8839,0.8851,0.8779,0.8835,9103656.93
2026-01-23 12:00:00,0.8835,0.8872,0.8743,0.883,3401403.7
2026-01-23 16:00:00,0.883,0.8917,0.8803,0.8819,3882403.05
2026-01-23 20:00:00,0.8819,0.886,0.8759,0.8826,4073970.01
2026-01-24 00:00:00,0.8826,0.89,0.8824,0.8885,1300994.41
2026-01-24 04:00:00,0.8885,0.8944,0.8878,0.8898,1236875.9
2026-01-24 08:00:00,0.8898,0.8996,0.887,0.8964,1603724.69
2026-01-24 12:00:00,0.8964,0.9047,0.895,0.9042,1882752.22
2026-01-24 16:00:00,0.9042,0.911,0.9024,0.9053,4394954.56
2026-01-24 20:00:00,0.9053,0.9128,0.9051,0.906,8025849.16
2026-01-25 00:00:00,0.906,0.9138,0.9023,0.9039,3272556.03
2026-01-25 04:00:00,0.9039,0.915,0.9,0.902,2628069.74
2026-01-25 08:00:00,0.902,0.9043,0.8982,0.9015,2076480.55
2026-01-25 12:00:00,0.9015,0.9015,0.8837,0.8856,2836327.01
2026-01-25 16:00:00,0.8856,0.8857,0.852,0.8532,8142447.42
2026-01-25 20:00:00,0.8532,0.8567,0.8418,0.8483,11385102.98
2026-01-26 00:00:00,0.8483,0.8528,0.8368,0.8495,4329050.58
2026-01-26 04:00:00,0.8495,0.867,0.8494,0.8662,1610295.66
2026-01-26 08:00:00,0.8662,0.868,0.8492,0.8581,2463290.58
2026-01-26 12:00:00,0.8581,0.867,0.854,0.8615,2902938.13
2026-01-26 16:00:00,0.8615,0.8668,0.8524,0.8644,2806359.05
2026-01-26 20:00:00,0.8644,0.8696,0.8623,0.8661,3398618.89
2026-01-27 00:00:00,0.8661,0.8746,0.8634,0.8737,1324520.31
2026-01-27 04:00:00,0.8737,0.8768,0.8719,0.8762,985796.39
2026-01-27 08:00:00,0.8762,0.8788,0.8659,0.8721,2134345.1
2026-01-27 12:00:00,0.8721,0.8838,0.8717,0.8807,3842105.61
2026-01-27 16:00:00,0.8807,0.8919,0.8761,0.8895,3199115.32
2026-01-27 20:00:00,0.8895,0.8983,0.8895,0.8934,4011949.41
2026-01-28 00:00:00,0.8934,0.8998,0.8927,0.8944,1627696.61
2026-01-28 04:00:00,0.8944,0.8987,0.8929,0.8969,1827805.31
2026-01-28 08:00:00,0.8969,0.9269,0.8937,0.922,6443268.33
2026-01-28 12:00:00,0.922,0.9266,0.9072,0.913,4532693.61
2026-01-28 16:00:00,0.913,0.9163,0.9066,0.9141,2794755.13
2026-01-28 20:00:00,0.9141,0.9215,0.9111,0.9206,2922162.05
2026-01-29 00:00:00,0.9206,0.9238,0.9011,0.905,3700036.0
2026-01-29 04:00:00,0.905,0.9107,0.8921,0.9066,2699400.74
2026-01-29 08:00:00,0.9066,0.9066,0.852,0.8583,7564393.25
2026-01-29 12:00:00,0.8583,0.8605,0.8131,0.8269,8161736.84
2026-01-29 16:00:00,0.8269,0.8439,0.8232,0.8405,4452017.6
2026-01-29 20:00:00,0.8405,0.8452,0.8371,0.842,2556577.94
2026-01-30 00:00:00,0.842,0.8432,0.8012,0.805,9616797.6
2026-01-30 04:00:00,0.805,0.811,0.7759,0.7989,8047037.49
2026-01-30 08:00:00,0.7989,0.7993,0.7867,0.7973,3967836.71
2026-01-30 12:00:00,0.7973,0.7978,0.7683,0.7755,5404849.76
2026-01-30 16:00:00,0.7755,0.7903,0.75,0.7855,7706577.7
2026-01-30 20:00:00,0.7855,0.7867,0.773,0.7783,4654897.64
2026-01-31 00:00:00,0.7783,0.7801,0.7686,0.7728,2233832.03
2026-01-31 04:00:00,0.7728,0.7816,0.7702,0.7757,2923114.16
2026-01-31 08:00:00,0.7757,0.7772,0.7576,0.7662,4681247.88
2026-01-31 12:00:00,0.7662,0.7695,0.7201,0.737,9682093.46
2026-01-31 16:00:00,0.737,0.7465,0.663,0.7151,19376152.45
2026-01-31 20:00:00,0.7151,0.7339,0.7067,0.7335,7610481.29
2026-02-01 00:00:00,0.7335,0.7362,0.7159,0.7204,3834061.5
2026-02-01 04:00:00,0.7204,0.7229,0.7106,0.7176,2818617.6
2026-02-01 08:00:00,0.7176,0.7204,0.7041,0.7114,3517036.55
2026-02-01 12:00:00,0.7114,0.7157,0.6815,0.6901,7461606.64
2026-02-01 16:00:00,0.6901,0.7027,0.6863,0.6944,5645264.73
2026-02-01 20:00:00,0.6944,0.6997,0.676,0.6854,9182188.39
2026-02-02 00:00:00,0.6854,0.7001,0.6633,0.6833,11377725.33
2026-02-02 04:00:00,0.6833,0.6946,0.6729,0.6926,10987652.9
2026-02-02 08:00:00,0.6926,0.733,0.6926,0.7289,7171575.16
2026-02-02 12:00:00,0.7289,0.743,0.723,0.742,9090275.57
2026-02-02 16:00:00,0.742,0.755,0.7349,0.7357,4492556.06
2026-02-02 20:00:00,0.7357,0.737,0.7148,0.7217,4840028.74
2026-02-03 00:00:00,0.7217,0.7237,0.7075,0.7217,3730579.55
2026-02-03 04:00:00,0.7217,0.7381,0.7202,0.7328,3614684.32
2026-02-03 08:00:00,0.7328,0.7384,0.7208,0.7255,3359999.81
2026-02-03 12:00:00,0.7255,0.7312,0.7003,0.7099,6079085.26
2026-02-03 16:00:00,0.7099,0.719,0.6814,0.715,9377828.59
2026-02-03 20:00:00,0.715,0.738,0.7072,0.7109,6353925.44
2026-02-04 00:00:00,0.7109,0.7224,0.7097,0.7186,3877650.9
2026-02-04 04:00:00,0.7186,0.7209,0.7119,0.7174,2685319.94
2026-02-04 08:00:00,0.7174,0.72,0.709,0.7123,3735015.79
2026-02-04 12:00:00,0.7123,0.7147,0.69,0.6941,8711294.62
2026-02-04 16:00:00,0.6941,0.7049,0.6853,0.7037,8957049.3
2026-02-04 20:00:00,0.7037,0.7087,0.6925,0.6994,4866789.81
2026-02-05 00:00:00,0.6994,0.704,0.6933,0.6942,4719608.43
2026-02-05 04:00:00,0.6942,0.6955,0.6844,0.6878,4857373.25
2026-02-05 08:00:00,0.6878,0.6954,0.6726,0.674,5183939.41
2026-02-05 12:00:00,0.674,0.6772,0.6192,0.6295,17446591.65
2026-02-05 16:00:00,0.6295,0.6373,0.6189,0.6238,13406882.49
2026-02-05 20:00:00,0.6238,0.6268,0.6,0.6023,14903275.28
2026-02-06 00:00:00,0.6023,0.6028,0.523,0.591,31180314.36
2026-02-06 04:00:00,0.591,0.6113,0.5901,0.6012,7424049.66
2026-02-06 08:00:00,0.6012,0.6203,0.5974,0.6193,6043754.88
2026-02-06 12:00:00,0.6193,0.6398,0.6161,0.6381,6635438.37
2026-02-06 16:00:00,0.6381,0.6598,0.6371,0.6502,6953496.34
2026-02-06 20:00:00,0.6502,0.6542,0.6422,0.6464,3658823.89
2026-02-07 00:00:00,0.6464,0.6488,0.643,0.6465,2436557.87
2026-02-07 04:00:00,0.6465,0.6509,0.6284,0.6291,5659552.29
2026-02-07 08:00:00,0.6291,0.6317,0.6243,0.6278,3292545.84
2026-02-07 12:00:00,0.6278,0.642,0.627,0.6384,6101919.48
2026-02-07 16:00:00,0.6384,0.649,0.6363,0.6466,6996374.42
2026-02-07 20:00:00,0.6466,0.6495,0.6412,0.6433,1614596.24
2026-02-08 00:00:00,0.6433,0.6451,0.638,0.6404,2545356.01
2026-02-08 04:00:00,0.6404,0.6427,0.6392,0.6425,1768136.81
2026-02-08 08:00:00,0.6425,0.6503,0.6401,0.6498,3628856.37
2026-02-08 12:00:00,0.6498,0.6525,0.6447,0.6473,2386801.73
2026-02-08 16:00:00,0.6473,0.6481,0.6368,0.6446,2960822.43
2026-02-08 20:00:00,0.6446,0.6493,0.6392,0.6419,2676558.94
2026-02-09 00:00:00,0.6419,0.645,0.6378,0.6434,2896959.88
2026-02-09 04:00:00,0.6434,0.6438,0.6384,0.6409,1675740.33
2026-02-09 08:00:00,0.6409,0.6416,0.6269,0.6303,3220143.62
2026-02-09 12:00:00,0.6303,0.6408,0.6299,0.6405,3231510.05
2026-02-09 16:00:00,0.6405,0.652,0.6383,0.6516,3686063.11
2026-02-09 20:00:00,0.6516,0.6524,0.6438,0.6466,1867427.46
2026-02-10 00:00:00,0.6466,0.6476,0.6395,0.641,1869299.36
2026-02-10 04:00:00,0.641,0.6475,0.6375,0.6398,2802956.73
2026-02-10 08:00:00,0.6398,0.6434,0.635,0.6374,1788802.91
2026-02-10 12:00:00,0.6374,0.6411,0.6323,0.6347,3564037.75
2026-02-10 16:00:00,0.6347,0.6376,0.6261,0.6288,2858701.17
2026-02-10 20:00:00,0.6288,0.6327,0.6263,0.6323,1310502.96
2026-02-11 00:00:00,0.6323,0.6335,0.6273,0.6296,1478511.09
2026-02-11 04:00:00,0.6296,0.6319,0.621,0.6214,2779522.95
2026-02-11 08:00:00,0.6214,0.6224,0.6036,0.6089,4482520.49
2026-02-11 12:00:00,0.6089,0.6173,0.5991,0.6053,7357292.31
2026-02-11 16:00:00,0.6053,0.6184,0.6049,0.6168,4092778.8
2026-02-11 20:00:00,0.6168,0.6219,0.6133,0.6163,2519164.54
2026-02-12 00:00:00,0.6163,0.6234,0.6163,0.6213,1817347.78
2026-02-12 04:00:00,0.6213,0.623,0.6178,0.6204,1957380.06
2026-02-12 08:00:00,0.6204,0.6277,0.616,0.6261,3170572.26
2026-02-12 12:00:00,0.6261,0.6268,0.6198,0.6202,3575210.81
2026-02-12 16:00:00,0.6202,0.6205,0.6054,0.6109,6260490.45
2026-02-12 20:00:00,0.6109,0.6134,0.6078,0.6131,1987238.22
2026-02-13 00:00:00,0.6131,0.6139,0.605,0.61,2039454.66
2026-02-13 04:00:00,0.61,0.6115,0.6039,0.6047,1595268.41
2026-02-13 08:00:00,0.6047,0.6132,0.6044,0.6119,2110752.25
2026-02-13 12:00:00,0.6119,0.6304,0.6101,0.6289,4780573.39
2026-02-13 16:00:00,0.6289,0.6368,0.6277,0.6358,3203498.72
2026-02-13 20:00:00,0.6358,0.6417,0.6343,0.6374,1668500.43
2026-02-14 00:00:00,0.6374,0.6435,0.6371,0.6428,1232052.01
2026-02-14 04:00:00,0.6428,0.643,0.6386,0.6396,1124667.97
2026-02-14 08:00:00,0.6396,0.6599,0.6396,0.6581,2839899.29
2026-02-14 12:00:00,0.6581,0.6592,0.6483,0.6568,3105324.25
2026-02-14 16:00:00,0.6568,0.6663,0.6536,0.6634,2367447.86
2026-02-14 20:00:00,0.6634,0.665,0.6599,0.6638,1592500.45
2026-02-15 00:00:00,0.6638,0.6645,0.6557,0.6601,2461797.57
2026-02-15 04:00:00,0.6601,0.6691,0.6553,0.668,3792570.91
2026-02-15 08:00:00,0.668,0.6807,0.6677,0.6712,8158204.12
2026-02-15 12:00:00,0.6712,0.6714,0.6272,0.6343,11372670.62
2026-02-15 16:00:00,0.6343,0.6381,0.6231,0.6266,3817218.19
2026-02-15 20:00:00,0.6266,0.6309,0.623,0.6278,2206247.81
2026-02-16 00:00:00,0.6278,0.6353,0.6246,0.6267,2793871.81
2026-02-16 04:00:00,0.6267,0.633,0.6265,0.6328,2214843.65
2026-02-16 08:00:00,0.6328,0.6391,0.6293,0.6331,3174586.3
2026-02-16 12:00:00,0.6331,0.6438,0.6264,0.6278,4721770.45
2026-02-16 16:00:00,0.6278,0.6384,0.6273,0.6362,2673820.94
2026-02-16 20:00:00,0.6362,0.6476,0.6355,0.6452,1891446.31
2026-02-17 00:00:00,0.6452,0.6474,0.6429,0.6438,1144465.46
2026-02-17 04:00:00,0.6438,0.6449,0.6386,0.6424,1170474.96
2026-02-17 08:00:00,0.6424,0.6433,0.6367,0.6372,1319095.29
2026-02-17 12:00:00,0.6372,0.6421,0.6231,0.6279,4216433.69
2026-02-17 16:00:00,0.6279,0.6348,0.6264,0.6313,3066838.75
2026-02-17 20:00:00,0.6313,0.6341,0.6295,0.6337,947644.98
2026-02-18 00:00:00,0.6337,0.6349,0.63,0.634,1045365.3
2026-02-18 04:00:00,0.634,0.6367,0.6329,0.636,767319.6
2026-02-18 08:00:00,0.636,0.6371,0.6294,0.6305,1767577.15
2026-02-18 12:00:00,0.6305,0.6339,0.6244,0.6311,2733945.5
2026-02-18 16:00:00,0.6311,0.6312,0.6147,0.6168,3055255.74
2026-02-18 20:00:00,0.6168,0.6212,0.6162,0.621,1283707.44
2026-02-19 00:00:00,0.621,0.6234,0.6184,0.623,1235849.8
2026-02-19 04:00:00,0.623,0.6246,0.6202,0.6235,973080.74
2026-02-19 08:00:00,0.6235,0.625,0.6169,0.6203,2440500.11
2026-02-19 12:00:00,0.6203,0.6217,0.6127,0.6159,2947269.64
2026-02-19 16:00:00,0.6159,0.6197,0.6132,0.6183,1755656.85
2026-02-19 20:00:00,0.6183,0.6208,0.6175,0.6208,1618852.46
2026-02-20 00:00:00,0.6208,0.6245,0.6199,0.6221,1333491.22
2026-02-20 04:00:00,0.6221,0.6279,0.6196,0.6269,1244158.94
2026-02-20 08:00:00,0.6269,0.6284,0.6174,0.6177,2304067.75
2026-02-20 12:00:00,0.6177,0.6237,0.6142,0.6234,3504234.07
2026-02-20 16:00:00,0.6234,0.6267,0.6222,0.6245,2219824.16
2026-02-20 20:00:00,0.6245,0.6339,0.6239,0.6306,1424085.26
2026-02-21 00:00:00,0.6306,0.6334,0.6298,0.6308,1594706.15
2026-02-21 04:00:00,0.6308,0.6331,0.6301,0.6302,705975.32
2026-02-21 08:00:00,0.6302,0.6377,0.6302,0.6356,1656857.56
2026-02-21 12:00:00,0.6356,0.6406,0.6356,0.6367,1199043.85
2026-02-21 16:00:00,0.6367,0.6382,0.6336,0.6376,882117.64
2026-02-21 20:00:00,0.6376,0.6382,0.6323,0.6335,783525.14
2026-02-22 00:00:00,0.6335,0.6362,0.6283,0.6304,1695316.12
2026-02-22 04:00:00,0.6304,0.6333,0.63,0.6314,856797.74
2026-02-22 08:00:00,0.6314,0.6333,0.6282,0.6321,1435553.3
2026-02-22 12:00:00,0.6321,0.6329,0.6266,0.6266,1478425.87
2026-02-22 16:00:00,0.6266,0.6289,0.5955,0.6043,10520809.19
2026-02-22 20:00:00,0.6043,0.6067,0.6022,0.6059,1481996.58
2026-02-23 00:00:00,0.6059,0.6064,0.5812,0.5877,12144314.66
2026-02-23 04:00:00,0.5877,0.5932,0.5866,0.593,4062742.83
2026-02-23 08:00:00,0.593,0.5954,0.587,0.5874,2847860.64
2026-02-23 12:00:00,0.5874,0.5893,0.5823,0.5862,3343352.25
2026-02-23 16:00:00,0.5862,0.5866,0.5734,0.5781,4220782.97
2026-02-23 20:00:00,0.5781,0.5814,0.5753,0.5769,1782607.12
2026-02-24 00:00:00,0.5769,0.5808,0.5728,0.5781,3408342.95
2026-02-24 04:00:00,0.5781,0.583,0.5751,0.5803,3492757.73
2026-02-24 08:00:00,0.5803,0.5862,0.5785,0.5811,2577491.82
2026-02-24 12:00:00,0.5811,0.5868,0.5756,0.5866,3776202.05
2026-02-24 16:00:00,0.5866,0.5918,0.5866,0.5895,2568185.94
2026-02-24 20:00:00,0.5895,0.592,0.5882,0.5903,1093139.01
2026-02-25 00:00:00,0.5903,0.6029,0.5903,0.5951,3104710.44
2026-02-25 04:00:00,0.5951,0.6001,0.5918,0.5994,2267045.85
2026-02-25 08:00:00,0.5994,0.6021,0.5976,0.6021,1801398.99
2026-02-25 12:00:00,0.6021,0.6214,0.6014,0.6188,4024988.18
2026-02-25 16:00:00,0.6188,0.6275,0.6188,0.625,3357571.36
2026-02-25 20:00:00,0.625,0.6359,0.6201,0.6236,5195887.73
2026-02-26 00:00:00,0.6236,0.624,0.6178,0.6195,2494192.12
2026-02-26 04:00:00,0.6195,0.6206,0.607,0.6136,3393491.82
2026-02-26 08:00:00,0.6136,0.6613,0.6136,0.6282,13236269.74
2026-02-26 12:00:00,0.6282,0.6554,0.6194,0.6428,12391893.23
2026-02-26 16:00:00,0.6428,0.644,0.6311,0.6392,3876474.07
2026-02-26 20:00:00,0.6392,0.6415,0.6378,0.6401,1251243.48
2026-02-27 00:00:00,0.6401,0.6412,0.6353,0.6408,2213367.04
2026-02-27 04:00:00,0.6408,0.6507,0.6359,0.6379,3210607.68
2026-02-27 08:00:00,0.6379,0.6437,0.6317,0.637,4995825.73
2026-02-27 12:00:00,0.637,0.6407,0.635,0.6372,3105944.76
2026-02-27 16:00:00,0.6372,0.6387,0.6285,0.63,2691241.89
2026-02-27 20:00:00,0.63,0.6355,0.6288,0.635,1624101.27
2026-02-28 00:00:00,0.635,0.641,0.6342,0.6358,1559516.82
2026-02-28 04:00:00,0.6358,0.6366,0.615,0.6172,5117450.95
2026-02-28 08:00:00,0.6172,0.6201,0.6116,0.617,3228947.79
2026-02-28 12:00:00,0.617,0.6276,0.6152,0.6269,3889164.05
2026-02-28 16:00:00,0.6269,0.6317,0.6231,0.6308,2537677.46
2026-02-28 20:00:00,0.6308,0.6386,0.6297,0.6385,2980915.55
2026-03-01 00:00:00,0.6385,0.6485,0.6342,0.645,3655749.56
2026-03-01 04:00:00,0.645,0.6467,0.6399,0.6429,1774764.88
2026-03-01 08:00:00,0.6429,0.6438,0.6373,0.6373,1616172.73
2026-03-01 12:00:00,0.6373,0.6432,0.6358,0.641,2210048.32
2026-03-01 16:00:00,0.641,0.6437,0.6377,0.64,1875880.21
2026-03-01 20:00:00,0.64,0.6406,0.6342,0.6364,2339249.7
2026-03-02 00:00:00,0.6364,0.6426,0.6363,0.6405,1863601.5
2026-03-02 04:00:00,0.6405,0.6414,0.6262,0.6282,3033915.86
2026-03-02 08:00:00,0.6282,0.6306,0.6239,0.6285,1826370.21
2026-03-02 12:00:00,0.6285,0.6415,0.6233,0.6396,3904330.51
2026-03-02 16:00:00,0.6396,0.65,0.6391,0.6446,3964633.77
2026-03-02 20:00:00,0.6446,0.6616,0.6422,0.6585,2895709.91
2026-03-03 00:00:00,0.6585,0.6697,0.6575,0.6687,3652897.67
2026-03-03 04:00:00,0.6687,0.6694,0.6615,0.6656,2637643.44
2026-03-03 08:00:00,0.6656,0.6666,0.6541,0.6606,3206509.5
2026-03-03 12:00:00,0.6606,0.6666,0.655,0.662,4347787.9
2026-03-03 16:00:00,0.662,0.6958,0.6618,0.6886,7439673.31
2026-03-03 20:00:00,0.6886,0.6959,0.6881,0.69,3097164.74
2026-03-04 00:00:00,0.69,0.6929,0.6814,0.6839,2259976.76
2026-03-04 04:00:00,0.6839,0.6852,0.6745,0.6821,2739688.5
2026-03-04 08:00:00,0.6821,0.7142,0.6821,0.7013,7306288.84
2026-03-04 12:00:00,0.7013,0.7142,0.6988,0.7139,5552247.32
2026-03-04 16:00:00,0.7139,0.7146,0.7006,0.7072,3751188.25
2026-03-04 20:00:00,0.7072,0.7076,0.6901,0.6933,2335489.32
2026-03-05 00:00:00,0.6933,0.7042,0.6865,0.7028,2942028.82
2026-03-05 04:00:00,0.7028,0.7097,0.6988,0.701,2796627.06
2026-03-05 08:00:00,0.701,0.7081,0.6982,0.7046,2299362.56
2026-03-05 12:00:00,0.7046,0.7334,0.7037,0.7065,8332850.49
2026-03-05 16:00:00,0.7065,0.7065,0.697,0.6985,3434273.78
2026-03-05 20:00:00,0.6985,0.7036,0.6983,0.7008,1431887.75
2026-03-06 00:00:00,0.7008,0.7045,0.6914,0.6986,2606669.45
2026-03-06 04:00:00,0.6986,0.7032,0.6954,0.7024,2073679.96
2026-03-06 08:00:00,0.7024,0.703,0.6914,0.6916,2190686.24
2026-03-06 12:00:00,0.6916,0.692,0.6718,0.6756,5730882.4
2026-03-06 16:00:00,0.6756,0.682,0.6733,0.6817,2273234.15
2026-03-06 20:00:00,0.6817,0.685,0.68,0.6841,875602.6
2026-03-07 00:00:00,0.6841,0.6856,0.6808,0.6817,902358.49
2026-03-07 04:00:00,0.6817,0.6834,0.6758,0.681,2154731.24
2026-03-07 08:00:00,0.681,0.6821,0.6778,0.6795,1553086.6
2026-03-07 12:00:00,0.6795,0.6805,0.6737,0.6773,1696360.68
2026-03-07 16:00:00,0.6773,0.6792,0.6723,0.6733,1087987.25
2026-03-07 20:00:00,0.6733,0.6754,0.6728,0.6742,855249.2
2026-03-08 00:00:00,0.6742,0.6754,0.6694,0.6704,1416027.85
2026-03-08 04:00:00,0.6704,0.6761,0.6648,0.669,2725182.9
2026-03-08 08:00:00,0.669,0.6797,0.6686,0.6742,2640871.83
2026-03-08 12:00:00,0.6742,0.6766,0.6692,0.6718,2504665.03
2026-03-08 16:00:00,0.6718,0.6728,0.655,0.6581,4014422.5
2026-03-08 20:00:00,0.6581,0.661,0.6473,0.6489,3993296.17
2026-03-09 00:00:00,0.6489,0.6562,0.6477,0.6541,2890004.63
2026-03-09 04:00:00,0.6541,0.659,0.6521,0.6582,2461751.7
2026-03-09 08:00:00,0.6582,0.6643,0.6571,0.6618,2224465.52
2026-03-09 12:00:00,0.6618,0.6716,0.6618,0.6689,3666300.9
2026-03-09 16:00:00,0.6689,0.6748,0.666,0.6722,2231655.33
2026-03-09 20:00:00,0.6722,0.675,0.6684,0.6687,1180045.2
2026-03-10 00:00:00,0.6687,0.6761,0.6684,0.673,1765367.32
2026-03-10 04:00:00,0.673,0.6831,0.673,0.6825,1898657.69
2026-03-10 08:00:00,0.6825,0.697,0.6825,0.6937,3449747.66
2026-03-10 12:00:00,0.6937,0.707,0.6865,0.7042,6682510.1
2026-03-10 16:00:00,0.7042,0.7078,0.694,0.7001,5844031.99
2026-03-10 20:00:00,0.7001,0.7024,0.6947,0.7001,2033972.01
2026-03-11 00:00:00,0.7001,0.7004,0.6957,0.6962,1271722.91
2026-03-11 04:00:00,0.6962,0.7031,0.6927,0.6934,1906650.46
2026-03-11 08:00:00,0.6934,0.6955,0.6901,0.6925,1911060.79
2026-03-11 12:00:00,0.6925,0.7028,0.6908,0.7002,4526840.47
2026-03-11 16:00:00,0.7002,0.7012,0.6976,0.6991,1996651.67
2026-03-11 20:00:00,0.6991,0.6996,0.6905,0.6908,2018961.26
2026-03-12 00:00:00,0.6908,0.6953,0.6906,0.6938,1312651.01
2026-03-12 04:00:00,0.6938,0.7033,0.6921,0.7015,1660203.32
2026-03-12 08:00:00,0.7015,0.7119,0.7015,0.7111,3565350.12
2026-03-12 12:00:00,0.7111,0.7144,0.7064,0.7103,3951975.52
2026-03-12 16:00:00,0.7103,0.7191,0.7084,0.7162,3918534.38
2026-03-12 20:00:00,0.7162,0.7173,0.7114,0.717,1807430.51
2026-03-13 00:00:00,0.717,0.7257,0.7141,0.719,3455962.89
2026-03-13 04:00:00,0.719,0.7273,0.7182,0.7226,4538591.95
2026-03-13 08:00:00,0.7226,0.7305,0.7207,0.7258,6413194.17
2026-03-13 12:00:00,0.7258,0.739,0.7214,0.7239,9715713.3
2026-03-13 16:00:00,0.7239,0.7282,0.7126,0.7163,3585063.26
2026-03-13 20:00:00,0.7163,0.7203,0.7101,0.7155,1887489.94
2026-03-14 00:00:00,0.7155,0.7199,0.7079,0.7162,3970791.74
2026-03-14 04:00:00,0.7162,0.7176,0.7072,0.7137,3329429.46
2026-03-14 08:00:00,0.7137,0.7315,0.7123,0.7308,6545140.64
2026-03-14 12:00:00,0.7308,0.8077,0.7308,0.7612,25584253.83
2026-03-14 16:00:00,0.7612,0.7908,0.7586,0.7784,8284636.15
2026-03-14 20:00:00,0.7784,0.8018,0.7739,0.7959,4613631.01
2026-03-15 00:00:00,0.7959,0.8123,0.7854,0.7916,6562996.2
2026-03-15 04:00:00,0.7916,0.7917,0.7765,0.7788,5687516.43
2026-03-15 08:00:00,0.7788,0.784,0.7696,0.7732,2593493.93
2026-03-15 12:00:00,0.7732,0.7848,0.7729,0.7804,2253181.43
2026-03-15 16:00:00,0.7804,0.7851,0.778,0.7835,1923023.68
2026-03-15 20:00:00,0.7835,0.8119,0.7818,0.8044,5815557.25
2026-03-16 00:00:00,0.8044,0.8078,0.7874,0.7936,3738421.13
2026-03-16 04:00:00,0.7936,0.8082,0.7908,0.7988,3718501.58
2026-03-16 08:00:00,0.7988,0.8355,0.7978,0.8294,5994129.77
2026-03-16 12:00:00,0.8294,0.856,0.8223,0.8266,8541508.39
2026-03-16 16:00:00,0.8266,0.8471,0.8266,0.8402,3904152.04
2026-03-16 20:00:00,0.8402,0.8674,0.8385,0.8667,3336268.09
2026-03-17 00:00:00,0.8667,0.8698,0.8387,0.8416,6086631.24
2026-03-17 04:00:00,0.8416,0.8426,0.8244,0.8334,4309115.02
2026-03-17 08:00:00,0.8334,0.8484,0.8314,0.8445,3786830.04
2026-03-17 12:00:00,0.8445,0.851,0.8374,0.848,5352153.32
2026-03-17 16:00:00,0.848,0.8512,0.8401,0.8448,3196351.26
2026-03-17 20:00:00,0.8448,0.8448,0.835,0.8374,1852010.48
2026-03-18 00:00:00,0.8374,0.8382,0.8286,0.8375,2102996.57
2026-03-18 04:00:00,0.8375,0.8528,0.8316,0.8439,2921971.98
2026-03-18 08:00:00,0.8439,0.8453,0.8355,0.8398,4171880.11
2026-03-18 12:00:00,0.8398,0.8414,0.7346,0.7614,24190953.46
2026-03-18 16:00:00,0.7614,0.798,0.7509,0.7803,13314788.79
2026-03-18 20:00:00,0.7803,0.7803,0.769,0.775,2459954.45
2026-03-19 00:00:00,0.775,0.7774,0.765,0.7747,2560558.06
2026-03-19 04:00:00,0.7747,0.7751,0.7483,0.751,3716630.11
2026-03-19 08:00:00,0.751,0.7543,0.744,0.7459,3459540.98
2026-03-19 12:00:00,0.7459,0.7472,0.7241,0.7293,5281604.15
2026-03-19 16:00:00,0.7293,0.7481,0.7279,0.7431,4643772.92
2026-03-19 20:00:00,0.7431,0.7531,0.7423,0.75,2734627.59
2026-03-20 00:00:00,0.75,0.762,0.7478,0.76,2786714.49
2026-03-20 04:00:00,0.76,0.7615,0.7525,0.7536,2325633.18
2026-03-20 08:00:00,0.7536,0.7647,0.7534,0.7558,3515940.92
2026-03-20 12:00:00,0.7558,0.7576,0.7388,0.7459,4137973.17
2026-03-20 16:00:00,0.7459,0.7478,0.7398,0.7455,2040065.69
2026-03-20 20:00:00,0.7455,0.7551,0.7428,0.7513,1769882.85
2026-03-21 00:00:00,0.7513,0.7552,0.7501,0.7514,1076641.62
2026-03-21 04:00:00,0.7514,0.755,0.7501,0.7514,1000618.86
2026-03-21 08:00:00,0.7514,0.7536,0.7477,0.75,1421106.68
2026-03-21 12:00:00,0.75,0.7544,0.7491,0.7521,1430264.93
2026-03-21 16:00:00,0.7521,0.754,0.748,0.7484,1099002.54
2026-03-21 20:00:00,0.7484,0.7581,0.7344,0.737,3791361.5
2026-03-22 00:00:00,0.737,0.7427,0.7301,0.7404,3402275.09
2026-03-22 04:00:00,0.7404,0.7438,0.7362,0.7363,2534464.96
2026-03-22 08:00:00,0.7363,0.7371,0.7285,0.7287,3687880.75
2026-03-22 12:00:00,0.7287,0.7332,0.7196,0.7233,3518457.84
2026-03-22 16:00:00,0.7233,0.7235,0.7127,0.7149,3676993.05
2026-03-22 20:00:00,0.7149,0.7188,0.7056,0.7108,2868764.38
2026-03-23 00:00:00,0.7108,0.7177,0.7053,0.7113,2655242.68
2026-03-23 04:00:00,0.7113,0.7165,0.6718,0.685,17430319.18
2026-03-23 08:00:00,0.685,0.7252,0.6813,0.7099,14035024.33
2026-03-23 12:00:00,0.7099,0.7133,0.6986,0.6998,11725898.3
2026-03-23 16:00:00,0.6998,0.7093,0.6998,0.7046,3363785.39
2026-03-23 20:00:00,0.7046,0.7088,0.7029,0.7058,1357721.32
2026-03-24 00:00:00,0.7058,0.7074,0.7007,0.7042,2164049.11
2026-03-24 04:00:00,0.7042,0.7127,0.6992,0.7118,2940572.04
2026-03-24 08:00:00,0.7118,0.7186,0.7109,0.718,3213758.35
2026-03-24 12:00:00,0.718,0.7182,0.7016,0.7052,4891197.71
2026-03-24 16:00:00,0.7052,0.7066,0.7008,0.7028,2983917.79
2026-03-24 20:00:00,0.7028,0.7185,0.7026,0.7161,2533519.46
2026-03-25 00:00:00,0.7161,0.7184,0.7128,0.7153,1684251.62
2026-03-25 04:00:00,0.7153,0.7392,0.7147,0.733,3206315.96
2026-03-25 08:00:00,0.733,0.748,0.733,0.7423,4639644.06
2026-03-25 12:00:00,0.7423,0.7445,0.7327,0.7366,5274907.15
2026-03-25 16:00:00,0.7366,0.7448,0.7356,0.7403,6940184.12
2026-03-25 20:00:00,0.7403,0.7427,0.7345,0.7405,4227942.31
2026-03-26 00:00:00,0.7405,0.7439,0.723,0.7248,2407420.05
2026-03-26 04:00:00,0.7248,0.725,0.7057,0.7112,4888517.24
2026-03-26 08:00:00,0.7112,0.7114,0.7001,0.7034,2603032.89
2026-03-26 12:00:00,0.7034,0.7082,0.6963,0.7,3126373.14
2026-03-26 16:00:00,0.7,0.7002,0.69,0.6925,3077035.61
2026-03-26 20:00:00,0.6925,0.7001,0.6914,0.6958,2704956.86
2026-03-27 00:00:00,0.6958,0.7017,0.695,0.6981,1715893.25
2026-03-27 04:00:00,0.6981,0.7043,0.6928,0.6931,2448131.82
2026-03-27 08:00:00,0.6931,0.6958,0.6692,0.6727,5869738.1
2026-03-27 12:00:00,0.6727,0.6793,0.6695,0.674,3536208.69
2026-03-27 16:00:00,0.674,0.6776,0.6719,0.6765,2199173.68
2026-03-27 20:00:00,0.6765,0.6771,0.6724,0.6745,1171545.07
2026-03-28 00:00:00,0.6745,0.677,0.6679,0.6711,1508089.98
2026-03-28 04:00:00,0.6711,0.678,0.6701,0.6775,1235190.98
2026-03-28 08:00:00,0.6775,0.682,0.6753,0.6779,2055379.14
2026-03-28 12:00:00,0.6779,0.6878,0.6772,0.6837,3381768.57
2026-03-28 16:00:00,0.6837,0.6849,0.6801,0.681,1344326.58
2026-03-28 20:00:00,0.681,0.6817,0.6717,0.673,1276282.77
2026-03-29 00:00:00,0.673,0.677,0.6723,0.6762,1794255.81
2026-03-29 04:00:00,0.6762,0.6765,0.6732,0.6748,1565155.15
2026-03-29 08:00:00,0.6748,0.6803,0.6734,0.6781,2189680.31
2026-03-29 12:00:00,0.6781,0.679,0.6756,0.6777,1442590.17
2026-03-29 16:00:00,0.6777,0.6786,0.6745,0.6752,889233.35
2026-03-29 20:00:00,0.6752,0.6775,0.6644,0.6717,3064288.67
2026-03-30 00:00:00,0.6717,0.6823,0.6706,0.6803,4734408.33
2026-03-30 04:00:00,0.6803,0.6866,0.6801,0.6862,2608337.04
2026-03-30 08:00:00,0.6862,0.6944,0.6861,0.6907,2732560.5
2026-03-30 12:00:00,0.6907,0.6963,0.6894,0.6956,3445140.2
2026-03-30 16:00:00,0.6956,0.6969,0.6802,0.6827,2414478.29
2026-03-30 20:00:00,0.6827,0.6879,0.6816,0.6871,1225961.39
2026-03-31 00:00:00,0.6871,0.6963,0.6862,0.691,2265850.41
2026-03-31 04:00:00,0.691,0.695,0.6896,0.693,5168946.25
2026-03-31 08:00:00,0.693,0.6932,0.6764,0.6839,5763941.2
2026-03-31 12:00:00,0.6839,0.69,0.6795,0.6808,2926655.7
2026-03-31 16:00:00,0.6808,0.6921,0.6802,0.6919,2694647.76
2026-03-31 20:00:00,0.6919,0.6983,0.6918,0.6974,2303842.29
2026-04-01 00:00:00,0.6974,0.6998,0.6922,0.6952,1548787.37
2026-04-01 04:00:00,0.6952,0.7089,0.6934,0.7021,2833916.6
2026-04-01 08:00:00,0.7021,0.7066,0.6989,0.7033,6096492.09
2026-04-01 12:00:00,0.7033,0.704,0.6943,0.7005,6180155.04
2026-04-01 16:00:00,0.7005,0.7066,0.6989,0.7028,3429357.7
2026-04-01 20:00:00,0.7028,0.7053,0.6995,0.7008,1930667.84
2026-04-02 00:00:00,0.7008,0.7027,0.6748,0.6766,5386246.92
2026-04-02 04:00:00,0.6766,0.6809,0.6742,0.6803,2730322.4
2026-04-02 08:00:00,0.6803,0.6805,0.6696,0.671,2182716.12
2026-04-02 12:00:00,0.671,0.6773,0.6664,0.6761,3419301.55
2026-04-02 16:00:00,0.6761,0.6793,0.6708,0.6731,1876620.26
2026-04-02 20:00:00,0.6731,0.6785,0.6711,0.6722,1647347.75
2026-04-03 00:00:00,0.6722,0.6765,0.6715,0.6755,1610331.08
2026-04-03 04:00:00,0.6755,0.6798,0.6729,0.6771,1770733.15
2026-04-03 08:00:00,0.6771,0.6795,0.6746,0.6759,1839016.17
2026-04-03 12:00:00,0.6759,0.6808,0.6741,0.6758,2219419.27
2026-04-03 16:00:00,0.6758,0.678,0.6735,0.6752,1220012.8
2026-04-03 20:00:00,0.6752,0.6768,0.6726,0.6754,1118590.76
2026-04-04 00:00:00,0.6754,0.6757,0.6723,0.6735,1743285.15
2026-04-04 04:00:00,0.6735,0.6754,0.672,0.6747,1163304.71
2026-04-04 08:00:00,0.6747,0.6761,0.6727,0.6738,859600.58
2026-04-04 12:00:00,0.6738,0.6744,0.6689,0.6729,1697156.67
2026-04-04 16:00:00,0.6729,0.6741,0.6708,0.6716,1027264.18
2026-04-04 20:00:00,0.6716,0.6717,0.669,0.6694,931294.61
2026-04-05 00:00:00,0.6694,0.6701,0.6572,0.6596,2785747.87
2026-04-05 04:00:00,0.6596,0.6618,0.6545,0.6581,1931897.65
2026-04-05 08:00:00,0.6581,0.6597,0.6563,0.657,1042022.52
2026-04-05 12:00:00,0.657,0.6669,0.6521,0.6628,3631497.44
2026-04-05 16:00:00,0.6628,0.666,0.6599,0.6613,1604904.98
2026-04-05 20:00:00,0.6613,0.6717,0.6598,0.6708,2460469.47
2026-04-06 00:00:00,0.6708,0.6814,0.6697,0.6721,5272040.84
2026-04-06 04:00:00,0.6721,0.6759,0.6686,0.6731,2569810.37
2026-04-06 08:00:00,0.6731,0.6784,0.6722,0.6734,2743595.39
2026-04-06 12:00:00,0.6734,0.6743,0.6639,0.6686,3459176.37
2026-04-06 16:00:00,0.6686,0.6701,0.6625,0.6636,1819565.76
2026-04-06 20:00:00,0.6636,0.6648,0.6536,0.6551,2648391.61
2026-04-07 00:00:00,0.6551,0.6568,0.6472,0.6492,2684583.96
2026-04-07 04:00:00,0.6492,0.6528,0.6464,0.6527,1608413.12
2026-04-07 08:00:00,0.6527,0.6554,0.6492,0.6511,2399866.71
2026-04-07 12:00:00,0.6511,0.6524,0.644,0.6457,2532815.18
2026-04-07 16:00:00,0.6457,0.6495,0.6369,0.6451,3065864.07
2026-04-07 20:00:00,0.6451,0.677,0.6448,0.6748,7638468.28
2026-04-08 00:00:00,0.6748,0.6832,0.6684,0.6718,3549501.65
2026-04-08 04:00:00,0.6718,0.6849,0.6717,0.6799,2740799.93
2026-04-08 08:00:00,0.6799,0.6829,0.6774,0.6825,1654315.16
2026-04-08 12:00:00,0.6825,0.6882,0.6703,0.675,4503445.16
2026-04-08 16:00:00,0.675,0.6797,0.6588,0.6622,4626495.11
2026-04-08 20:00:00,0.6622,0.6661,0.6564,0.6587,3014470.62
2026-04-09 00:00:00,0.6587,0.6596,0.655,0.6565,2278094.19
2026-04-09 04:00:00,0.6565,0.659,0.6552,0.6574,1255619.43
2026-04-09 08:00:00,0.6574,0.6611,0.6568,0.6585,2227222.31
2026-04-09 12:00:00,0.6585,0.6672,0.6546,0.6662,3006435.3
2026-04-09 16:00:00,0.6662,0.6675,0.661,0.6666,2638597.27
2026-04-09 20:00:00,0.6666,0.6712,0.6653,0.6656,2336555.09
2026-04-10 00:00:00,0.6656,0.6688,0.6643,0.6651,1525959.27
2026-04-10 04:00:00,0.6651,0.671,0.662,0.6632,2296516.99
2026-04-10 08:00:00,0.6632,0.6674,0.6627,0.6673,1391078.85
2026-04-10 12:00:00,0.6673,0.677,0.6664,0.6727,3880530.98
2026-04-10 16:00:00,0.6727,0.6863,0.6727,0.6863,3540763.5
2026-04-10 20:00:00,0.6863,0.6954,0.6831,0.6928,3904901.28
2026-04-11 00:00:00,0.6928,0.694,0.6839,0.6843,2082990.86
2026-04-11 04:00:00,0.6843,0.6851,0.6738,0.6756,2717205.98
2026-04-11 08:00:00,0.6756,0.6805,0.6741,0.6801,1356625.0
2026-04-11 12:00:00,0.6801,0.6801,0.6744,0.6789,1698987.71
2026-04-11 16:00:00,0.6789,0.6886,0.6784,0.688,2552714.22
2026-04-11 20:00:00,0.688,0.6891,0.6794,0.6802,2100735.74
2026-04-12 00:00:00,0.6802,0.6806,0.6626,0.6682,4016544.85
2026-04-12 04:00:00,0.6682,0.67,0.666,0.6675,1193004.35
2026-04-12 08:00:00,0.6675,0.6692,0.6656,0.6665,1048730.22
2026-04-12 12:00:00,0.6665,0.6675,0.6624,0.6642,2397188.08
2026-04-12 16:00:00,0.6642,0.6667,0.6633,0.6649,1124501.64
2026-04-12 20:00:00,0.6649,0.6678,0.6634,0.6646,1378948.29
2026-04-13 00:00:00,0.6646,0.668,0.6641,0.6674,1077805.35
2026-04-13 04:00:00,0.6674,0.6677,0.6599,0.6624,2305121.37
2026-04-13 08:00:00,0.6624,0.6642,0.6606,0.6627,1522174.41
2026-04-13 12:00:00,0.6627,0.6708,0.6616,0.666,3647720.43
2026-04-13 16:00:00,0.666,0.6739,0.6643,0.6735,2372507.28
2026-04-13 20:00:00,0.6735,0.6842,0.672,0.6827,4026949.53
2026-04-14 00:00:00,0.6827,0.6845,0.6802,0.6825,1672496.0
2026-04-14 04:00:00,0.6825,0.6878,0.6801,0.6806,3672198.45
2026-04-14 08:00:00,0.6806,0.6832,0.6677,0.6713,4800101.17
2026-04-14 12:00:00,0.6713,0.6798,0.6683,0.6742,5504650.63
2026-04-14 16:00:00,0.6742,0.6749,0.6544,0.6569,3997347.34
2026-04-14 20:00:00,0.6569,0.6577,0.6517,0.6544,2057220.89
2026-04-15 00:00:00,0.6544,0.6587,0.654,0.6553,1605093.63
2026-04-15 04:00:00,0.6553,0.6583,0.651,0.6553,1652611.13
2026-04-15 08:00:00,0.6553,0.6575,0.6522,0.6569,2105114.34
2026-04-15 12:00:00,0.6569,0.6637,0.6532,0.6595,4328494.23
2026-04-15 16:00:00,0.6595,0.6683,0.6585,0.6665,2537669.62
2026-04-15 20:00:00,0.6665,0.6677,0.6635,0.6649,1837054.57
2026-04-16 00:00:00,0.6649,0.6682,0.6628,0.6679,2085783.32
2026-04-16 04:00:00,0.6679,0.6688,0.662,0.6625,2197287.95
2026-04-16 08:00:00,0.6625,0.6646,0.6579,0.6605,2578228.51
2026-04-16 12:00:00,0.6605,0.6665,0.6482,0.658,6541631.89
2026-04-16 16:00:00,0.658,0.6766,0.6561,0.6759,4707750.54
2026-04-16 20:00:00,0.6759,0.6777,0.668,0.6731,4071547.75
2026-04-17 00:00:00,0.6731,0.675,0.6619,0.6641,2626985.34
2026-04-17 04:00:00,0.6641,0.6672,0.6593,0.6657,2348376.67
2026-04-17 08:00:00,0.6657,0.6783,0.6654,0.6771,3597501.22
2026-04-17 12:00:00,0.6771,0.695,0.6761,0.6852,8876001.85
2026-04-17 16:00:00,0.6852,0.6911,0.6823,0.6847,4150194.85
2026-04-17 20:00:00,0.6847,0.6854,0.6788,0.6817,1919616.89
2026-04-18 00:00:00,0.6817,0.685,0.6794,0.6817,1718131.37
2026-04-18 04:00:00,0.6817,0.6869,0.6809,0.6822,2510738.35
2026-04-18 08:00:00,0.6822,0.6838,0.6634,0.6659,5693835.97
2026-04-18 12:00:00,0.6659,0.6696,0.6636,0.6691,4223881.58
2026-04-18 16:00:00,0.6691,0.6693,0.6618,0.6621,2279704.26
2026-04-18 20:00:00,0.6621,0.664,0.6607,0.6607,1248302.15
2026-04-19 00:00:00,0.6607,0.6617,0.6505,0.6534,2752359.87
2026-04-19 04:00:00,0.6534,0.656,0.6501,0.6549,2851264.87
2026-04-19 08:00:00,0.6549,0.6572,0.6503,0.657,1903221.7
2026-04-19 12:00:00,0.657,0.6652,0.65,0.6541,122512126.01
2026-04-19 16:00:00,0.6541,0.6569,0.6357,0.6411,223018724.23
2026-04-19 20:00:00,0.6411,0.6466,0.6195,0.6218,304652097.64
2026-04-20 00:00:00,0.6218,0.6311,0.6167,0.6207,182487998.62
2026-04-20 04:00:00,0.6207,0.6223,0.6071,0.6122,138962875.7
2026-04-20 08:00:00,0.6122,0.6313,0.6105,0.6185,152025185.16
2026-04-20 12:00:00,0.6185,0.633,0.6168,0.6235,132285248.71
2026-04-20 16:00:00,0.6235,0.6481,0.6206,0.6307,150705054.06
2026-04-20 20:00:00,0.6307,0.6424,0.6236,0.6303,176927954.42
2026-04-21 00:00:00,0.6303,0.6365,0.6246,0.6334,116574092.03
2026-04-21 04:00:00,0.6334,0.6448,0.6283,0.6424,76152299.0
2026-04-21 08:00:00,0.6424,0.6487,0.6418,0.6441,27870887.45
2026-04-21 12:00:00,0.6441,0.645,0.6331,0.6352,8785807.86
2026-04-21 16:00:00,0.6352,0.6365,0.6228,0.6246,4120994.69
2026-04-21 20:00:00,0.6246,0.6316,0.623,0.6311,2488394.55
2026-04-22 00:00:00,0.6311,0.6368,0.6255,0.6326,3257681.87
2026-04-22 04:00:00,0.6326,0.639,0.6303,0.6383,3865644.02
2026-04-22 08:00:00,0.6383,0.6422,0.6361,0.6401,3529510.37
2026-04-22 12:00:00,0.6401,0.6454,0.6378,0.6423,7508525.99
2026-04-22 16:00:00,0.6423,0.6505,0.6412,0.6455,4203248.68
2026-04-22 20:00:00,0.6455,0.6526,0.6441,0.6444,2941916.65
2026-04-23 00:00:00,0.6444,0.645,0.635,0.6358,4202954.79
2026-04-23 04:00:00,0.6358,0.6407,0.635,0.6365,2711284.92
2026-04-23 08:00:00,0.6365,0.6366,0.6305,0.6361,3032397.66
2026-04-23 12:00:00,0.6361,0.6445,0.6353,0.6426,3906329.93
2026-04-23 16:00:00,0.6426,0.6435,0.6325,0.6394,3870777.41
2026-04-23 20:00:00,0.6394,0.6482,0.6394,0.6471,2358364.49
2026-04-24 00:00:00,0.6471,0.6546,0.6421,0.645,4916584.51
2026-04-24 04:00:00,0.645,0.6522,0.6441,0.6449,3045336.33
2026-04-24 08:00:00,0.6449,0.6539,0.6449,0.6502,2764159.62
2026-04-24 12:00:00,0.6502,0.6522,0.6429,0.6467,4129800.51
2026-04-24 16:00:00,0.6467,0.6503,0.6456,0.6488,2904115.67
2026-04-24 20:00:00,0.6488,0.6508,0.6464,0.6479,3094471.77
2026-04-25 00:00:00,0.6479,0.651,0.6459,0.6508,1194129.69
2026-04-25 04:00:00,0.6508,0.6527,0.6485,0.6497,1681072.95
2026-04-25 08:00:00,0.6497,0.6617,0.6488,0.659,3890877.71
2026-04-25 12:00:00,0.659,0.6639,0.6562,0.6571,3375470.43
2026-04-25 16:00:00,0.6571,0.6587,0.6527,0.6558,4172679.15
2026-04-25 20:00:00,0.6558,0.6599,0.6547,0.6591,3079313.46
2026-04-26 00:00:00,0.6591,0.6593,0.651,0.6524,1185111.65
2026-04-26 04:00:00,0.6524,0.6572,0.651,0.6561,1507092.99
2026-04-26 08:00:00,0.6561,0.6578,0.6546,0.6573,1252129.41
2026-04-26 12:00:00,0.6573,0.6578,0.6526,0.6568,2125964.61
2026-04-26 16:00:00,0.6568,0.659,0.654,0.6573,2358935.64
2026-04-26 20:00:00,0.6573,0.6587,0.6532,0.6544,5663410.48
2026-04-27 00:00:00,0.6544,0.6631,0.6522,0.6597,3304773.22
2026-04-27 04:00:00,0.6597,0.6617,0.6396,0.6417,5926738.33
2026-04-27 08:00:00,0.6417,0.6418,0.636,0.6411,3499556.62
2026-04-27 12:00:00,0.6411,0.6437,0.6294,0.6335,4966185.57
2026-04-27 16:00:00,0.6335,0.6369,0.6316,0.6345,3195095.69
2026-04-27 20:00:00,0.6345,0.6381,0.6326,0.6376,2310699.76
2026-04-28 00:00:00,0.6376,0.6382,0.6326,0.6338,1173237.81
2026-04-28 04:00:00,0.6338,0.6372,0.6302,0.633,1961297.81
2026-04-28 08:00:00,0.633,0.6337,0.6297,0.6306,1785420.68
2026-04-28 12:00:00,0.6306,0.6339,0.6282,0.6317,3115876.29
2026-04-28 16:00:00,0.6317,0.6346,0.6307,0.6338,2534072.19
2026-04-28 20:00:00,0.6338,0.6346,0.6285,0.6309,1816151.03
2026-04-29 00:00:00,0.6309,0.6363,0.6296,0.6355,2187951.15
2026-04-29 04:00:00,0.6355,0.6398,0.6343,0.6348,2551731.92
2026-04-29 08:00:00,0.6348,0.6404,0.6345,0.6366,2816492.37
2026-04-29 12:00:00,0.6366,0.6367,0.6238,0.6246,5734426.19
2026-04-29 16:00:00,0.6246,0.6267,0.6188,0.6225,4569836.13
2026-04-29 20:00:00,0.6225,0.6256,0.6218,0.6246,1489376.64
2026-04-30 00:00:00,0.6246,0.6277,0.6234,0.6255,1982292.7
2026-04-30 04:00:00,0.6255,0.6266,0.6214,0.6263,1455535.16
2026-04-30 08:00:00,0.6263,0.6268,0.6213,0.6242,2093509.09
2026-04-30 12:00:00,0.6242,0.6269,0.6224,0.6261,2325691.12
2026-04-30 16:00:00,0.6261,0.6275,0.624,0.6271,1240473.24
2026-04-30 20:00:00,0.6271,0.6298,0.6256,0.6278,2023947.7
2026-05-01 00:00:00,0.6278,0.6318,0.6266,0.63,1639822.39
2026-05-01 04:00:00,0.63,0.6319,0.6288,0.6315,1143707.66
2026-05-01 08:00:00,0.6315,0.634,0.6292,0.6335,1624871.21
2026-05-01 12:00:00,0.6335,0.6369,0.6326,0.6349,2055835.48
2026-05-01 16:00:00,0.6349,0.6361,0.6318,0.6326,2962999.48
2026-05-01 20:00:00,0.6326,0.6329,0.6282,0.6311,1406383.59
2026-05-02 00:00:00,0.6311,0.632,0.6294,0.6298,896703.0
2026-05-02 04:00:00,0.6298,0.6308,0.628,0.6295,724073.19
2026-05-02 08:00:00,0.6295,0.6324,0.6288,0.6306,677325.55
2026-05-02 12:00:00,0.6306,0.634,0.6302,0.6327,2443899.13
2026-05-02 16:00:00,0.6327,0.6327,0.6296,0.6305,888194.27
2026-05-02 20:00:00,0.6305,0.6341,0.6299,0.6308,1494325.6
2026-05-03 00:00:00,0.6308,0.6315,0.626,0.6265,1157054.91
2026-05-03 04:00:00,0.6265,0.6344,0.626,0.6312,1432008.64
2026-05-03 08:00:00,0.6312,0.6341,0.6306,0.6332,1727956.91
2026-05-03 12:00:00,0.6332,0.635,0.6324,0.634,1041712.94
2026-05-03 16:00:00,0.634,0.6347,0.6327,0.6343,2154039.8
2026-05-03 20:00:00,0.6343,0.6357,0.6308,0.6318,1777325.98
2026-05-04 00:00:00,0.6318,0.642,0.6289,0.6414,3691747.49
2026-05-04 04:00:00,0.6414,0.6446,0.6387,0.6409,2020734.41
2026-05-04 08:00:00,0.6409,0.6443,0.6345,0.6381,2666127.66
2026-05-04 12:00:00,0.6381,0.6431,0.6362,0.6411,2628581.86
2026-05-04 16:00:00,0.6411,0.644,0.638,0.6391,1959891.96
2026-05-04 20:00:00,0.6391,0.642,0.6373,0.64,5996872.6
2026-05-05 00:00:00,0.64,0.6439,0.6392,0.6433,1004292.42
2026-05-05 04:00:00,0.6433,0.6451,0.6417,0.6424,2377202.65
2026-05-05 08:00:00,0.6424,0.6446,0.6389,0.6421,1968900.32
2026-05-05 12:00:00,0.6421,0.6466,0.6417,0.6421,2921355.16
2026-05-05 16:00:00,0.6421,0.6461,0.64,0.6455,3867182.4
2026-05-05 20:00:00,0.6455,0.6499,0.6446,0.646,4738509.49
2026-05-06 00:00:00,0.646,0.6496,0.6454,0.6493,1322353.14
2026-05-06 04:00:00,0.6493,0.6541,0.6468,0.6521,2543171.87
2026-05-06 08:00:00,0.6521,0.6749,0.6519,0.6742,4753267.36
2026-05-06 12:00:00,0.6742,0.6762,0.6645,0.6714,8189992.29
2026-05-06 16:00:00,0.6714,0.6717,0.6628,0.6655,3006409.82
2026-05-06 20:00:00,0.6655,0.6689,0.6636,0.6676,2718907.29
2026-05-07 00:00:00,0.6676,0.6684,0.6542,0.6551,2904771.57
2026-05-07 04:00:00,0.6551,0.6705,0.6546,0.668,3780158.78
2026-05-07 08:00:00,0.668,0.6703,0.6647,0.6685,4780688.16
2026-05-07 12:00:00,0.6685,0.6703,0.6589,0.6617,5864181.91
2026-05-07 16:00:00,0.6617,0.6622,0.6582,0.661,2327099.32
2026-05-07 20:00:00,0.661,0.6629,0.6565,0.6623,1994124.34
2026-05-08 00:00:00,0.6623,0.6646,0.6599,0.6639,1511692.49
2026-05-08 04:00:00,0.6639,0.6657,0.6605,0.6656,1411802.11
2026-05-08 08:00:00,0.6656,0.6678,0.6637,0.667,5876093.29
2026-05-08 12:00:00,0.667,0.6696,0.662,0.6695,5728625.0
2026-05-08 16:00:00,0.6695,0.6829,0.6676,0.6792,4718741.35
2026-05-08 20:00:00,0.6792,0.6857,0.6784,0.6845,5595936.84
2026-05-09 00:00:00,0.6845,0.6949,0.6842,0.6899,3231324.98
2026-05-09 04:00:00,0.6899,0.6921,0.6837,0.6865,2947164.5
2026-05-09 08:00:00,0.6865,0.6893,0.6815,0.6878,2455797.7
2026-05-09 12:00:00,0.6878,0.6928,0.6811,0.6881,6463771.45
2026-05-09 16:00:00,0.6881,0.6899,0.6838,0.6856,1895595.96
2026-05-09 20:00:00,0.6856,0.6868,0.6823,0.6826,1670115.48
2026-05-10 00:00:00,0.6826,0.6844,0.6799,0.6827,1266020.99
2026-05-10 04:00:00,0.6827,0.6858,0.6822,0.6835,3190720.77
2026-05-10 08:00:00,0.6835,0.6854,0.6825,0.6846,2960379.38
2026-05-10 12:00:00,0.6846,0.691,0.6839,0.6906,2771164.46
2026-05-10 16:00:00,0.6906,0.7121,0.6895,0.7107,6268037.81
2026-05-10 20:00:00,0.7107,0.7149,0.6984,0.7137,9409985.76
2026-05-11 00:00:00,0.7137,0.7141,0.6992,0.7021,4396898.18
2026-05-11 04:00:00,0.7021,0.7087,0.6991,0.7033,2835022.07
2026-05-11 08:00:00,0.7033,0.7088,0.6998,0.7069,4036597.14
2026-05-11 12:00:00,0.7069,0.7069,0.692,0.6986,5228453.64
2026-05-11 16:00:00,0.6986,0.7005,0.6937,0.6991,2360955.38
2026-05-11 20:00:00,0.6991,0.6999,0.6947,0.6973,1201060.68
2026-05-12 00:00:00,0.6973,0.6973,0.682,0.6869,3140137.38
2026-05-12 04:00:00,0.6869,0.6933,0.6838,0.6838,3672237.57
2026-05-12 08:00:00,0.6838,0.6856,0.6736,0.6769,4303307.2
2026-05-12 12:00:00,0.6769,0.6796,0.665,0.6661,5579694.57
2026-05-12 16:00:00,0.6661,0.6713,0.6628,0.6691,3195076.62
2026-05-12 20:00:00,0.6691,0.6747,0.6651,0.6678,3943354.26
2026-05-13 00:00:00,0.6678,0.6737,0.6659,0.6713,2648761.38
2026-05-13 04:00:00,0.6713,0.674,0.6693,0.671,1783882.58
2026-05-13 08:00:00,0.671,0.6794,0.6694,0.6705,3610306.31
2026-05-13 12:00:00,0.6705,0.6717,0.6474,0.6478,7234533.04
2026-05-13 16:00:00,0.6478,0.6542,0.6471,0.6525,3833773.24
2026-05-13 20:00:00,0.6525,0.6785,0.6523,0.6719,9966755.48
2026-05-14 00:00:00,0.6719,0.6811,0.6689,0.6749,4062865.13
2026-05-14 04:00:00,0.6749,0.6793,0.673,0.6743,2597742.8
2026-05-14 08:00:00,0.6743,0.6803,0.6737,0.6774,2930524.31
2026-05-14 12:00:00,0.6774,0.685,0.6633,0.6797,8861735.24
2026-05-14 16:00:00,0.6797,0.6999,0.678,0.6968,6524126.61
2026-05-14 20:00:00,0.6968,0.7044,0.6938,0.6953,8670604.8
2026-05-15 00:00:00,0.6953,0.698,0.6874,0.6948,3588609.32
2026-05-15 04:00:00,0.6948,0.6951,0.6798,0.6851,3123881.22
2026-05-15 08:00:00,0.6851,0.6852,0.6747,0.6776,3990471.75
2026-05-15 12:00:00,0.6776,0.6779,0.6604,0.6648,5277894.39
2026-05-15 16:00:00,0.6648,0.6676,0.6632,0.6665,1798853.67
2026-05-15 20:00:00,0.6665,0.6668,0.6606,0.6664,5306241.24
2026-05-16 00:00:00,0.6664,0.6673,0.6593,0.6609,1394374.73
2026-05-16 04:00:00,0.6609,0.662,0.6478,0.6515,3128022.89
2026-05-16 08:00:00,0.6515,0.6519,0.6401,0.641,3579047.67
2026-05-16 12:00:00,0.641,0.6456,0.64,0.6445,1589070.83
2026-05-16 16:00:00,0.6445,0.6461,0.6404,0.6415,1629136.87
2026-05-16 20:00:00,0.6415,0.6455,0.6413,0.6429,1585473.43
2026-05-17 00:00:00,0.6429,0.6443,0.638,0.6416,1646552.45
2026-05-17 04:00:00,0.6416,0.6444,0.6413,0.6437,1463206.94
2026-05-17 08:00:00,0.6437,0.6453,0.6419,0.6444,1318653.59
2026-05-17 12:00:00,0.6444,0.6464,0.641,0.6423,1436515.52
2026-05-17 16:00:00,0.6423,0.6445,0.639,0.6438,1154285.56
2026-05-17 20:00:00,0.6438,0.6467,0.628,0.6344,4554744.2
2026-05-18 00:00:00,0.6344,0.6369,0.6316,0.6333,2768111.92
2026-05-18 04:00:00,0.6333,0.637,0.6297,0.632,1904329.26
2026-05-18 08:00:00,0.632,0.635,0.6261,0.6291,2292519.39
2026-05-18 12:00:00,0.6291,0.633,0.6211,0.6244,4301333.99
2026-05-18 16:00:00,0.6244,0.6278,0.6193,0.6276,2970326.95
2026-05-18 20:00:00,0.6276,0.6301,0.6242,0.6283,1818144.1
2026-05-19 00:00:00,0.6283,0.6306,0.6241,0.6258,1277389.35
2026-05-19 04:00:00,0.6258,0.6334,0.6251,0.6316,2374538.37
2026-05-19 08:00:00,0.6316,0.6318,0.6267,0.6278,1901055.18
2026-05-19 12:00:00,0.6278,0.6309,0.6248,0.6256,2468904.32
2026-05-19 16:00:00,0.6256,0.6284,0.6234,0.6261,1442903.16
2026-05-19 20:00:00,0.6261,0.6278,0.6228,0.6235,967455.17
2026-05-20 00:00:00,0.6235,0.6248,0.6205,0.6224,1466474.5
2026-05-20 04:00:00,0.6224,0.6277,0.618,0.6258,2739753.79
2026-05-20 08:00:00,0.6258,0.6287,0.6249,0.6252,1926745.08
2026-05-20 12:00:00,0.6252,0.6322,0.6227,0.6322,3056881.61
2026-05-20 16:00:00,0.6322,0.653,0.6322,0.6528,3992635.49
2026-05-20 20:00:00,0.6528,0.6659,0.6522,0.6659,3225591.22
2026-05-21 00:00:00,0.6659,0.6822,0.6659,0.681,4683603.48
2026-05-21 04:00:00,0.681,0.6982,0.6791,0.6814,6866638.0
2026-05-21 08:00:00,0.6814,0.6895,0.6712,0.6781,5921241.93
2026-05-21 12:00:00,0.6781,0.689,0.6768,0.6833,7415962.16
2026-05-21 16:00:00,0.6833,0.6844,0.6736,0.6823,3479426.45
2026-05-21 20:00:00,0.6823,0.6851,0.6773,0.6785,2311026.39
2026-05-22 00:00:00,0.6785,0.6847,0.675,0.6811,2253248.71
2026-05-22 04:00:00,0.6811,0.6829,0.6675,0.6707,2942494.22
2026-05-22 08:00:00,0.6707,0.6735,0.6635,0.6706,2310813.5
2026-05-22 12:00:00,0.6706,0.6711,0.656,0.6578,3198365.6
2026-05-22 16:00:00,0.6578,0.6601,0.637,0.6403,4735640.47
2026-05-22 20:00:00,0.6403,0.6439,0.6363,0.637,2324322.88
2026-05-23 00:00:00,0.637,0.6425,0.6363,0.641,1932712.9
2026-05-23 04:00:00,0.641,0.6419,0.635,0.6414,2357895.55
2026-05-23 08:00:00,0.6414,0.6414,0.6351,0.6376,1497363.68
2026-05-23 12:00:00,0.6376,0.65,0.6354,0.6495,4029788.09
2026-05-23 16:00:00,0.6495,0.6606,0.6444,0.6605,3433856.28
2026-05-23 20:00:00,0.6605,0.6699,0.6601,0.6659,3924873.27
2026-05-24 00:00:00,0.6659,0.6684,0.6611,0.6643,1967710.85
2026-05-24 04:00:00,0.6643,0.6652,0.6588,0.6593,1370491.16
2026-05-24 08:00:00,0.6593,0.6628,0.658,0.6604,1519683.64
2026-05-24 12:00:00,0.6604,0.6645,0.6495,0.6528,4097053.05
2026-05-24 16:00:00,0.6528,0.6567,0.6528,0.6543,1353795.27
2026-05-24 20:00:00,0.6543,0.6555,0.6464,0.6522,2464113.79
2026-05-25 00:00:00,0.6522,0.6536,0.6475,0.6486,1493678.59
2026-05-25 04:00:00,0.6486,0.651,0.643,0.6476,2441024.02
2026-05-25 08:00:00,0.6476,0.6518,0.6475,0.6488,1678850.06
2026-05-25 12:00:00,0.6488,0.6548,0.6453,0.6516,2234110.39
2026-05-25 16:00:00,0.6516,0.6582,0.6508,0.6534,2439084.97
2026-05-25 20:00:00,0.6534,0.6554,0.6508,0.654,1331709.59
2026-05-26 00:00:00,0.654,0.6547,0.6386,0.6461,4083999.94
2026-05-26 04:00:00,0.6461,0.6521,0.645,0.6459,1911314.43
2026-05-26 08:00:00,0.6459,0.6483,0.6422,0.6462,3199035.87
2026-05-26 12:00:00,0.6462,0.6496,0.6392,0.6421,4458299.53
2026-05-26 16:00:00,0.6421,0.6421,0.6336,0.6377,3120253.41
2026-05-26 20:00:00,0.6377,0.6397,0.6362,0.6371,1747673.06
2026-05-27 00:00:00,0.6371,0.6384,0.6337,0.6363,916268.14
2026-05-27 04:00:00,0.6363,0.6395,0.6336,0.6383,1374273.52
2026-05-27 08:00:00,0.6383,0.6395,0.6358,0.6374,1067642.51
2026-05-27 12:00:00,0.6374,0.6399,0.6317,0.6353,2926055.9
2026-05-27 16:00:00,0.6353,0.6389,0.6319,0.6372,4149128.95
2026-05-27 20:00:00,0.6372,0.6383,0.6252,0.6281,4899205.4
2026-05-28 00:00:00,0.6281,0.6305,0.6202,0.6207,4642486.57
2026-05-28 04:00:00,0.6207,0.6271,0.618,0.6248,3722497.02
2026-05-28 08:00:00,0.6248,0.6273,0.6199,0.623,2162873.19
2026-05-28 12:00:00,0.623,0.6266,0.6182,0.6217,6186617.03
2026-05-28 16:00:00,0.6217,0.6325,0.6206,0.6291,3997219.0
2026-05-28 20:00:00,0.6291,0.634,0.6271,0.6304,3646775.24
2026-05-29 00:00:00,0.6304,0.6324,0.6269,0.6276,1427133.48
2026-05-29 04:00:00,0.6276,0.6397,0.6272,0.6386,2182061.2
2026-05-29 08:00:00,0.6386,0.6462,0.6374,0.6407,2478039.59
2026-05-29 12:00:00,0.6407,0.6466,0.6333,0.6437,3965258.78
2026-05-29 16:00:00,0.6437,0.6489,0.6418,0.6431,5231056.34
2026-05-29 20:00:00,0.6431,0.6452,0.6412,0.6435,1052609.29
2026-05-30 00:00:00,0.6435,0.6525,0.6433,0.6491,1912131.38
2026-05-30 04:00:00,0.6491,0.655,0.6447,0.6518,3182833.28
2026-05-30 08:00:00,0.6518,0.653,0.6462,0.6507,2639248.03
2026-05-30 12:00:00,0.6507,0.6531,0.6477,0.6498,5636342.8
2026-05-30 16:00:00,0.6498,0.685,0.648,0.6846,10172053.71
2026-05-30 20:00:00,0.6846,0.7015,0.6692,0.6785,12163699.54
2026-05-31 00:00:00,0.6785,0.6925,0.6759,0.6844,4509424.9
2026-05-31 04:00:00,0.6844,0.6891,0.6733,0.674,6001443.38
2026-05-31 08:00:00,0.674,0.6797,0.6704,0.6756,3537294.43
2026-05-31 12:00:00,0.6756,0.6838,0.6694,0.6721,4663480.67
2026-05-31 16:00:00,0.6721,0.6741,0.6589,0.664,3531147.49
2026-05-31 20:00:00,0.664,0.6699,0.6636,0.6677,4141580.08
2026-06-01 00:00:00,0.6677,0.6695,0.6523,0.6572,11346964.69
2026-06-01 04:00:00,0.6572,0.6584,0.647,0.6488,5295746.41
2026-06-01 08:00:00,0.6488,0.6531,0.6454,0.6482,8349783.32
2026-06-01 12:00:00,0.6482,0.6492,0.6272,0.6277,11147335.43
2026-06-01 16:00:00,0.6277,0.6436,0.622,0.6391,14092112.22
2026-06-01 20:00:00,0.6391,0.6407,0.6314,0.637,4060049.24
2026-06-02 00:00:00,0.637,0.6387,0.6291,0.6349,4063338.02
2026-06-02 04:00:00,0.6349,0.6354,0.6285,0.6324,3705025.06
2026-06-02 08:00:00,0.6324,0.6328,0.6249,0.6254,5213370.75
2026-06-02 12:00:00,0.6254,0.6298,0.615,0.6181,10212539.14
2026-06-02 16:00:00,0.6181,0.6245,0.6117,0.6163,5731805.31
2026-06-02 20:00:00,0.6163,0.6184,0.6044,0.6066,4445903.45
2026-06-03 00:00:00,0.6066,0.6082,0.595,0.5966,4043575.61
2026-06-03 04:00:00,0.5966,0.6148,0.5965,0.6122,4404417.95
2026-06-03 08:00:00,0.6122,0.6147,0.6088,0.6122,3316506.65
2026-06-03 12:00:00,0.6122,0.6148,0.6069,0.6071,3616425.17
2026-06-03 16:00:00,0.6071,0.6083,0.5967,0.599,4177175.93
2026-06-03 20:00:00,0.599,0.6025,0.5922,0.5965,3865989.69
2026-06-04 00:00:00,0.5965,0.603,0.5759,0.5911,12142650.19
2026-06-04 04:00:00,0.5911,0.5924,0.5811,0.5822,4196399.76
2026-06-04 08:00:00,0.5822,0.588,0.5477,0.5523,14164599.37
2026-06-04 12:00:00,0.5523,0.5646,0.5492,0.563,5990570.17
2026-06-04 16:00:00,0.563,0.5644,0.5507,0.5554,4744684.5
2026-06-04 20:00:00,0.5554,0.558,0.5497,0.5565,4069325.27
2026-06-05 00:00:00,0.5565,0.5573,0.5424,0.544,4817108.57
2026-06-05 04:00:00,0.544,0.5477,0.5232,0.5353,9078342.92
2026-06-05 08:00:00,0.5353,0.5366,0.5283,0.5314,4291909.38
2026-06-05 12:00:00,0.5314,0.5353,0.5242,0.5256,8078021.42
2026-06-05 16:00:00,0.5256,0.5256,0.51,0.5146,10012249.61
2026-06-05 20:00:00,0.5146,0.5223,0.512,0.5189,4613886.85
2026-06-06 00:00:00,0.5189,0.525,0.518,0.5207,3247059.36
2026-06-06 04:00:00,0.5207,0.5217,0.5061,0.5136,7041144.22
2026-06-06 08:00:00,0.5136,0.5186,0.5118,0.5154,3757869.45
2026-06-06 12:00:00,0.5154,0.5195,0.5137,0.5188,3514737.59
2026-06-06 16:00:00,0.5188,0.5206,0.5137,0.5138,2951617.68
2026-06-06 20:00:00,0.5138,0.516,0.5069,0.5147,2877761.7
2026-06-07 00:00:00,0.5147,0.5234,0.5138,0.5215,3523134.03
2026-06-07 04:00:00,0.5215,0.5298,0.5195,0.5295,2455441.5
2026-06-07 08:00:00,0.5295,0.5431,0.5272,0.5364,5269995.57
2026-06-07 12:00:00,0.5364,0.5389,0.5298,0.535,3926128.44
2026-06-07 16:00:00,0.535,0.5413,0.529,0.5329,4793990.72
2026-06-07 20:00:00,0.5329,0.5447,0.5317,0.5437,4540052.67
2026-06-08 00:00:00,0.5437,0.5508,0.5421,0.55,2920815.44
2026-06-08 04:00:00,0.55,0.5501,0.5427,0.5475,3234504.45
2026-06-08 08:00:00,0.5475,0.554,0.5411,0.5508,3731064.5
2026-06-08 12:00:00,0.5508,0.553,0.5469,0.55,4027557.77
2026-06-08 16:00:00,0.55,0.5544,0.5486,0.5515,13427833.65
2026-06-08 20:00:00,0.5515,0.5541,0.546,0.5477,9883520.38
2026-06-09 00:00:00,0.5477,0.5483,0.538,0.5396,4339235.36
2026-06-09 04:00:00,0.5396,0.5467,0.5386,0.5398,2975630.4
2026-06-09 08:00:00,0.5398,0.5427,0.5389,0.5424,2472937.04
2026-06-09 12:00:00,0.5424,0.5437,0.5274,0.5294,5676101.08
2026-06-09 16:00:00,0.5294,0.5345,0.5254,0.5317,3946387.39
2026-06-09 20:00:00,0.5317,0.5353,0.5313,0.5345,921547.26
